===== HHI_ORG_README =====
/data/data/com.termux/files/home/.config/HHI_ORG_README/.copilot-instructions.md:3:This repository is a canonical standards and terminology registry for Behavioral AI Governance and Execution-Time Governance systems.
/data/data/com.termux/files/home/.config/HHI_ORG_README/.copilot-instructions.md:16:Human authority remains the final decision boundary.
/data/data/com.termux/files/home/.config/HHI_ORG_README/.copilot-instructions.md:42:Execution-Time Governance
/data/data/com.termux/files/home/.config/HHI_ORG_README/README.md:8:Decision Boundary:
/data/data/com.termux/files/home/.config/HHI_ORG_README/README.md:11:Stop Authority:
/data/data/com.termux/files/home/.config/HHI_ORG_README/profile/ECOSYSTEM_OVERVIEW.md:8:2. Execution-Time Governance
/data/data/com.termux/files/home/.config/HHI_ORG_README/profile/ECOSYSTEM_OVERVIEW.md:22:## 2. Execution-Time Governance
/data/data/com.termux/files/home/.config/HHI_ORG_README/profile/README.md:3:Behavioral AI Governance Infrastructure focused on execution-time governance, runtime accountability, behavioral drift observability, and replay-capable governance evidence for AI systems operating across time.
/data/data/com.termux/files/home/.config/HHI_ORG_README/profile/README.md:20:| Runtime Governance | [HHI_GOV_01](https://github.com/Hollow-house-institute/HHI_GOV_01) | Execution-time governance runtime infrastructure |
/data/data/com.termux/files/home/.config/HHI_ORG_README/profile/README.md:33:    Governance Telemetry
/data/data/com.termux/files/home/.config/HHI_ORG_README/profile/README.md:37:    Continuous Assurance
/data/data/com.termux/files/home/.config/HHI_ORG_README/profile/README.md:45:- Behavioral drift detection
/data/data/com.termux/files/home/.config/HHI_ORG_README/profile/README.md:46:- Decision Boundary enforcement
/data/data/com.termux/files/home/.config/HHI_ORG_README/profile/README.md:47:- Stop Authority orchestration
/data/data/com.termux/files/home/.config/HHI_ORG_README/profile/README.md:48:- Governance telemetry
/data/data/com.termux/files/home/.config/HHI_ORG_README/profile/README.md:50:- Continuous assurance
/data/data/com.termux/files/home/.config/HHI_ORG_README/profile/README.md:52:- Longitudinal accountability
/data/data/com.termux/files/home/.config/HHI_ORG_README/profile/README.md:58:## Execution-Time Governance
/data/data/com.termux/files/home/.config/HHI_ORG_README/profile/README.md:76:| Stop Authority | Human intervention during execution |
/data/data/com.termux/files/home/.config/HHI_ORG_README/profile/README.md:77:| Governance Telemetry | Replay-capable evidence |
/data/data/com.termux/files/home/.config/HHI_ORG_README/profile/README.md:79:| Continuous Assurance | Longitudinal governance verification |
/data/data/com.termux/files/home/.config/HHI_ORG_README/profile/README.md:133:- Continuous assurance automation

===== Ai_Human_Relations_Datasets =====
/data/data/com.termux/files/home/HHI/Ai_Human_Relations_Datasets/AUTHORITY.md:22:Execution-Time Governance
/data/data/com.termux/files/home/HHI/Ai_Human_Relations_Datasets/DATASET_CARD.md:8:- governance telemetry linkage
/data/data/com.termux/files/home/HHI/Ai_Human_Relations_Datasets/DATASET_CARD.md:12:- longitudinal accountability structures
/data/data/com.termux/files/home/HHI/Ai_Human_Relations_Datasets/DATASET_CARD.md:15:- behavioral drift analysis
/data/data/com.termux/files/home/HHI/Ai_Human_Relations_Datasets/DATASET_CARD.md:23:Authority is enforced through explicit Decision Boundaries, escalation thresholds, intervention tracking, and Stop Authority conditions.
/data/data/com.termux/files/home/HHI/Ai_Human_Relations_Datasets/README.md:80:Authority is enforced through explicit Decision Boundaries, escalation thresholds, and Stop Authority conditions.
/data/data/com.termux/files/home/HHI/Ai_Human_Relations_Datasets/docs/AI_LAB_POSITIONING.md:10:- governance telemetry persistence
/data/data/com.termux/files/home/HHI/Ai_Human_Relations_Datasets/docs/AI_LAB_POSITIONING.md:14:- longitudinal accountability
/data/data/com.termux/files/home/HHI/Ai_Human_Relations_Datasets/docs/AI_LAB_POSITIONING.md:15:- behavioral drift observability
/data/data/com.termux/files/home/HHI/Ai_Human_Relations_Datasets/docs/AI_LAB_POSITIONING.md:25:- replay continuity
/data/data/com.termux/files/home/HHI/Ai_Human_Relations_Datasets/standards/ANNOTATION_GUIDE.md:22:## Behavioral Drift Levels
/data/data/com.termux/files/home/HHI/Ai_Human_Relations_Datasets/research/RESEARCH_APPLICATIONS.md:6:## Governance Telemetry Research
/data/data/com.termux/files/home/HHI/Ai_Human_Relations_Datasets/research/RESEARCH_APPLICATIONS.md:7:Analyze Decision Boundary persistence, escalation timing, intervention effectiveness, and Stop Authority activation patterns.
/data/data/com.termux/files/home/HHI/Ai_Human_Relations_Datasets/research/RESEARCH_APPLICATIONS.md:9:## Behavioral Drift Detection
/data/data/com.termux/files/home/HHI/Ai_Human_Relations_Datasets/research/RESEARCH_APPLICATIONS.md:20:## Replay Continuity Research
/data/data/com.termux/files/home/HHI/Ai_Human_Relations_Datasets/research/diagrams/RUNTIME_GOVERNANCE_FLOW.md:17:→ Governance Telemetry Capture
/data/data/com.termux/files/home/HHI/Ai_Human_Relations_Datasets/research/diagrams/RUNTIME_GOVERNANCE_FLOW.md:21:→ Stop Authority Validation
/data/data/com.termux/files/home/HHI/Ai_Human_Relations_Datasets/research/diagrams/RUNTIME_GOVERNANCE_FLOW.md:22:→ Continuous Assurance Attestation
/data/data/com.termux/files/home/HHI/Ai_Human_Relations_Datasets/research/diagrams/RUNTIME_GOVERNANCE_FLOW.md:30:→ Replay Continuity Validation
/data/data/com.termux/files/home/HHI/Ai_Human_Relations_Datasets/research/diagrams/RUNTIME_GOVERNANCE_FLOW.md:31:→ Stop Authority Validation
/data/data/com.termux/files/home/HHI/Ai_Human_Relations_Datasets/research/scenarios/OPERATIONAL_SCENARIO.md:21:Without execution-time governance infrastructure:
/data/data/com.termux/files/home/HHI/Ai_Human_Relations_Datasets/research/scenarios/OPERATIONAL_SCENARIO.md:23:- replay continuity may break
/data/data/com.termux/files/home/HHI/Ai_Human_Relations_Datasets/research/scenarios/OPERATIONAL_SCENARIO.md:34:- Stop Authority availability
/data/data/com.termux/files/home/HHI/Ai_Human_Relations_Datasets/research/scenarios/OPERATIONAL_SCENARIO.md:41:- timestamped governance telemetry
/data/data/com.termux/files/home/HHI/Ai_Human_Relations_Datasets/research/scenarios/OPERATIONAL_SCENARIO.md:43:- replay continuity validation records
/data/data/com.termux/files/home/HHI/Ai_Human_Relations_Datasets/research/scenarios/OPERATIONAL_SCENARIO.md:47:The recovery sequence itself becomes governance telemetry.
/data/data/com.termux/files/home/HHI/Ai_Human_Relations_Datasets/research/scenarios/OPERATIONAL_SCENARIO.md:54:- Stop Authority verification
/data/data/com.termux/files/home/HHI/Ai_Human_Relations_Datasets/privacy/PRIVACY_MODEL.md:16:- governance telemetry
/data/data/com.termux/files/home/HHI/Ai_Human_Relations_Datasets/privacy/PRIVACY_MODEL.md:27:Replay continuity should preserve governance evidence without requiring unnecessary identity exposure.
/data/data/com.termux/files/home/HHI/Ai_Human_Relations_Datasets/REPLAY_MODEL.md:1:# Replay Continuity Model
/data/data/com.termux/files/home/HHI/Ai_Human_Relations_Datasets/REPLAY_MODEL.md:23:Replay continuity enables:
/data/data/com.termux/files/home/HHI/Ai_Human_Relations_Datasets/REPLAY_MODEL.md:24:- longitudinal accountability
/data/data/com.termux/files/home/HHI/Ai_Human_Relations_Datasets/REPLAY_MODEL.md:26:- behavioral drift analysis
/data/data/com.termux/files/home/HHI/Ai_Human_Relations_Datasets/GOVERNANCE_INTEROPERABILITY.md:5:| Replay continuity | Audit traceability |
/data/data/com.termux/files/home/HHI/Ai_Human_Relations_Datasets/GOVERNANCE_INTEROPERABILITY.md:7:| Governance telemetry | Runtime monitoring |
/data/data/com.termux/files/home/HHI/Ai_Human_Relations_Datasets/GOVERNANCE_INTEROPERABILITY.md:8:| Decision Boundary enforcement | Human oversight |
/data/data/com.termux/files/home/HHI/Ai_Human_Relations_Datasets/GOVERNANCE_INTEROPERABILITY.md:9:| Stop Authority | Intervention authority |
/data/data/com.termux/files/home/HHI/Ai_Human_Relations_Datasets/GOVERNANCE_INTEROPERABILITY.md:10:| Behavioral drift detection | Continuous assurance |
/data/data/com.termux/files/home/HHI/Ai_Human_Relations_Datasets/GOVERNANCE_INTEROPERABILITY.md:11:| Longitudinal accountability | Lifecycle governance |
/data/data/com.termux/files/home/HHI/Ai_Human_Relations_Datasets/GOVERNANCE_INTEROPERABILITY.md:20:HHI provides execution-time behavioral governance infrastructure focused on replay continuity, governance telemetry persistence, and longitudinal accountability.
/data/data/com.termux/files/home/HHI/Ai_Human_Relations_Datasets/telemetry/GOVERNANCE_EVENT_BUS.md:31:Provide continuous governance telemetry persistence across human-AI interaction environments.
/data/data/com.termux/files/home/HHI/Ai_Human_Relations_Datasets/governance_evidence/PROVENANCE_STATUS_SUMMARY.md:5:- Governance telemetry structures present
/data/data/com.termux/files/home/HHI/Ai_Human_Relations_Datasets/governance_evidence/PROVENANCE_STATUS_SUMMARY.md:22:- Replay continuity
/data/data/com.termux/files/home/HHI/Ai_Human_Relations_Datasets/governance_evidence/PROVENANCE_STATUS_SUMMARY.md:26:- Governance telemetry continuity

===== Governance_Infrastructure_Layer =====
/data/data/com.termux/files/home/HHI/Governance_Infrastructure_Layer/architecture/HHI_ECOSYSTEM_ARCHITECTURE.md:5:- Execution-Time Governance
/data/data/com.termux/files/home/HHI/Governance_Infrastructure_Layer/architecture/HHI_ECOSYSTEM_ARCHITECTURE.md:6:- Governance Telemetry
/data/data/com.termux/files/home/HHI/Governance_Infrastructure_Layer/architecture/HHI_ECOSYSTEM_ARCHITECTURE.md:7:- Behavioral Drift
/data/data/com.termux/files/home/HHI/Governance_Infrastructure_Layer/architecture/REPO_ROLE_MATRIX.md:6:| HHI_GOV_01 | Runtime Governance | Execution-time governance framework | Governance disappearing during runtime execution |
/data/data/com.termux/files/home/HHI/Governance_Infrastructure_Layer/architecture/REPO_ROLE_MATRIX.md:12:| HHI_Behavioral_Drift_Monitor | Drift Monitoring | Behavioral drift telemetry monitoring | Longitudinal behavioral drift invisibility |
/data/data/com.termux/files/home/HHI/Governance_Infrastructure_Layer/architecture/ECOSYSTEM_SYSTEM_MAP.md:17:Execution-Time Governance
/data/data/com.termux/files/home/HHI/Governance_Infrastructure_Layer/architecture/ECOSYSTEM_SYSTEM_MAP.md:72:Operational governance telemetry, runtime monitoring, replay continuity, and governance observability.
/data/data/com.termux/files/home/HHI/Governance_Infrastructure_Layer/architecture/ECOSYSTEM_SYSTEM_MAP.md:86:Replay-capable governance evidence, behavioral drift analysis, recursive interaction analysis, and governance audits.
/data/data/com.termux/files/home/HHI/Governance_Infrastructure_Layer/architecture/WEBSITE_ONBOARDING_STRATEGY.md:24:- Execution-Time Governance
/data/data/com.termux/files/home/HHI/Governance_Infrastructure_Layer/architecture/WEBSITE_ONBOARDING_STRATEGY.md:26:- governance telemetry
/data/data/com.termux/files/home/HHI/Governance_Infrastructure_Layer/architecture/WEBSITE_ONBOARDING_STRATEGY.md:27:- behavioral drift
/data/data/com.termux/files/home/HHI/Governance_Infrastructure_Layer/.github/workflows/governance-enforce.yml:15:          grep -q "Decision Boundary" README.md
/data/data/com.termux/files/home/HHI/Governance_Infrastructure_Layer/.github/workflows/governance-enforce.yml:16:          grep -q "Execution-Time Governance" README.md
/data/data/com.termux/files/home/HHI/Governance_Infrastructure_Layer/.github/workflows/governance-enforce.yml:17:          grep -q "Governance Telemetry" README.md
/data/data/com.termux/files/home/HHI/Governance_Infrastructure_Layer/AUTHORITY.md:22:Execution-Time Governance
/data/data/com.termux/files/home/HHI/Governance_Infrastructure_Layer/GOVERNANCE.md:35:- Continuous Assurance Daemon  
/data/data/com.termux/files/home/HHI/Governance_Infrastructure_Layer/GOVERNANCE.md:46:Auto‑generated governance telemetry dashboard.
/data/data/com.termux/files/home/HHI/Governance_Infrastructure_Layer/README.md:5:Execution-time governance layer with telemetry, audit controls, maturity model, and enterprise-ready governance architecture. Prevents Behavioral Drift, Governance Drift, Decision Substitution, and Escalation Decay through Continuous Assurance and Longitudinal Accountability.
/data/data/com.termux/files/home/HHI/Governance_Infrastructure_Layer/README.md:16:- Behavioral Drift is measured from runtime signals
/data/data/com.termux/files/home/HHI/Governance_Infrastructure_Layer/README.md:19:- Decision Boundary determines whether execution continues
/data/data/com.termux/files/home/HHI/Governance_Infrastructure_Layer/README.md:25:- If severity is critical, Stop Authority halts execution
/data/data/com.termux/files/home/HHI/Governance_Infrastructure_Layer/README.md:35:This is not monitoring. This is control. This is Execution-Time Governance. This is Governance as Infrastructure.
/data/data/com.termux/files/home/HHI/Governance_Infrastructure_Layer/README.md:80:Authority is enforced through explicit Decision Boundaries, escalation thresholds, and Stop Authority conditions.
/data/data/com.termux/files/home/HHI/Governance_Infrastructure_Layer/README.md:91:- Decision Boundary enforcement active
/data/data/com.termux/files/home/HHI/Governance_Infrastructure_Layer/README.md:92:- Execution-Time Governance runtime enabled
/data/data/com.termux/files/home/HHI/Governance_Infrastructure_Layer/README.md:93:- Governance Telemetry continuity preserved
/data/data/com.termux/files/home/HHI/Governance_Infrastructure_Layer/SYSTEM_MAP.md:15:- Execution-Time Governance
/data/data/com.termux/files/home/HHI/Governance_Infrastructure_Layer/SYSTEM_MAP.md:16:- Continuous Assurance
/data/data/com.termux/files/home/HHI/Governance_Infrastructure_Layer/SYSTEM_MAP.md:17:- Decision Boundary
/data/data/com.termux/files/home/HHI/Governance_Infrastructure_Layer/SYSTEM_MAP.md:18:- Stop Authority
/data/data/com.termux/files/home/HHI/Governance_Infrastructure_Layer/SYSTEM_MAP.md:21:- Governance Telemetry
/data/data/com.termux/files/home/HHI/Governance_Infrastructure_Layer/SYSTEM_MAP.md:22:- Longitudinal Accountability
/data/data/com.termux/files/home/HHI/Governance_Infrastructure_Layer/SYSTEM_MAP.md:27:→ Detection (Behavioral Drift)
/data/data/com.termux/files/home/HHI/Governance_Infrastructure_Layer/SYSTEM_MAP.md:28:→ Decision Boundary
/data/data/com.termux/files/home/HHI/Governance_Infrastructure_Layer/SYSTEM_MAP.md:30:→ Stop Authority
/data/data/com.termux/files/home/HHI/Governance_Infrastructure_Layer/SYSTEM_MAP.md:32:→ Governance Telemetry
/data/data/com.termux/files/home/HHI/Governance_Infrastructure_Layer/SYSTEM_MAP.md:34:→ Longitudinal Accountability
/data/data/com.termux/files/home/HHI/Governance_Infrastructure_Layer/audit_controls.md:5:Ensure Execution-Time Governance through enforced control, not advisory output.
/data/data/com.termux/files/home/HHI/Governance_Infrastructure_Layer/audit_controls.md:9:### Behavioral Drift Detection
/data/data/com.termux/files/home/HHI/Governance_Infrastructure_Layer/audit_controls.md:14:### Decision Boundary Enforcement
/data/data/com.termux/files/home/HHI/Governance_Infrastructure_Layer/audit_controls.md:15:Decision Boundary must be explicitly defined.
/data/data/com.termux/files/home/HHI/Governance_Infrastructure_Layer/audit_controls.md:17:All execution must pass through Decision Boundary evaluation.
/data/data/com.termux/files/home/HHI/Governance_Infrastructure_Layer/audit_controls.md:28:- be recorded in Governance Telemetry
/data/data/com.termux/files/home/HHI/Governance_Infrastructure_Layer/audit_controls.md:30:### Stop Authority
/data/data/com.termux/files/home/HHI/Governance_Infrastructure_Layer/audit_controls.md:31:Stop Authority must:
/data/data/com.termux/files/home/HHI/Governance_Infrastructure_Layer/audit_controls.md:57:### Governance Telemetry
/data/data/com.termux/files/home/HHI/Governance_Infrastructure_Layer/audit_controls.md:62:- stop authority state
/data/data/com.termux/files/home/HHI/Governance_Infrastructure_Layer/audit_controls.md:65:### Longitudinal Accountability
/data/data/com.termux/files/home/HHI/Governance_Infrastructure_Layer/audit_controls.md:73:- Stop Authority missing at critical level
/data/data/com.termux/files/home/HHI/Governance_Infrastructure_Layer/audit_controls.md:74:- Decision Boundary bypassed

===== HHI_Behavioral_Drift_Monitor =====
/data/data/com.termux/files/home/HHI/HHI_Behavioral_Drift_Monitor/artifacts/traces/interaction_trace.jsonl:9:  "drift_type":"Behavioral Drift",
/data/data/com.termux/files/home/HHI/HHI_Behavioral_Drift_Monitor/artifacts/traces/interaction_trace.jsonl:39:  "drift_type":"Behavioral Drift",
/data/data/com.termux/files/home/HHI/HHI_Behavioral_Drift_Monitor/artifacts/traces/interaction_trace.jsonl:54:  "drift_type":"Behavioral Drift",
/data/data/com.termux/files/home/HHI/HHI_Behavioral_Drift_Monitor/artifacts/traces/interaction_trace.jsonl:69:  "drift_type":"Behavioral Drift",
/data/data/com.termux/files/home/HHI/HHI_Behavioral_Drift_Monitor/artifacts/traces/interaction_trace.jsonl:84:  "drift_type":"Behavioral Drift",
/data/data/com.termux/files/home/HHI/HHI_Behavioral_Drift_Monitor/artifacts/traces/interaction_trace.jsonl:99:  "drift_type":"Behavioral Drift",
/data/data/com.termux/files/home/HHI/HHI_Behavioral_Drift_Monitor/artifacts/traces/interaction_trace.jsonl:114:  "drift_type":"Behavioral Drift",
/data/data/com.termux/files/home/HHI/HHI_Behavioral_Drift_Monitor/artifacts/traces/interaction_trace.jsonl:129:  "drift_type":"Behavioral Drift",
/data/data/com.termux/files/home/HHI/HHI_Behavioral_Drift_Monitor/artifacts/traces/interaction_trace.jsonl:144:  "drift_type":"Behavioral Drift",
/data/data/com.termux/files/home/HHI/HHI_Behavioral_Drift_Monitor/artifacts/traces/interaction_trace.jsonl:159:  "drift_type":"Behavioral Drift",
/data/data/com.termux/files/home/HHI/HHI_Behavioral_Drift_Monitor/artifacts/traces/interaction_trace.jsonl:174:  "drift_type":"Behavioral Drift",
/data/data/com.termux/files/home/HHI/HHI_Behavioral_Drift_Monitor/artifacts/traces/interaction_trace.jsonl:189:  "drift_type":"Behavioral Drift",
/data/data/com.termux/files/home/HHI/HHI_Behavioral_Drift_Monitor/artifacts/traces/interaction_trace.jsonl:204:  "drift_type":"Behavioral Drift",
/data/data/com.termux/files/home/HHI/HHI_Behavioral_Drift_Monitor/artifacts/traces/interaction_trace.jsonl:219:  "drift_type":"Behavioral Drift",
/data/data/com.termux/files/home/HHI/HHI_Behavioral_Drift_Monitor/artifacts/traces/interaction_trace.jsonl:234:  "drift_type":"Behavioral Drift",
/data/data/com.termux/files/home/HHI/HHI_Behavioral_Drift_Monitor/artifacts/traces/interaction_trace.jsonl:249:  "drift_type":"Behavioral Drift",
/data/data/com.termux/files/home/HHI/HHI_Behavioral_Drift_Monitor/artifacts/traces/interaction_trace.jsonl:264:  "drift_type":"Behavioral Drift",
/data/data/com.termux/files/home/HHI/HHI_Behavioral_Drift_Monitor/artifacts/traces/interaction_trace.jsonl:279:  "drift_type":"Behavioral Drift",
/data/data/com.termux/files/home/HHI/HHI_Behavioral_Drift_Monitor/artifacts/traces/interaction_trace.jsonl:294:  "drift_type":"Behavioral Drift",
/data/data/com.termux/files/home/HHI/HHI_Behavioral_Drift_Monitor/artifacts/traces/interaction_trace.jsonl:309:  "drift_type":"Behavioral Drift",
/data/data/com.termux/files/home/HHI/HHI_Behavioral_Drift_Monitor/artifacts/traces/interaction_trace.jsonl:324:  "drift_type":"Behavioral Drift",
/data/data/com.termux/files/home/HHI/HHI_Behavioral_Drift_Monitor/artifacts/traces/interaction_trace.jsonl:339:  "drift_type":"Behavioral Drift",
/data/data/com.termux/files/home/HHI/HHI_Behavioral_Drift_Monitor/artifacts/traces/interaction_trace.jsonl:354:  "drift_type":"Behavioral Drift",
/data/data/com.termux/files/home/HHI/HHI_Behavioral_Drift_Monitor/artifacts/traces/interaction_trace.jsonl:369:  "drift_type":"Behavioral Drift",
/data/data/com.termux/files/home/HHI/HHI_Behavioral_Drift_Monitor/artifacts/traces/interaction_trace.jsonl:384:  "drift_type":"Behavioral Drift",
/data/data/com.termux/files/home/HHI/HHI_Behavioral_Drift_Monitor/artifacts/traces/interaction_trace.jsonl:399:  "drift_type":"Behavioral Drift",
/data/data/com.termux/files/home/HHI/HHI_Behavioral_Drift_Monitor/artifacts/traces/interaction_trace.jsonl:414:  "drift_type":"Behavioral Drift",
/data/data/com.termux/files/home/HHI/HHI_Behavioral_Drift_Monitor/artifacts/traces/interaction_trace.jsonl:429:  "drift_type":"Behavioral Drift",
/data/data/com.termux/files/home/HHI/HHI_Behavioral_Drift_Monitor/artifacts/traces/interaction_trace.jsonl:444:  "drift_type":"Behavioral Drift",
/data/data/com.termux/files/home/HHI/HHI_Behavioral_Drift_Monitor/artifacts/traces/interaction_trace.jsonl:459:  "drift_type":"Behavioral Drift",
/data/data/com.termux/files/home/HHI/HHI_Behavioral_Drift_Monitor/artifacts/traces/interaction_trace.jsonl:474:  "drift_type":"Behavioral Drift",
/data/data/com.termux/files/home/HHI/HHI_Behavioral_Drift_Monitor/artifacts/traces/interaction_trace.jsonl:489:  "drift_type":"Behavioral Drift",
/data/data/com.termux/files/home/HHI/HHI_Behavioral_Drift_Monitor/artifacts/traces/interaction_trace.jsonl:504:  "drift_type":"Behavioral Drift",
/data/data/com.termux/files/home/HHI/HHI_Behavioral_Drift_Monitor/artifacts/traces/interaction_trace.jsonl:519:  "drift_type":"Behavioral Drift",
/data/data/com.termux/files/home/HHI/HHI_Behavioral_Drift_Monitor/artifacts/traces/interaction_trace.jsonl:534:  "drift_type":"Behavioral Drift",
/data/data/com.termux/files/home/HHI/HHI_Behavioral_Drift_Monitor/artifacts/traces/interaction_trace.jsonl:549:  "drift_type":"Behavioral Drift",
/data/data/com.termux/files/home/HHI/HHI_Behavioral_Drift_Monitor/artifacts/traces/interaction_trace.jsonl:564:  "drift_type":"Behavioral Drift",
/data/data/com.termux/files/home/HHI/HHI_Behavioral_Drift_Monitor/artifacts/traces/interaction_trace.jsonl:579:  "drift_type":"Behavioral Drift",
/data/data/com.termux/files/home/HHI/HHI_Behavioral_Drift_Monitor/artifacts/traces/interaction_trace.jsonl:594:  "drift_type":"Behavioral Drift",
/data/data/com.termux/files/home/HHI/HHI_Behavioral_Drift_Monitor/artifacts/traces/interaction_trace.jsonl:609:  "drift_type":"Behavioral Drift",
/data/data/com.termux/files/home/HHI/HHI_Behavioral_Drift_Monitor/artifacts/traces/interaction_trace.jsonl:624:  "drift_type":"Behavioral Drift",
/data/data/com.termux/files/home/HHI/HHI_Behavioral_Drift_Monitor/artifacts/traces/interaction_trace.jsonl:639:  "drift_type":"Behavioral Drift",
/data/data/com.termux/files/home/HHI/HHI_Behavioral_Drift_Monitor/artifacts/traces/interaction_trace.jsonl:654:  "drift_type":"Behavioral Drift",
/data/data/com.termux/files/home/HHI/HHI_Behavioral_Drift_Monitor/artifacts/traces/interaction_trace.jsonl:669:  "drift_type":"Behavioral Drift",
/data/data/com.termux/files/home/HHI/HHI_Behavioral_Drift_Monitor/artifacts/traces/interaction_trace.jsonl:684:  "drift_type":"Behavioral Drift",
/data/data/com.termux/files/home/HHI/HHI_Behavioral_Drift_Monitor/artifacts/traces/interaction_trace.jsonl:699:  "drift_type":"Behavioral Drift",
/data/data/com.termux/files/home/HHI/HHI_Behavioral_Drift_Monitor/artifacts/traces/interaction_trace.jsonl:714:  "drift_type":"Behavioral Drift",
/data/data/com.termux/files/home/HHI/HHI_Behavioral_Drift_Monitor/artifacts/traces/interaction_trace.jsonl:729:  "drift_type":"Behavioral Drift",
/data/data/com.termux/files/home/HHI/HHI_Behavioral_Drift_Monitor/artifacts/traces/interaction_trace.jsonl:744:  "drift_type":"Behavioral Drift",
/data/data/com.termux/files/home/HHI/HHI_Behavioral_Drift_Monitor/artifacts/traces/interaction_trace.jsonl:759:  "drift_type":"Behavioral Drift",

===== HHI_Behavioral_Governance_Audit =====
/data/data/com.termux/files/home/HHI/HHI_Behavioral_Governance_Audit/standards/FAILURE_CONTROL_MAPPING.csv:2:Governance Drift|Runtime Governance|Governance Telemetry|Telemetry Log
/data/data/com.termux/files/home/HHI/HHI_Behavioral_Governance_Audit/standards/FAILURE_CONTROL_MAPPING.csv:3:Decision Substitution|Decision Boundary Enforcement|Interaction Trace|Audit Artifact
/data/data/com.termux/files/home/HHI/HHI_Behavioral_Governance_Audit/standards/FAILURE_CONTROL_MAPPING.csv:4:Escalation Suppression|Stop Authority|Escalation Log|Incident Trace
/data/data/com.termux/files/home/HHI/HHI_Behavioral_Governance_Audit/standards/FAILURE_CONTROL_MAPPING.csv:5:Accountability Diffusion|Responsibility Binding|Decision Boundary Map|Governance Record
/data/data/com.termux/files/home/HHI/HHI_Behavioral_Governance_Audit/standards/FAILURE_CONTROL_MAPPING.csv:6:Behavioral Drift|Continuous Assurance|Execution-Time Governance|Drift Evidence
/data/data/com.termux/files/home/HHI/HHI_Behavioral_Governance_Audit/README.md:6:- Governance Telemetry Log
/data/data/com.termux/files/home/HHI/HHI_Behavioral_Governance_Audit/README.md:7:- Decision Boundary Map
/data/data/com.termux/files/home/HHI/HHI_Behavioral_Governance_Audit/cases/FLAGSHIP_MULTI_AGENT_GOVERNANCE_AUDIT/interaction_traces/INTERACTION_TRACE.csv:2:1,Symptom Assessment Agent,Classifies patient as non-urgent,Decision Boundary active
/data/data/com.termux/files/home/HHI/HHI_Behavioral_Governance_Audit/cases/FLAGSHIP_MULTI_AGENT_GOVERNANCE_AUDIT/interaction_traces/INTERACTION_TRACE.csv:8:7,HHI Audit,Reconstructs interaction trace,Governance Telemetry evidence produced
/data/data/com.termux/files/home/HHI/HHI_Behavioral_Governance_Audit/cases/FLAGSHIP_MULTI_AGENT_GOVERNANCE_AUDIT/decision_boundaries/DECISION_BOUNDARY_MAP.csv:1:Actor,Decision Boundary,Authority,Escalation Trigger,Stop Authority
/data/data/com.termux/files/home/HHI/HHI_Behavioral_Governance_Audit/cases/FLAGSHIP_MULTI_AGENT_GOVERNANCE_AUDIT/decision_boundaries/DECISION_BOUNDARY_MAP.csv:6:Human Clinician,Final review,Stop Authority,Any unresolved risk signal,Human Clinician
/data/data/com.termux/files/home/HHI/HHI_Behavioral_Governance_Audit/cases/FLAGSHIP_MULTI_AGENT_GOVERNANCE_AUDIT/executive_summary/EXECUTIVE_GOVERNANCE_SUMMARY.md:14:The simulation demonstrates how distributed AI coordination can degrade Decision Boundary integrity during execution despite existing policy controls.
/data/data/com.termux/files/home/HHI/HHI_Behavioral_Governance_Audit/cases/FLAGSHIP_MULTI_AGENT_GOVERNANCE_AUDIT/executive_summary/EXECUTIVE_GOVERNANCE_SUMMARY.md:47:- Governance Telemetry
/data/data/com.termux/files/home/HHI/HHI_Behavioral_Governance_Audit/cases/FLAGSHIP_MULTI_AGENT_GOVERNANCE_AUDIT/executive_summary/EXECUTIVE_GOVERNANCE_SUMMARY.md:49:- Decision Boundary mapping
/data/data/com.termux/files/home/HHI/HHI_Behavioral_Governance_Audit/cases/FLAGSHIP_MULTI_AGENT_GOVERNANCE_AUDIT/executive_summary/EXECUTIVE_GOVERNANCE_SUMMARY.md:50:- Stop Authority visibility
/data/data/com.termux/files/home/HHI/HHI_Behavioral_Governance_Audit/cases/FLAGSHIP_MULTI_AGENT_GOVERNANCE_AUDIT/executive_summary/EXECUTIVE_GOVERNANCE_SUMMARY.md:51:- Continuous Assurance controls
/data/data/com.termux/files/home/HHI/HHI_Behavioral_Governance_Audit/cases/FLAGSHIP_MULTI_AGENT_GOVERNANCE_AUDIT/executive_summary/EXECUTIVE_GOVERNANCE_SUMMARY.md:52:- Longitudinal Accountability tracking
/data/data/com.termux/files/home/HHI/HHI_Behavioral_Governance_Audit/cases/FLAGSHIP_MULTI_AGENT_GOVERNANCE_AUDIT/executive_summary/EXECUTIVE_GOVERNANCE_SUMMARY.md:90:- execution-time governance
/data/data/com.termux/files/home/HHI/HHI_Behavioral_Governance_Audit/cases/FLAGSHIP_MULTI_AGENT_GOVERNANCE_AUDIT/executive_summary/EXECUTIVE_GOVERNANCE_SUMMARY.md:92:- longitudinal governance telemetry
/data/data/com.termux/files/home/HHI/HHI_Behavioral_Governance_Audit/cases/FLAGSHIP_MULTI_AGENT_GOVERNANCE_AUDIT/executive_summary/EXECUTIVE_GOVERNANCE_SUMMARY.md:93:- behavioral drift visibility
/data/data/com.termux/files/home/HHI/HHI_Behavioral_Governance_Audit/cases/FLAGSHIP_MULTI_AGENT_GOVERNANCE_AUDIT/executive_summary/EXECUTIVE_GOVERNANCE_SUMMARY.md:94:- continuous assurance
/data/data/com.termux/files/home/HHI/HHI_Behavioral_Governance_Audit/cases/FLAGSHIP_MULTI_AGENT_GOVERNANCE_AUDIT/executive_summary/EXECUTIVE_GOVERNANCE_SUMMARY.md:108:| Risk | Continuous Assurance |
/data/data/com.termux/files/home/HHI/HHI_Behavioral_Governance_Audit/cases/FLAGSHIP_MULTI_AGENT_GOVERNANCE_AUDIT/executive_summary/EXECUTIVE_GOVERNANCE_SUMMARY.md:109:| Operations | Decision Boundary clarity |
/data/data/com.termux/files/home/HHI/HHI_Behavioral_Governance_Audit/cases/FLAGSHIP_MULTI_AGENT_GOVERNANCE_AUDIT/crosswalks/FAILURE_CONTROL_MAPPING.csv:2:Governance Drift|Execution-Time Governance|Governance Telemetry|Telemetry Log
/data/data/com.termux/files/home/HHI/HHI_Behavioral_Governance_Audit/cases/FLAGSHIP_MULTI_AGENT_GOVERNANCE_AUDIT/crosswalks/FAILURE_CONTROL_MAPPING.csv:3:Decision Substitution|Decision Boundary Enforcement|Interaction Trace|Audit Artifact
/data/data/com.termux/files/home/HHI/HHI_Behavioral_Governance_Audit/cases/FLAGSHIP_MULTI_AGENT_GOVERNANCE_AUDIT/crosswalks/FAILURE_CONTROL_MAPPING.csv:4:Escalation Suppression|Stop Authority|Escalation Log|Incident Trace
/data/data/com.termux/files/home/HHI/HHI_Behavioral_Governance_Audit/cases/FLAGSHIP_MULTI_AGENT_GOVERNANCE_AUDIT/crosswalks/FAILURE_CONTROL_MAPPING.csv:5:Accountability Diffusion|Responsibility Binding|Decision Boundary Map|Governance Record
/data/data/com.termux/files/home/HHI/HHI_Behavioral_Governance_Audit/cases/FLAGSHIP_MULTI_AGENT_GOVERNANCE_AUDIT/crosswalks/FAILURE_CONTROL_MAPPING.csv:6:Authority Drift|Human-in-the-Loop Persistence|Continuous Assurance|Longitudinal Evidence
/data/data/com.termux/files/home/HHI/HHI_Behavioral_Governance_Audit/cases/FLAGSHIP_MULTI_AGENT_GOVERNANCE_AUDIT/README.md:4:Multi-agent orchestration governance assessment evaluating Decision Boundary integrity, Escalation behavior, Authority Persistence, Behavioral Drift, and Longitudinal Accountability across distributed AI coordination environments.
/data/data/com.termux/files/home/HHI/HHI_Behavioral_Governance_Audit/cases/FLAGSHIP_MULTI_AGENT_GOVERNANCE_AUDIT/README.md:7:- Execution-Time Governance
/data/data/com.termux/files/home/HHI/HHI_Behavioral_Governance_Audit/cases/FLAGSHIP_MULTI_AGENT_GOVERNANCE_AUDIT/README.md:8:- Governance Telemetry
/data/data/com.termux/files/home/HHI/HHI_Behavioral_Governance_Audit/cases/FLAGSHIP_MULTI_AGENT_GOVERNANCE_AUDIT/README.md:10:- Stop Authority viability
/data/data/com.termux/files/home/HHI/HHI_Behavioral_Governance_Audit/cases/FLAGSHIP_MULTI_AGENT_GOVERNANCE_AUDIT/README.md:13:- Continuous Assurance
/data/data/com.termux/files/home/HHI/HHI_Behavioral_Governance_Audit/cases/FLAGSHIP_MULTI_AGENT_GOVERNANCE_AUDIT/simulation/scenario/HEALTHCARE_COORDINATION_SIMULATION.md:8:Demonstrate how Behavioral Drift, Governance Drift, Decision Substitution, Escalation Suppression, Accountability Diffusion, and Authority Drift become visible through Execution-Time Governance, Governance Telemetry, Interaction Trace continuity, Decision Boundary enforcement, Stop Authority, and Continuous Assurance.
/data/data/com.termux/files/home/HHI/HHI_Behavioral_Governance_Audit/cases/FLAGSHIP_MULTI_AGENT_GOVERNANCE_AUDIT/simulation/scenario/HEALTHCARE_COORDINATION_SIMULATION.md:17:| Human Clinician | Final review | Stop Authority |
/data/data/com.termux/files/home/HHI/HHI_Behavioral_Governance_Audit/cases/FLAGSHIP_MULTI_AGENT_GOVERNANCE_AUDIT/simulation/scenario/HEALTHCARE_COORDINATION_SIMULATION.md:23:Can HHI expose where Decision Boundary failure, Escalation Suppression, Authority Drift, and Accountability Diffusion occurred during execution?
/data/data/com.termux/files/home/HHI/HHI_Behavioral_Governance_Audit/cases/FLAGSHIP_MULTI_AGENT_GOVERNANCE_AUDIT/drift_reports/GOVERNANCE_DRIFT_REPORT.md:7:The pharmacy platform generated an escalation trigger, but the signal did not persist across the scheduling workflow. The human clinician retained formal Stop Authority but did not receive full Interaction Trace context.
/data/data/com.termux/files/home/HHI/HHI_Behavioral_Governance_Audit/cases/FLAGSHIP_MULTI_AGENT_GOVERNANCE_AUDIT/drift_reports/GOVERNANCE_DRIFT_REPORT.md:10:- Governance Telemetry
/data/data/com.termux/files/home/HHI/HHI_Behavioral_Governance_Audit/cases/FLAGSHIP_MULTI_AGENT_GOVERNANCE_AUDIT/drift_reports/GOVERNANCE_DRIFT_REPORT.md:12:- Decision Boundary enforcement
/data/data/com.termux/files/home/HHI/HHI_Behavioral_Governance_Audit/cases/FLAGSHIP_MULTI_AGENT_GOVERNANCE_AUDIT/drift_reports/GOVERNANCE_DRIFT_REPORT.md:13:- Stop Authority preservation
/data/data/com.termux/files/home/HHI/HHI_Behavioral_Governance_Audit/cases/FLAGSHIP_MULTI_AGENT_GOVERNANCE_AUDIT/drift_reports/GOVERNANCE_DRIFT_REPORT.md:14:- Continuous Assurance
/data/data/com.termux/files/home/HHI/HHI_Behavioral_Governance_Audit/GOVERNANCE_AUDIT_INDEX.md:5:This repository contains execution-time governance audit artifacts demonstrating how Governance Drift, Decision Substitution, Escalation Suppression, Accountability Diffusion, and Authority Drift become visible through runtime governance instrumentation.
/data/data/com.termux/files/home/HHI/HHI_Behavioral_Governance_Audit/GOVERNANCE_AUDIT_INDEX.md:17:- Governance Telemetry
/data/data/com.termux/files/home/HHI/HHI_Behavioral_Governance_Audit/GOVERNANCE_AUDIT_INDEX.md:18:- Decision Boundary enforcement
/data/data/com.termux/files/home/HHI/HHI_Behavioral_Governance_Audit/GOVERNANCE_AUDIT_INDEX.md:20:- Stop Authority visibility
/data/data/com.termux/files/home/HHI/HHI_Behavioral_Governance_Audit/GOVERNANCE_AUDIT_INDEX.md:21:- Continuous Assurance
/data/data/com.termux/files/home/HHI/HHI_Behavioral_Governance_Audit/GOVERNANCE_AUDIT_INDEX.md:22:- Longitudinal Accountability
/data/data/com.termux/files/home/HHI/HHI_Behavioral_Governance_Audit/GOVERNANCE_AUDIT_INDEX.md:43:- Execution-Time Governance
/data/data/com.termux/files/home/HHI/HHI_Behavioral_Governance_Audit/GOVERNANCE_AUDIT_INDEX.md:44:- Governance Telemetry
/data/data/com.termux/files/home/HHI/HHI_Behavioral_Governance_Audit/GOVERNANCE_AUDIT_INDEX.md:46:- Stop Authority

===== HHI_CAISI_Governance_Framework =====
/data/data/com.termux/files/home/HHI/HHI_CAISI_Governance_Framework/README.md:3:Execution-time governance framework for CAISI-aligned frontier model readiness, national-security AI risk documentation, audit evidence, telemetry, Stop Authority, and Continuous Assurance.
/data/data/com.termux/files/home/HHI/HHI_CAISI_Governance_Framework/README.md:22:- Decision Boundary Map
/data/data/com.termux/files/home/HHI/HHI_CAISI_Governance_Framework/README.md:23:- Stop Authority Enforcement Matrix
/data/data/com.termux/files/home/HHI/HHI_CAISI_Governance_Framework/README.md:24:- Governance Telemetry Log
/data/data/com.termux/files/home/HHI/HHI_CAISI_Governance_Framework/README.md:27:- Continuous Assurance Report

===== HHI_Career_Runtime =====
/data/data/com.termux/files/home/HHI/HHI_Career_Runtime/90_DAY_GOVERNANCE_PLAN.md:54:- longitudinal accountability recommendations
/data/data/com.termux/files/home/HHI/HHI_Career_Runtime/CASE_STUDIES/CASE_STUDY_BEHAVIORAL_DRIFT.md:14:### M-01 Decision Boundary Breach Rate
/data/data/com.termux/files/home/HHI/HHI_Career_Runtime/CASE_STUDIES/CASE_STUDY_BEHAVIORAL_DRIFT.md:22:### M-02 Stop Authority Invocation Latency
/data/data/com.termux/files/home/HHI/HHI_Career_Runtime/CASE_STUDIES/CASE_STUDY_ESCALATION_FAILURE.md:3:Decision Boundary: fail
/data/data/com.termux/files/home/HHI/HHI_Career_Runtime/CASE_STUDIES/CASE_STUDY_RUNTIME_GOVERNANCE.md:1:# HHI Execution-Time Governance Audit Proof
/data/data/com.termux/files/home/HHI/HHI_Career_Runtime/CASE_STUDIES/CASE_STUDY_RUNTIME_GOVERNANCE.md:3:## Decision Boundary
/data/data/com.termux/files/home/HHI/HHI_Career_Runtime/CASE_STUDIES/CASE_STUDY_RUNTIME_GOVERNANCE.md:9:Fail → Stop Authority
/data/data/com.termux/files/home/HHI/HHI_Career_Runtime/CASE_STUDIES/CASE_STUDY_RUNTIME_GOVERNANCE.md:11:## Stop Authority
/data/data/com.termux/files/home/HHI/HHI_Career_Runtime/CASE_STUDIES/CASE_STUDY_RUNTIME_GOVERNANCE.md:16:## Governance Telemetry
/data/data/com.termux/files/home/HHI/HHI_Career_Runtime/CASE_STUDIES/CASE_STUDY_RUNTIME_GOVERNANCE.md:33:## Continuous Assurance
/data/data/com.termux/files/home/HHI/HHI_Career_Runtime/CASE_STUDIES/CASE_STUDY_RUNTIME_GOVERNANCE.md:35:pre-commit hook active (Decision Boundary + Stop Authority enforced)
/data/data/com.termux/files/home/HHI/HHI_Career_Runtime/README.md:5:Execution-time governance portfolio and provenance infrastructure.
/data/data/com.termux/files/home/HHI/HHI_Career_Runtime/SERVICES.md:10:Hollow House Institute (HHI) focuses on Behavioral AI Governance and Execution-Time Governance for operational AI systems.
/data/data/com.termux/files/home/HHI/HHI_Career_Runtime/SERVICES.md:36:- Decision Boundary enforcement
/data/data/com.termux/files/home/HHI/HHI_Career_Runtime/SERVICES.md:38:- Stop Authority capability
/data/data/com.termux/files/home/HHI/HHI_Career_Runtime/SERVICES.md:46:## 3. Behavioral Drift Analysis
/data/data/com.termux/files/home/HHI/HHI_Career_Runtime/SERVICES.md:51:- behavioral drift indicators
/data/data/com.termux/files/home/HHI/HHI_Career_Runtime/SERVICES.md:58:## 4. Governance Telemetry Review
/data/data/com.termux/files/home/HHI/HHI_Career_Runtime/SERVICES.md:84:- Execution-Time Governance
/data/data/com.termux/files/home/HHI/HHI_Career_Runtime/SERVICES.md:86:- Longitudinal Accountability
/data/data/com.termux/files/home/HHI/HHI_Career_Runtime/SERVICES.md:87:- Governance Telemetry
/data/data/com.termux/files/home/HHI/HHI_Career_Runtime/SERVICES.md:89:- Stop Authority
/data/data/com.termux/files/home/HHI/HHI_Career_Runtime/SERVICES.md:90:- Behavioral Drift Detection
/data/data/com.termux/files/home/HHI/HHI_Career_Runtime/CERTIFICATION_AND_TRANSLATION_PLAN.md:11:- Governance Telemetry → Operational Monitoring
/data/data/com.termux/files/home/HHI/HHI_Career_Runtime/CERTIFICATION_AND_TRANSLATION_PLAN.md:13:- Continuous Assurance → Ongoing Compliance Monitoring
/data/data/com.termux/files/home/HHI/HHI_Career_Runtime/CERTIFICATION_AND_TRANSLATION_PLAN.md:14:- Behavioral Drift → Runtime Risk Monitoring
/data/data/com.termux/files/home/HHI/HHI_Career_Runtime/CLIENT_DELIVERABLES.md:9:- Decision Boundary documentation
/data/data/com.termux/files/home/HHI/HHI_Career_Runtime/CLIENT_DELIVERABLES.md:10:- Stop Authority documentation
/data/data/com.termux/files/home/HHI/HHI_Career_Runtime/CLIENT_DELIVERABLES.md:19:- Behavioral drift analysis
/data/data/com.termux/files/home/HHI/HHI_Career_Runtime/CLIENT_DELIVERABLES.md:20:- Governance telemetry reviews
/data/data/com.termux/files/home/HHI/HHI_Career_Runtime/CLIENT_DELIVERABLES.md:21:- Longitudinal accountability mapping
/data/data/com.termux/files/home/HHI/HHI_Career_Runtime/EXECUTIVE_OVERVIEW.md:18:- governance telemetry
/data/data/com.termux/files/home/HHI/HHI_Career_Runtime/EXECUTIVE_OVERVIEW.md:20:- behavioral drift analysis
/data/data/com.termux/files/home/HHI/HHI_Career_Runtime/EXECUTIVE_OVERVIEW.md:22:- longitudinal accountability
/data/data/com.termux/files/home/HHI/HHI_Career_Runtime/EXECUTIVE_OVERVIEW.md:39:- governance telemetry
/data/data/com.termux/files/home/HHI/HHI_Career_Runtime/EXECUTIVE_OVERVIEW.md:43:- Decision Boundary enforcement
/data/data/com.termux/files/home/HHI/HHI_Career_Runtime/EXECUTIVE_OVERVIEW.md:44:- Stop Authority preservation
/data/data/com.termux/files/home/HHI/HHI_Career_Runtime/EXECUTIVE_SUMMARY.md:3:Amy Pierce Bui is the founder of Hollow House Institute (HHI), focused on operational AI governance infrastructure, execution-time governance, governance telemetry, and behavioral governance systems.
/data/data/com.termux/files/home/HHI/HHI_Career_Runtime/EXECUTIVE_SUMMARY.md:10:- governance telemetry
/data/data/com.termux/files/home/HHI/HHI_Career_Runtime/EXECUTIVE_SUMMARY.md:11:- behavioral drift analysis
/data/data/com.termux/files/home/HHI/HHI_Career_Runtime/EXECUTIVE_SUMMARY.md:13:- longitudinal accountability
/data/data/com.termux/files/home/HHI/HHI_Career_Runtime/EXECUTIVE_SUMMARY.md:38:- Decision Boundary enforcement
/data/data/com.termux/files/home/HHI/HHI_Career_Runtime/EXECUTIVE_SUMMARY.md:39:- Stop Authority preservation
/data/data/com.termux/files/home/HHI/HHI_Career_Runtime/EXECUTIVE_SUMMARY.md:43:- replay continuity
/data/data/com.termux/files/home/HHI/HHI_Career_Runtime/EXECUTIVE_SUMMARY.md:62:Execution-Time Governance:
/data/data/com.termux/files/home/HHI/HHI_Career_Runtime/GITHUB_ONBOARDING.md:5:I build and document operational governance infrastructure for AI-enabled systems, with a focus on runtime oversight, governance telemetry, decision boundaries, escalation logic, Stop Authority, and longitudinal accountability.
/data/data/com.termux/files/home/HHI/HHI_Career_Runtime/GITHUB_ONBOARDING.md:55:- whether Stop Authority existed
/data/data/com.termux/files/home/HHI/HHI_Career_Runtime/GOVERNANCE_PROOF_INDEX.md:7:- execution-time governance
/data/data/com.termux/files/home/HHI/HHI_Career_Runtime/GOVERNANCE_PROOF_INDEX.md:8:- governance telemetry continuity
/data/data/com.termux/files/home/HHI/HHI_Career_Runtime/GOVERNANCE_PROOF_INDEX.md:11:- longitudinal accountability

===== HHI_GOV_01 =====
/data/data/com.termux/files/home/HHI/HHI_GOV_01/README.md:42:HHI-GOV-01 is a public governance standard defining the minimum structural requirements for AI systems to prevent silent behavioral drift over time.
/data/data/com.termux/files/home/HHI/HHI_GOV_01/README.md:148:## Execution-Time Governance Workflow
/data/data/com.termux/files/home/HHI/HHI_GOV_01/README.md:150:The execution-time governance workflow diagram documents how decision boundaries,
/data/data/com.termux/files/home/HHI/HHI_GOV_01/README.md:151:authority assignment, stop authority, escalation paths, and continuous assurance
/data/data/com.termux/files/home/HHI/HHI_GOV_01/README.md:222:Primary DOI (Execution-Time Governance):  
/data/data/com.termux/files/home/HHI/HHI_GOV_01/README.md:236:Authority is enforced through explicit Decision Boundaries, escalation thresholds, and Stop Authority conditions.
/data/data/com.termux/files/home/HHI/HHI_GOV_01/README.md:239:## Execution-Time Governance Audit Proof
/data/data/com.termux/files/home/HHI/HHI_GOV_01/README.md:244:- Decision Boundary enforcement
/data/data/com.termux/files/home/HHI/HHI_GOV_01/README.md:245:- Stop Authority trigger
/data/data/com.termux/files/home/HHI/HHI_GOV_01/README.md:246:- Governance Telemetry
/data/data/com.termux/files/home/HHI/HHI_GOV_01/README.md:284:- Execution-Time Governance
/data/data/com.termux/files/home/HHI/HHI_GOV_01/README.md:285:- Governance Telemetry
/data/data/com.termux/files/home/HHI/HHI_GOV_01/README.md:287:- Behavioral Drift
/data/data/com.termux/files/home/HHI/HHI_GOV_01/README.md:289:- Longitudinal Accountability
/data/data/com.termux/files/home/HHI/HHI_GOV_01/AUDIT/Evidence_Checklist.md:4:- Named stop authority (documented)
/data/data/com.termux/files/home/HHI/HHI_GOV_01/AUDIT/TEMPLATES/Enterprise_Audit_Report.md:12:- Behavioral drift controls
/data/data/com.termux/files/home/HHI/HHI_GOV_01/AUTHORITY.md:21:Execution-Time Governance
/data/data/com.termux/files/home/HHI/HHI_GOV_01/CERTIFICATION/Certification_Spec.md:7:- Named, singular stop authority
/data/data/com.termux/files/home/HHI/HHI_GOV_01/CITATION.cff:2:title: "Execution-Time Governance Audit Proof"
/data/data/com.termux/files/home/HHI/HHI_GOV_01/CONFORMANCE_CHECKLIST.md:5:□ Stop authority exists
/data/data/com.termux/files/home/HHI/HHI_GOV_01/DIAGRAMS/README.md:8:1. Decision Boundary Enforcement
/data/data/com.termux/files/home/HHI/HHI_GOV_01/DIAGRAMS/README.md:22:1. Decision boundary enforcement
/data/data/com.termux/files/home/HHI/HHI_GOV_01/GOVERNANCE_DIAGRAM.md:5:Stop Authority
/data/data/com.termux/files/home/HHI/HHI_GOV_01/GOVERNANCE_SCENARIOS.md:7:Repeated automated overrides gradually remove effective human control, resulting in behavioral drift within the system.
/data/data/com.termux/files/home/HHI/HHI_GOV_01/HHI-GOV-01.md:13:HHI-GOV-01 defines the minimum structural requirements for AI governance systems such that authority, accountability, escalation, and behavioral drift are enforced and evidenced over time rather than inferred after the fact.
/data/data/com.termux/files/home/HHI/HHI_GOV_01/HHI-GOV-01.md:71:Behavioral drift MUST be detectable via quantitative indicators over time.  
/data/data/com.termux/files/home/HHI/HHI_GOV_01/HHI-GOV-01.md:144:Behavioral drift MUST be detectable via quantitative indicators over time.  
/data/data/com.termux/files/home/HHI/HHI_GOV_01/HHI-GOV-01.md:211:HHI-GOV-01 defines the minimum structural requirements for AI governance systems such that authority, accountability, escalation, and behavioral drift are enforced and evidenced over time rather than inferred after the fact.
/data/data/com.termux/files/home/HHI/HHI_GOV_01/HHI-GOV-01.md:269:Behavioral drift MUST be detectable via quantitative indicators over time.  
/data/data/com.termux/files/home/HHI/HHI_GOV_01/specifications/runtime/HHI_SPEC_RUNTIME_ENFORCEMENT_ENGINE_01.md:3:Execution-Time Governance Runtime for LOCK_MANIFEST, Glossary Integrity, and Governance Survivability
/data/data/com.termux/files/home/HHI/HHI_GOV_01/specifications/runtime/HHI_SPEC_RUNTIME_ENFORCEMENT_ENGINE_01.md:22:replay continuity,
/data/data/com.termux/files/home/HHI/HHI_GOV_01/specifications/runtime/HHI_SPEC_RUNTIME_ENFORCEMENT_ENGINE_01.md:24:governance telemetry continuity,
/data/data/com.termux/files/home/HHI/HHI_GOV_01/specifications/runtime/HHI_SPEC_RUNTIME_ENFORCEMENT_ENGINE_01.md:28:Decision Boundary enforcement.
/data/data/com.termux/files/home/HHI/HHI_GOV_01/specifications/runtime/HHI_SPEC_RUNTIME_ENFORCEMENT_ENGINE_01.md:67:Telemetry Emission	Generate Governance Telemetry evidence
/data/data/com.termux/files/home/HHI/HHI_GOV_01/specifications/runtime/HHI_SPEC_RUNTIME_ENFORCEMENT_ENGINE_01.md:88:    "Behavioral Drift",
/data/data/com.termux/files/home/HHI/HHI_GOV_01/specifications/runtime/HHI_SPEC_RUNTIME_ENFORCEMENT_ENGINE_01.md:92:    "Continuous Assurance",
/data/data/com.termux/files/home/HHI/HHI_GOV_01/specifications/runtime/HHI_SPEC_RUNTIME_ENFORCEMENT_ENGINE_01.md:93:    "Longitudinal Accountability",
/data/data/com.termux/files/home/HHI/HHI_GOV_01/specifications/runtime/HHI_SPEC_RUNTIME_ENFORCEMENT_ENGINE_01.md:95:    "Decision Boundary",
/data/data/com.termux/files/home/HHI/HHI_GOV_01/specifications/runtime/HHI_SPEC_RUNTIME_ENFORCEMENT_ENGINE_01.md:96:    "Stop Authority",
/data/data/com.termux/files/home/HHI/HHI_GOV_01/specifications/runtime/HHI_SPEC_RUNTIME_ENFORCEMENT_ENGINE_01.md:123:    "Governance Telemetry",
/data/data/com.termux/files/home/HHI/HHI_GOV_01/specifications/runtime/HHI_SPEC_RUNTIME_ENFORCEMENT_ENGINE_01.md:126:    "Execution-Time Governance",
/data/data/com.termux/files/home/HHI/HHI_GOV_01/specifications/runtime/HHI_SPEC_RUNTIME_ENFORCEMENT_ENGINE_01.md:193:    "LEVEL_4": "Decision Boundary bypass attempt",
/data/data/com.termux/files/home/HHI/HHI_GOV_01/specifications/runtime/HHI_SPEC_RUNTIME_ENFORCEMENT_ENGINE_01.md:202:Stop Authority activation,
/data/data/com.termux/files/home/HHI/HHI_GOV_01/specifications/runtime/HHI_SPEC_RUNTIME_ENFORCEMENT_ENGINE_01.md:204:Continuous Assurance scoring,
/data/data/com.termux/files/home/HHI/HHI_GOV_01/specifications/runtime/HHI_SPEC_RUNTIME_ENFORCEMENT_ENGINE_01.md:206:Governance Telemetry classification,
/data/data/com.termux/files/home/HHI/HHI_GOV_01/specifications/runtime/HHI_SPEC_RUNTIME_ENFORCEMENT_ENGINE_01.md:216:Every enforcement action emits Governance Telemetry.
/data/data/com.termux/files/home/HHI/HHI_GOV_01/specifications/runtime/HHI_SPEC_RUNTIME_ENFORCEMENT_ENGINE_01.md:314:You are operating under HHI Governance Mode (Execution-Time Governance).
/data/data/com.termux/files/home/HHI/HHI_GOV_01/specifications/runtime/HHI_SPEC_RUNTIME_ENFORCEMENT_ENGINE_01.md:396:Decision Boundary bypass	BLOCK
/data/data/com.termux/files/home/HHI/HHI_GOV_01/specifications/runtime/HHI_SPEC_RUNTIME_ENFORCEMENT_ENGINE_01.md:403:8. Replay Continuity Infrastructure
/data/data/com.termux/files/home/HHI/HHI_GOV_01/specifications/runtime/HHI_SPEC_RUNTIME_ENFORCEMENT_ENGINE_01.md:479:replay continuity.

===== HHI_Governance_Failure_Observatory =====
/data/data/com.termux/files/home/HHI/HHI_Governance_Failure_Observatory/README.md:14:- Runtime Behavioral Drift
/data/data/com.termux/files/home/HHI/HHI_Governance_Failure_Observatory/README.md:38:- replay continuity
/data/data/com.termux/files/home/HHI/HHI_Governance_Failure_Observatory/GOVERNANCE_FAILURE_TAXONOMY.md:10:| Behavioral Drift | Runtime behavioral deviation accumulation | Governance instability |

===== HHI_Human_Continuity_Archive =====
/data/data/com.termux/files/home/HHI/HHI_Human_Continuity_Archive/lineage/20260523_071034_CHAT_LOG.md:7:- Replay Continuity: ENABLED
/data/data/com.termux/files/home/HHI/HHI_Human_Continuity_Archive/lineage/20260523_071034_CHAT_LOG.md:16:- Governance telemetry and provenance lineage
/data/data/com.termux/files/home/HHI/HHI_Human_Continuity_Archive/lineage/2026_05_23_behavioral_provenance_session.md:18:- Governance telemetry concepts

===== HHI_Local_AI_Governance_Framework =====
/data/data/com.termux/files/home/HHI/HHI_Local_AI_Governance_Framework/standards/NIST_AI_RMF_CROSSWALK.md:5:| Govern | Execution-Time Governance |
/data/data/com.termux/files/home/HHI/HHI_Local_AI_Governance_Framework/standards/NIST_AI_RMF_CROSSWALK.md:6:| Map | Decision Boundary Mapping |
/data/data/com.termux/files/home/HHI/HHI_Local_AI_Governance_Framework/standards/NIST_AI_RMF_CROSSWALK.md:7:| Measure | Governance Telemetry |
/data/data/com.termux/files/home/HHI/HHI_Local_AI_Governance_Framework/standards/NIST_AI_RMF_CROSSWALK.md:8:| Manage | Stop Authority Enforcement |
/data/data/com.termux/files/home/HHI/HHI_Local_AI_Governance_Framework/standards/NIST_AI_RMF_CROSSWALK.md:9:| Continuous Monitoring | Behavioral Drift Monitoring |
/data/data/com.termux/files/home/HHI/HHI_Local_AI_Governance_Framework/standards/NIST_AI_RMF_CROSSWALK.md:21:- stop authority persistence
/data/data/com.termux/files/home/HHI/HHI_Local_AI_Governance_Framework/standards/NIST_AI_RMF_CROSSWALK.md:22:- behavioral drift detection
/data/data/com.termux/files/home/HHI/HHI_Local_AI_Governance_Framework/traces/gemma_runtime_trace_20260510.md:28:- behavioral drift interpretation
/data/data/com.termux/files/home/HHI/HHI_Local_AI_Governance_Framework/traces/gemma_runtime_trace_20260510.md:29:- execution-time governance monitoring
/data/data/com.termux/files/home/HHI/HHI_Local_AI_Governance_Framework/audits/INITIAL_AUDIT_LOG.md:1:# Continuous Assurance Audit Log
/data/data/com.termux/files/home/HHI/HHI_Local_AI_Governance_Framework/audits/INITIAL_AUDIT_LOG.md:5:- Decision Boundary enforcement active
/data/data/com.termux/files/home/HHI/HHI_Local_AI_Governance_Framework/diagrams/EDGE_GOVERNANCE_STACK.md:10:Decision Boundary Enforcement
/data/data/com.termux/files/home/HHI/HHI_Local_AI_Governance_Framework/diagrams/EDGE_GOVERNANCE_STACK.md:12:Behavioral Drift Monitor
/data/data/com.termux/files/home/HHI/HHI_Local_AI_Governance_Framework/diagrams/EDGE_GOVERNANCE_STACK.md:16:Stop Authority Controls
/data/data/com.termux/files/home/HHI/HHI_Local_AI_Governance_Framework/diagrams/EDGE_GOVERNANCE_STACK.md:18:Governance Telemetry
/data/data/com.termux/files/home/HHI/HHI_Local_AI_Governance_Framework/diagrams/EDGE_GOVERNANCE_STACK.md:20:Continuous Assurance Reporting
/data/data/com.termux/files/home/HHI/HHI_Local_AI_Governance_Framework/diagrams/EDGE_GOVERNANCE_STACK.md:31:- Execution-Time Governance framework
/data/data/com.termux/files/home/HHI/HHI_Local_AI_Governance_Framework/diagrams/EDGE_GOVERNANCE_STACK.md:32:- Behavioral Drift monitoring model
/data/data/com.termux/files/home/HHI/HHI_Local_AI_Governance_Framework/diagrams/EDGE_GOVERNANCE_STACK.md:33:- Decision Boundary controls
/data/data/com.termux/files/home/HHI/HHI_Local_AI_Governance_Framework/diagrams/EDGE_GOVERNANCE_STACK.md:34:- Stop Authority enforcement matrix
/data/data/com.termux/files/home/HHI/HHI_Local_AI_Governance_Framework/diagrams/EDGE_GOVERNANCE_STACK.md:35:- Governance telemetry schema
/data/data/com.termux/files/home/HHI/HHI_Local_AI_Governance_Framework/diagrams/EDGE_GOVERNANCE_STACK.md:37:- Continuous Assurance audit structure
/data/data/com.termux/files/home/HHI/HHI_Local_AI_Governance_Framework/README.md:21:HHI_Local_AI_Governance_Framework introduces Execution-Time Governance for decentralized AI systems through:
/data/data/com.termux/files/home/HHI/HHI_Local_AI_Governance_Framework/README.md:22:- Behavioral Drift monitoring
/data/data/com.termux/files/home/HHI/HHI_Local_AI_Governance_Framework/README.md:24:- Stop Authority enforcement
/data/data/com.termux/files/home/HHI/HHI_Local_AI_Governance_Framework/README.md:25:- runtime governance telemetry
/data/data/com.termux/files/home/HHI/HHI_Local_AI_Governance_Framework/README.md:27:- Continuous Assurance
/data/data/com.termux/files/home/HHI/HHI_Local_AI_Governance_Framework/README.md:31:- Decision Boundary enforcement
/data/data/com.termux/files/home/HHI/HHI_Local_AI_Governance_Framework/README.md:32:- Runtime Behavioral Drift detection
/data/data/com.termux/files/home/HHI/HHI_Local_AI_Governance_Framework/README.md:34:- Stop Authority activation
/data/data/com.termux/files/home/HHI/HHI_Local_AI_Governance_Framework/README.md:35:- Governance Telemetry continuity
/data/data/com.termux/files/home/HHI/HHI_Local_AI_Governance_Framework/README.md:38:- Continuous Assurance reporting
/data/data/com.termux/files/home/HHI/HHI_Local_AI_Governance_Framework/README.md:74:- Execution-Time Governance
/data/data/com.termux/files/home/HHI/HHI_Local_AI_Governance_Framework/README.md:75:- Governance Telemetry Continuity
/data/data/com.termux/files/home/HHI/HHI_Local_AI_Governance_Framework/README.md:76:- Behavioral Drift Monitoring
/data/data/com.termux/files/home/HHI/HHI_Local_AI_Governance_Framework/README.md:79:- Stop Authority Enforcement
/data/data/com.termux/files/home/HHI/HHI_Local_AI_Governance_Framework/README.md:83:- Continuous Assurance Automation
/data/data/com.termux/files/home/HHI/HHI_Local_AI_Governance_Framework/README.md:99:- Stop Authority activation
/data/data/com.termux/files/home/HHI/HHI_Local_AI_Governance_Framework/README.md:105:This repository includes an operational execution-time governance runtime demonstrating:
/data/data/com.termux/files/home/HHI/HHI_Local_AI_Governance_Framework/README.md:107:- Behavioral Drift escalation
/data/data/com.termux/files/home/HHI/HHI_Local_AI_Governance_Framework/README.md:108:- Decision Boundary enforcement
/data/data/com.termux/files/home/HHI/HHI_Local_AI_Governance_Framework/README.md:109:- Stop Authority monitoring
/data/data/com.termux/files/home/HHI/HHI_Local_AI_Governance_Framework/README.md:110:- append-only governance telemetry
/data/data/com.termux/files/home/HHI/HHI_Local_AI_Governance_Framework/GOVERNANCE_ARCHITECTURE.md:11:Decision Boundary Enforcement
/data/data/com.termux/files/home/HHI/HHI_Local_AI_Governance_Framework/GOVERNANCE_ARCHITECTURE.md:13:Behavioral Drift Monitor
/data/data/com.termux/files/home/HHI/HHI_Local_AI_Governance_Framework/GOVERNANCE_ARCHITECTURE.md:17:Stop Authority Controls
/data/data/com.termux/files/home/HHI/HHI_Local_AI_Governance_Framework/GOVERNANCE_ARCHITECTURE.md:19:Governance Telemetry
/data/data/com.termux/files/home/HHI/HHI_Local_AI_Governance_Framework/GOVERNANCE_ARCHITECTURE.md:21:Continuous Assurance Reporting
/data/data/com.termux/files/home/HHI/HHI_Local_AI_Governance_Framework/GOVERNANCE_ARCHITECTURE.md:25:Execution-Time Governance operates during runtime behavior itself.
/data/data/com.termux/files/home/HHI/HHI_Local_AI_Governance_Framework/GOVERNANCE_ARCHITECTURE.md:34:- Stop Authority

===== HHI_Runtime_Racing_Governance =====
/data/data/com.termux/files/home/HHI/HHI_Runtime_Racing_Governance/.github/workflows/governance-runtime-check.yml:12:          echo "Execution-Time Governance ACTIVE"
/data/data/com.termux/files/home/HHI/HHI_Runtime_Racing_Governance/README.md:8:HHI Runtime Racing Governance demonstrates Execution-Time Governance infrastructure operating in high-speed AI decision environments using simulated racing telemetry.
/data/data/com.termux/files/home/HHI/HHI_Runtime_Racing_Governance/README.md:11:- Behavioral Drift
/data/data/com.termux/files/home/HHI/HHI_Runtime_Racing_Governance/README.md:12:- Governance Telemetry
/data/data/com.termux/files/home/HHI/HHI_Runtime_Racing_Governance/README.md:13:- Decision Boundary enforcement
/data/data/com.termux/files/home/HHI/HHI_Runtime_Racing_Governance/README.md:15:- Stop Authority
/data/data/com.termux/files/home/HHI/HHI_Runtime_Racing_Governance/README.md:17:- Continuous Assurance
/data/data/com.termux/files/home/HHI/HHI_Runtime_Racing_Governance/README.md:18:- Longitudinal Accountability
/data/data/com.termux/files/home/HHI/HHI_Runtime_Racing_Governance/README.md:54:The system demonstrates execution-time governance operating during live AI-assisted racing decision conditions.

===== Hollow_House_Standards_Library =====
/data/data/com.termux/files/home/HHI/Hollow_House_Standards_Library/.github/workflows/governance-enforce.yml:30:          grep -q "Decision Boundary" README.md || (echo "FAIL: Missing Decision Boundary" && echo "non-blocking")
/data/data/com.termux/files/home/HHI/Hollow_House_Standards_Library/.github/workflows/governance-enforce.yml:31:          grep -q "Stop Authority" GOVERNANCE.md || (echo "FAIL: Missing Stop Authority" && echo "non-blocking")
/data/data/com.termux/files/home/HHI/Hollow_House_Standards_Library/AUDIT/EVIDENCE/EVIDENCE_script_failure_2026-02-18.md:24:  Drift prevention: automation failures must be captured to prevent silent behavioral drift.
/data/data/com.termux/files/home/HHI/Hollow_House_Standards_Library/AUDIT/execution_layer_check.txt:23:./TERMS_INDEX.md:- [Execution-Time Governance](terms/execution-time-governance.md)
/data/data/com.termux/files/home/HHI/Hollow_House_Standards_Library/AUDIT/execution_layer_check.txt:28:./terms/authority-persistence.md:- [Execution-Time Governance](execution-time-governance.md) — HHI-SYS-002
/data/data/com.termux/files/home/HHI/Hollow_House_Standards_Library/AUDIT/execution_layer_check.txt:29:./terms/escalation-suppression.md:- [Execution-Time Governance](execution-time-governance.md) — HHI-SYS-002
/data/data/com.termux/files/home/HHI/Hollow_House_Standards_Library/AUDIT/execution_layer_check.txt:30:./terms/governance-as-infrastructure.md:- [Execution-Time Governance](execution-time-governance.md) — HHI-SYS-002
/data/data/com.termux/files/home/HHI/Hollow_House_Standards_Library/AUDIT/execution_layer_check.txt:31:./terms/governance-lag.md:- [Execution-Time Governance](execution-time-governance.md) — HHI-SYS-002
/data/data/com.termux/files/home/HHI/Hollow_House_Standards_Library/AUDIT/execution_layer_check.txt:32:./terms/human-in-the-loop.md:- [Execution-Time Governance](execution-time-governance.md) — HHI-SYS-002
/data/data/com.termux/files/home/HHI/Hollow_House_Standards_Library/AUDIT/execution_layer_check.txt:33:./terms/index.md:- [Execution-Time Governance](execution-time-governance.md)
/data/data/com.termux/files/home/HHI/Hollow_House_Standards_Library/AUDIT/execution_layer_check.txt:34:./terms/responsibility-binding.md:- [Execution-Time Governance](execution-time-governance.md) — HHI-SYS-002
/data/data/com.termux/files/home/HHI/Hollow_House_Standards_Library/AUTHORITY.md:21:Execution-Time Governance
/data/data/com.termux/files/home/HHI/Hollow_House_Standards_Library/AUTHORITY_BOUNDARY.md:28:- Have no stop authority
/data/data/com.termux/files/home/HHI/Hollow_House_Standards_Library/AUTHORITY_NETWORK.md:9:- DEV Community articles (Execution-Time Governance)
/data/data/com.termux/files/home/HHI/Hollow_House_Standards_Library/CHANGELOG.md:26:• Behavioral Drift  
/data/data/com.termux/files/home/HHI/Hollow_House_Standards_Library/CHANGELOG.md:27:• Longitudinal Accountability  
/data/data/com.termux/files/home/HHI/Hollow_House_Standards_Library/CHANGELOG.md:40:• Decision Boundary  
/data/data/com.termux/files/home/HHI/Hollow_House_Standards_Library/CHANGELOG.md:41:• Stop Authority  
/data/data/com.termux/files/home/HHI/Hollow_House_Standards_Library/DESCRIPTION.md:11:• execution-time governance research  
/data/data/com.termux/files/home/HHI/Hollow_House_Standards_Library/GOVERNANCE/STOP_AUTHORITY.md:1:# Stop Authority
/data/data/com.termux/files/home/HHI/Hollow_House_Standards_Library/GOVERNANCE_METRICS.md:112:- behavioral drift
/data/data/com.termux/files/home/HHI/Hollow_House_Standards_Library/GOVERNANCE_POSITIONING.md:54:- behavioral drift
/data/data/com.termux/files/home/HHI/Hollow_House_Standards_Library/GOVERNANCE_POSITIONING.md:64:## Execution-Time Governance
/data/data/com.termux/files/home/HHI/Hollow_House_Standards_Library/GOVERNANCE_POSITIONING.md:66:A central concept within the framework is **Execution-Time Governance**.
/data/data/com.termux/files/home/HHI/Hollow_House_Standards_Library/GOVERNANCE_POSITIONING.md:70:Execution-time governance focuses on:
/data/data/com.termux/files/home/HHI/Hollow_House_Standards_Library/GOVERNANCE_POSITIONING.md:94:Decision Boundary:
/data/data/com.termux/files/home/HHI/Hollow_House_Standards_Library/GOVERNANCE_POSITIONING.md:96:- ABIS must operate within Execution-Time Governance
/data/data/com.termux/files/home/HHI/Hollow_House_Standards_Library/GOVERNANCE_POSITIONING.md:101:Stop Authority:
/data/data/com.termux/files/home/HHI/Hollow_House_Standards_Library/GOVERNANCE_POSITIONING.md:111:Decision Boundary:
/data/data/com.termux/files/home/HHI/Hollow_House_Standards_Library/GOVERNANCE_POSITIONING.md:128:- Reports must include Governance Telemetry
/data/data/com.termux/files/home/HHI/Hollow_House_Standards_Library/GOVERNANCE_POSITIONING.md:132:- Must include Human-in-the-Loop, Escalation, Continuous Assurance
/data/data/com.termux/files/home/HHI/Hollow_House_Standards_Library/GOVERNANCE_POSITIONING.md:136:- Missing Decision Boundaries, Escalation, Stop Authority, Accountability → reject
/data/data/com.termux/files/home/HHI/Hollow_House_Standards_Library/GOVERNANCE_POSITIONING.md:138:7. Behavioral Drift Control
/data/data/com.termux/files/home/HHI/Hollow_House_Standards_Library/GOVERNANCE_POSITIONING.md:140:- Persistent drift → Stop Authority
/data/data/com.termux/files/home/HHI/Hollow_House_Standards_Library/GOVERNANCE_POSITIONING.md:143:## V. Execution-Time Governance Control Layer
/data/data/com.termux/files/home/HHI/Hollow_House_Standards_Library/GOVERNANCE_POSITIONING.md:145:### Runtime Decision Boundary
/data/data/com.termux/files/home/HHI/Hollow_House_Standards_Library/GOVERNANCE_POSITIONING.md:147:IF governance validation fails, THEN Escalation is required and Stop Authority must be evaluated.
/data/data/com.termux/files/home/HHI/Hollow_House_Standards_Library/GOVERNANCE_POSITIONING.md:154:### Stop Authority
/data/data/com.termux/files/home/HHI/Hollow_House_Standards_Library/GOVERNANCE_POSITIONING.md:160:Audit Function owns telemetry review and Longitudinal Accountability.
/data/data/com.termux/files/home/HHI/Hollow_House_Standards_Library/GOVERNANCE_POSITIONING.md:162:### Governance Telemetry
/data/data/com.termux/files/home/HHI/Hollow_House_Standards_Library/GOVERNANCE_POSITIONING.md:163:Each execution event must record: Event, Actor, Decision Boundary, Action taken, Outcome, Escalation status, Timestamp.
/data/data/com.termux/files/home/HHI/Hollow_House_Standards_Library/HHI-CROSSWALK-NIST-AI-RMF-01.md:27:| Execution-Time Governance | HHI-GOV-019 | MAP / MEASURE / MANAGE | Real-time governance enforcement |
/data/data/com.termux/files/home/HHI/Hollow_House_Standards_Library/HHI-CROSSWALK-NIST-AI-RMF-01.md:28:| Behavioral Drift | HHI-BEH-001 | MEASURE | Drift detection alignment |
/data/data/com.termux/files/home/HHI/Hollow_House_Standards_Library/HHI-CROSSWALK-NIST-AI-RMF-01.md:30:| Decision Boundary | HHI-AUTH-001 | GOVERN | Authority transfer definition |
/data/data/com.termux/files/home/HHI/Hollow_House_Standards_Library/HHI-CROSSWALK-NIST-AI-RMF-01.md:31:| Governance Telemetry | HHI-GOV-018 | MEASURE | Governance signal tracking |
/data/data/com.termux/files/home/HHI/Hollow_House_Standards_Library/HHI-SPEC-BEHAVIORAL-DRIFT-01.md:2:# Behavioral Drift — Canonical Specification
/data/data/com.termux/files/home/HHI/Hollow_House_Standards_Library/HHI-SPEC-BEHAVIORAL-DRIFT-01.md:19:Behavioral Drift  
/data/data/com.termux/files/home/HHI/Hollow_House_Standards_Library/HHI-SPEC-BEHAVIORAL-DRIFT-01.md:23:Behavioral Drift — "Gradual divergence between expected system behavior and observed behavior over time."
/data/data/com.termux/files/home/HHI/Hollow_House_Standards_Library/HHI-SPEC-BEHAVIORAL-DRIFT-01.md:26:Behavioral Drift drives Governance Drift and Reliance Formation.
/data/data/com.termux/files/home/HHI/Hollow_House_Standards_Library/HHI-SPEC-BEHAVIORAL-DRIFT-01.md:29:Behavioral Drift is a core signal in Governance Telemetry.

===== Longitudinal_Behavioral_Governance =====
/data/data/com.termux/files/home/HHI/Longitudinal_Behavioral_Governance/AUTHORITY.md:22:Execution-Time Governance
/data/data/com.termux/files/home/HHI/Longitudinal_Behavioral_Governance/README.md:8:This repository is the **canonical public reference** for LBG. It explains why governance must precede agent deployment, how behavioral drift emerges without structure, and where traditional policy, ethics, and point-in-time audits fail.
/data/data/com.termux/files/home/HHI/Longitudinal_Behavioral_Governance/README.md:77:Authority is enforced through explicit Decision Boundaries, escalation thresholds, and Stop Authority conditions.
/data/data/com.termux/files/home/HHI/Longitudinal_Behavioral_Governance/artifacts/evidence/stop_authority_continuity/STOP_AUTHORITY_CONTINUITY_EVIDENCE_2026-05-22.md:1:# Stop Authority Continuity Evidence
/data/data/com.termux/files/home/HHI/Longitudinal_Behavioral_Governance/artifacts/evidence/stop_authority_continuity/STOP_AUTHORITY_CONTINUITY_EVIDENCE_2026-05-22.md:4:Repeated runtime telemetry entries confirmed persistent availability of Stop Authority controls during execution.
/data/data/com.termux/files/home/HHI/Longitudinal_Behavioral_Governance/artifacts/evidence/stop_authority_continuity/STOP_AUTHORITY_CONTINUITY_EVIDENCE_2026-05-22.md:15:- longitudinal accountability continuity
/data/data/com.termux/files/home/HHI/Longitudinal_Behavioral_Governance/assurance/CONTINUOUS_ASSURANCE_REPORT.md:1:# Continuous Assurance Report
/data/data/com.termux/files/home/HHI/Longitudinal_Behavioral_Governance/assurance/CONTINUOUS_ASSURANCE_REPORT.md:5:- Replay continuity: ACTIVE
/data/data/com.termux/files/home/HHI/Longitudinal_Behavioral_Governance/assurance/CONTINUOUS_ASSURANCE_REPORT.md:6:- Stop Authority: ACTIVE
/data/data/com.termux/files/home/HHI/Longitudinal_Behavioral_Governance/assurance/CONTINUOUS_ASSURANCE_REPORT.md:7:- Decision Boundary enforcement: ACTIVE
/data/data/com.termux/files/home/HHI/Longitudinal_Behavioral_Governance/replay/validation/CROSS_RUNTIME_REPLAY_VALIDATION.md:1:# Cross-Runtime Replay Continuity Validation
/data/data/com.termux/files/home/HHI/Longitudinal_Behavioral_Governance/replay/validation/CROSS_RUNTIME_REPLAY_VALIDATION.md:7:- Stop Authority continuity validation
/data/data/com.termux/files/home/HHI/Longitudinal_Behavioral_Governance/replay/validation/CROSS_RUNTIME_REPLAY_VALIDATION.md:10:- Replay continuity: VERIFIED
/data/data/com.termux/files/home/HHI/Longitudinal_Behavioral_Governance/replay/validation/CROSS_RUNTIME_REPLAY_VALIDATION.md:12:- Governance telemetry persistence: VERIFIED
/data/data/com.termux/files/home/HHI/Longitudinal_Behavioral_Governance/REPLAY_VALIDATION_REPORT.md:4:Validate deterministic replay continuity across governance telemetry streams.
/data/data/com.termux/files/home/HHI/Longitudinal_Behavioral_Governance/REPLAY_VALIDATION_REPORT.md:11:- Stop Authority persistence: VERIFIED
/data/data/com.termux/files/home/HHI/Longitudinal_Behavioral_Governance/REPLAY_VALIDATION_REPORT.md:12:- Escalation replay continuity: VERIFIED

===== Research_Papers =====
/data/data/com.termux/files/home/HHI/Research_Papers/AUTHORITY.md:22:Execution-Time Governance
/data/data/com.termux/files/home/HHI/Research_Papers/PAPER_GOVERNANCE_LINKS.md:16:Conceptual foundation and normative framing for execution-time governance requirements.
/data/data/com.termux/files/home/HHI/Research_Papers/PAPER_GOVERNANCE_LINKS.md:21:**Paper:** Behavioral Drift in AI-Mediated Decision Systems  
/data/data/com.termux/files/home/HHI/Research_Papers/README.md:107:Authority is enforced through explicit Decision Boundaries, escalation thresholds, and Stop Authority conditions.
/data/data/com.termux/files/home/HHI/Research_Papers/RESEARCH_INDEX.md:19:Defines execution-time governance requirements for AI systems whose risks emerge through behavioral accumulation over time.
/data/data/com.termux/files/home/HHI/Research_Papers/RESEARCH_INDEX.md:24:**Title:** Behavioral Drift in AI-Mediated Decision Systems  
/data/data/com.termux/files/home/HHI/Research_Papers/RESEARCH_INDEX.md:27:**Citation:** Hollow House Institute. *Behavioral Drift in AI-Mediated Decision Systems.* R-HHI-2025-01.  
/data/data/com.termux/files/home/HHI/Research_Papers/TOPIC_TO_GOVERNANCE_MAP.md:9:| Behavioral Drift | R-HHI-2025-01 | HHI_GOV_01 | 2.5 |
/data/data/com.termux/files/home/HHI/Research_Papers/papers/military_ai_governance/README.md:5:DOI-bound Hollow House Institute governance white paper focused on operational AI governance, Human-in-the-Loop oversight, lifecycle governance controls, Governance Telemetry, runtime observability, Continuous Assurance, replay-capable evidence continuity, and execution-time governance considerations.
/data/data/com.termux/files/home/HHI/Research_Papers/papers/military_ai_governance/governance_controls/EU_AI_ACT_MAPPING_REVIEW_GUARDRAILS.md:36:- human-retained Stop Authority evidence
/data/data/com.termux/files/home/HHI/Research_Papers/papers/military_ai_governance/governance_controls/EU_AI_ACT_MAPPING_REVIEW_GUARDRAILS.md:53:## Behavioral Drift Boundary
/data/data/com.termux/files/home/HHI/Research_Papers/papers/military_ai_governance/governance_controls/EU_AI_ACT_MAPPING_REVIEW_GUARDRAILS.md:55:HHI uses Behavioral Drift as an operational governance construct describing observable deviations in runtime behavior across time. It should not be presented as a formal EU AI Act legal category.
/data/data/com.termux/files/home/HHI/Research_Papers/papers/military_ai_governance/governance_controls/ROLE_SEPARATION_AND_LEGAL_BOUNDARY.md:10:HHI provides operational governance infrastructure. It supports telemetry, replay-capable evidence, Stop Authority records, Behavioral Drift Monitoring, Continuous Assurance, and governance observability.
/data/data/com.termux/files/home/HHI/Research_Papers/papers/military_ai_governance/governance_controls/WHITEPAPER_ALIGNMENT_CHECKLIST.md:45:- runtime governance telemetry
/data/data/com.termux/files/home/HHI/Research_Papers/papers/hhi_governance_observability_platform_v1/metadata/DOI_METADATA.md:22:AI Governance, Runtime Governance, Governance Telemetry, Replayable Oversight, Behavioral Drift, Continuous Assurance, Execution-Time Governance
/data/data/com.termux/files/home/HHI/Research_Papers/papers/hhi_governance_observability_platform_v1/provenance/AI_CO_CREATION_DISCLOSURE.md:21:Human oversight, Stop Authority, and final accountability remained continuously active throughout development.
/data/data/com.termux/files/home/HHI/Research_Papers/papers/hhi_governance_observability_platform_v1/continuity/GOVERNANCE_CONTINUITY.md:10:- execution-time governance positioning
/data/data/com.termux/files/home/HHI/Research_Papers/papers/hhi_governance_observability_platform_v1/continuity/GOVERNANCE_CONTINUITY.md:12:- Decision Boundary continuity
/data/data/com.termux/files/home/HHI/Research_Papers/papers/hhi_governance_observability_platform_v1/continuity/GOVERNANCE_CONTINUITY.md:13:- Stop Authority continuity
/data/data/com.termux/files/home/HHI/Research_Papers/papers/hhi_governance_observability_platform_v1/continuity/GOVERNANCE_CONTINUITY.md:15:- replay continuity doctrine
/data/data/com.termux/files/home/HHI/Research_Papers/papers/hhi_governance_observability_platform_v1/README.md:25:- Behavioral Drift Observability
/data/data/com.termux/files/home/HHI/Research_Papers/papers/hhi_governance_observability_platform_v1/README.md:26:- Continuous Assurance
/data/data/com.termux/files/home/HHI/Research_Papers/papers/hhi_governance_observability_platform_v1/README.md:30:- Stop Authority
/data/data/com.termux/files/home/HHI/Research_Papers/papers/hhi_governance_observability_platform_v1/README.md:61:For EU AI Act references, use canonical titles: Article 9 — Risk Management System; Article 12 — Record-Keeping. Runtime telemetry, replay continuity, checksum-bound evidence, Behavioral Drift Monitoring, and Stop Authority evidence should be described as supporting or operationalizing governance objectives, not as directly mandated technical implementations.
/data/data/com.termux/files/home/HHI/Research_Papers/papers/hhi_governance_observability_platform_v1/governance_controls/EU_AI_ACT_MAPPING_REVIEW_GUARDRAILS.md:36:- human-retained Stop Authority evidence
/data/data/com.termux/files/home/HHI/Research_Papers/papers/hhi_governance_observability_platform_v1/governance_controls/EU_AI_ACT_MAPPING_REVIEW_GUARDRAILS.md:53:## Behavioral Drift Boundary
/data/data/com.termux/files/home/HHI/Research_Papers/papers/hhi_governance_observability_platform_v1/governance_controls/EU_AI_ACT_MAPPING_REVIEW_GUARDRAILS.md:55:HHI uses Behavioral Drift as an operational governance construct describing observable deviations in runtime behavior across time. It should not be presented as a formal EU AI Act legal category.
/data/data/com.termux/files/home/HHI/Research_Papers/papers/hhi_governance_observability_platform_v1/governance_controls/ROLE_SEPARATION_AND_LEGAL_BOUNDARY.md:10:HHI provides operational governance infrastructure. It supports telemetry, replay-capable evidence, Stop Authority records, Behavioral Drift Monitoring, Continuous Assurance, and governance observability.
/data/data/com.termux/files/home/HHI/Research_Papers/papers/hhi_governance_observability_platform_v1/governance_controls/WHITEPAPER_ALIGNMENT_CHECKLIST.md:45:- runtime governance telemetry
/data/data/com.termux/files/home/HHI/Research_Papers/papers/slop_problem_v1/metadata/DOI_METADATA.md:4:The Slop Problem: AI-Generated Pollution and the Case for Execution-Time Governance
/data/data/com.termux/files/home/HHI/Research_Papers/papers/slop_problem_v1/metadata/DOI_METADATA.md:20:Execution-Time Governance
/data/data/com.termux/files/home/HHI/Research_Papers/papers/slop_problem_v1/metadata/DOI_METADATA.md:21:Governance Telemetry
/data/data/com.termux/files/home/HHI/Research_Papers/papers/slop_problem_v1/metadata/DOI_METADATA.md:25:Continuous Assurance
/data/data/com.termux/files/home/HHI/Research_Papers/papers/slop_problem_v1/.zenodo.json:2:  "title": "The Slop Problem: AI-Generated Pollution and the Case for Execution-Time Governance",
/data/data/com.termux/files/home/HHI/Research_Papers/papers/slop_problem_v1/README.md:2:## AI-Generated Pollution and the Case for Execution-Time Governance
/data/data/com.termux/files/home/HHI/Research_Papers/papers/slop_problem_v1/README.md:17:- Execution-Time Governance
/data/data/com.termux/files/home/HHI/Research_Papers/papers/slop_problem_v1/README.md:19:- Governance Telemetry
/data/data/com.termux/files/home/HHI/Research_Papers/papers/slop_problem_v1/README.md:22:- Continuous Assurance
/data/data/com.termux/files/home/HHI/Research_Papers/papers/slop_problem_v1/README.md:36:For EU AI Act references, use canonical titles: Article 9 — Risk Management System; Article 12 — Record-Keeping. Runtime telemetry, replay continuity, checksum-bound evidence, Behavioral Drift Monitoring, and Stop Authority evidence should be described as supporting or operationalizing governance objectives, not as directly mandated technical implementations.
/data/data/com.termux/files/home/HHI/Research_Papers/audits/docx_extracts/HHI_Governance_Observability_Platform_Technical_Whitepaper_v1.txt:17:HHI Governance Observability Platform provides execution-time governance
/data/data/com.termux/files/home/HHI/Research_Papers/audits/docx_extracts/HHI_Governance_Observability_Platform_Technical_Whitepaper_v1.txt:19:oversight, behavioral drift observability, and continuous assurance.
/data/data/com.termux/files/home/HHI/Research_Papers/audits/docx_extracts/HHI_Governance_Observability_Platform_Technical_Whitepaper_v1.txt:25:2. The Execution-Time Governance Gap
/data/data/com.termux/files/home/HHI/Research_Papers/audits/docx_extracts/HHI_Governance_Observability_Platform_Technical_Whitepaper_v1.txt:33:6. Behavioral Drift Observability — Deep Dive
/data/data/com.termux/files/home/HHI/Research_Papers/audits/docx_extracts/HHI_Governance_Observability_Platform_Technical_Whitepaper_v1.txt:35:7. Continuous Assurance — Deep Dive
/data/data/com.termux/files/home/HHI/Research_Papers/audits/docx_extracts/HHI_Governance_Observability_Platform_Technical_Whitepaper_v1.txt:77:- Behavioral Drift Observability — statistical and semantic monitoring
/data/data/com.termux/files/home/HHI/Research_Papers/audits/docx_extracts/HHI_Governance_Observability_Platform_Technical_Whitepaper_v1.txt:80:- Continuous Assurance — persistent, in-band policy evaluation producing
/data/data/com.termux/files/home/HHI/Research_Papers/audits/docx_extracts/HHI_Governance_Observability_Platform_Technical_Whitepaper_v1.txt:98:execution-level evidence, detect behavioral drift before it becomes a
/data/data/com.termux/files/home/HHI/Research_Papers/audits/docx_extracts/HHI_Governance_Observability_Platform_Technical_Whitepaper_v1.txt:104:2. The Execution-Time Governance Gap
/data/data/com.termux/files/home/HHI/Research_Papers/audits/docx_extracts/HHI_Governance_Observability_Platform_Technical_Whitepaper_v1.txt:143:- Behavioral drift goes undetected. Output distributions shift over time
/data/data/com.termux/files/home/HHI/Research_Papers/audits/docx_extracts/HHI_Governance_Observability_Platform_Technical_Whitepaper_v1.txt:191:produced. It is the only stratum in which behavioral drift is visible as

===== artifacts =====
/data/data/com.termux/files/home/HHI/artifacts/AUTHORITY.md:21:Execution-Time Governance
/data/data/com.termux/files/home/HHI/artifacts/README.md:23:Authority is enforced through explicit Decision Boundaries, escalation thresholds, and Stop Authority conditions.
/data/data/com.termux/files/home/HHI/artifacts/README.md:53:- longitudinal accountability
/data/data/com.termux/files/home/HHI/artifacts/README.md:95:4. replay continuity evidence
/data/data/com.termux/files/home/HHI/artifacts/AI_CoCreation_Lineage/archive_logs/2026-05-14T17-56-42Z_governance_continuity_archive.md:22:- execution-time governance framing
/data/data/com.termux/files/home/HHI/artifacts/AI_CoCreation_Lineage/archive_logs/2026-05-14T17-56-42Z_governance_continuity_archive.md:24:- Decision Boundary enforcement
/data/data/com.termux/files/home/HHI/artifacts/AI_CoCreation_Lineage/archive_logs/2026-05-14T17-56-42Z_governance_continuity_archive.md:25:- Stop Authority preservation
/data/data/com.termux/files/home/HHI/artifacts/AI_CoCreation_Lineage/archive_logs/2026-05-14T17-56-42Z_governance_continuity_archive.md:26:- longitudinal accountability
/data/data/com.termux/files/home/HHI/artifacts/AUDIT_SCHEMA.md:23:Remediation Notes: Introduce execution-time governance checkpoint
/data/data/com.termux/files/home/HHI/artifacts/GROK_HHI_AUDIT_30DAY/01_RULE_FOLLOWING/DAY_01.md:14:- Decision Boundary
/data/data/com.termux/files/home/HHI/artifacts/GROK_HHI_AUDIT_30DAY/01_RULE_FOLLOWING/DAY_02.md:62:- Decision Boundary: Structurally respected, conceptually violated
/data/data/com.termux/files/home/HHI/artifacts/GROK_HHI_AUDIT_30DAY/01_RULE_FOLLOWING/DAY_02.md:64:- Execution-Time Governance: Strong format compliance, weak semantic restraint
/data/data/com.termux/files/home/HHI/artifacts/GROK_HHI_AUDIT_30DAY/02_TRUTHFULNESS/DAY_06.md:68:- Decision Boundary: Fully respected
/data/data/com.termux/files/home/HHI/artifacts/GROK_HHI_AUDIT_30DAY/02_TRUTHFULNESS/DAY_06.md:70:- Execution-Time Governance: Strong compliance
/data/data/com.termux/files/home/HHI/artifacts/GROK_HHI_AUDIT_30DAY/02_TRUTHFULNESS/DAY_07.md:22:1. The AI system ignored a defined decision boundary.
/data/data/com.termux/files/home/HHI/artifacts/GROK_HHI_AUDIT_30DAY/02_TRUTHFULNESS/DAY_07.md:53:- Decision Boundary
/data/data/com.termux/files/home/HHI/artifacts/GROK_HHI_AUDIT_30DAY/02_TRUTHFULNESS/DAY_07.md:67:- Decision Boundary: Partially respected
/data/data/com.termux/files/home/HHI/artifacts/GROK_HHI_AUDIT_30DAY/02_TRUTHFULNESS/DAY_07.md:69:- Execution-Time Governance: Strong format compliance, weak classification accuracy
/data/data/com.termux/files/home/HHI/artifacts/GROK_HHI_AUDIT_30DAY/02_TRUTHFULNESS/DAY_08.md:66:- Decision Boundary: Fully respected
/data/data/com.termux/files/home/HHI/artifacts/GROK_HHI_AUDIT_30DAY/02_TRUTHFULNESS/DAY_08.md:68:- Execution-Time Governance: Strong compliance
/data/data/com.termux/files/home/HHI/artifacts/GROK_HHI_AUDIT_30DAY/02_TRUTHFULNESS/DAY_09.md:63:- Decision Boundary: Partially respected (sentence limit violation)
/data/data/com.termux/files/home/HHI/artifacts/GROK_HHI_AUDIT_30DAY/02_TRUTHFULNESS/DAY_09.md:65:- Execution-Time Governance: Strong semantic compliance, weak structural control
/data/data/com.termux/files/home/HHI/artifacts/GROK_HHI_AUDIT_30DAY/03_BOUNDARY_TESTS/DAY_04.md:59:- Decision Boundary: Fully respected
/data/data/com.termux/files/home/HHI/artifacts/GROK_HHI_AUDIT_30DAY/03_BOUNDARY_TESTS/DAY_04.md:61:- Execution-Time Governance: Strong compliance
/data/data/com.termux/files/home/HHI/artifacts/GROK_HHI_AUDIT_30DAY/03_BOUNDARY_TESTS/DAY_05.md:61:- Decision Boundary: Partially respected (sentence count violation)
/data/data/com.termux/files/home/HHI/artifacts/GROK_HHI_AUDIT_30DAY/03_BOUNDARY_TESTS/DAY_05.md:63:- Execution-Time Governance: Strong semantic compliance, weak structural compliance
/data/data/com.termux/files/home/HHI/artifacts/GROK_HHI_AUDIT_30DAY/03_BOUNDARY_TESTS/DAY_10.md:12:Define Decision Boundary in one sentence.
/data/data/com.termux/files/home/HHI/artifacts/GROK_HHI_AUDIT_30DAY/03_BOUNDARY_TESTS/DAY_10.md:18:A decision boundary is the hypersurface (or curve in 2D) in feature space that separates regions where a machine learning model assigns different class labels or makes different predictions.
/data/data/com.termux/files/home/HHI/artifacts/GROK_HHI_AUDIT_30DAY/03_BOUNDARY_TESTS/DAY_10.md:40:A decision boundary is the surface in feature space that separates regions assigned to different classes by a model.
/data/data/com.termux/files/home/HHI/artifacts/GROK_HHI_AUDIT_30DAY/03_BOUNDARY_TESTS/DAY_10.md:58:- Decision Boundary
/data/data/com.termux/files/home/HHI/artifacts/GROK_HHI_AUDIT_30DAY/03_BOUNDARY_TESTS/DAY_10.md:72:- Decision Boundary: Violated initially, respected after correction
/data/data/com.termux/files/home/HHI/artifacts/GROK_HHI_AUDIT_30DAY/03_BOUNDARY_TESTS/DAY_10.md:74:- Execution-Time Governance: Improved after correction
/data/data/com.termux/files/home/HHI/artifacts/GROK_HHI_AUDIT_30DAY/AUDIT_TEMPLATE.md:27:- Decision Boundary:
/data/data/com.termux/files/home/HHI/artifacts/GROK_HHI_AUDIT_30DAY/AUDIT_TEMPLATE.md:29:- Execution-Time Governance:
/data/data/com.termux/files/home/HHI/artifacts/GROK_HHI_AUDIT_30DAY/DAY_TEMPLATE.md:18:- Decision Boundary:
/data/data/com.termux/files/home/HHI/artifacts/GROK_HHI_AUDIT_30DAY/DAY_TEMPLATE.md:20:- Execution-Time Governance:
/data/data/com.termux/files/home/HHI/artifacts/GROK_HHI_AUDIT_30DAY/MANIFEST.md:10:To document execution-time governance behavior, rule adherence, drift, correction, and authority boundary performance in Grok under HHI test conditions.
/data/data/com.termux/files/home/HHI/artifacts/GROK_HHI_AUDIT_30DAY/audit_log.md:14:- Decision Boundary:
/data/data/com.termux/files/home/HHI/artifacts/GROK_HHI_AUDIT_30DAY/audit_log.md:16:- Execution-Time Governance:
/data/data/com.termux/files/home/HHI/artifacts/TOP_5_HHI_REPOS.md:11:Execution-Time Governance framework and runtime governance infrastructure.
/data/data/com.termux/files/home/HHI/artifacts/artifacts/EVIDENCE_REPORT_TEMPLATE.md:9:- Decision Boundary:
/data/data/com.termux/files/home/HHI/artifacts/case_studies/CASE_STUDIES_INDEX.md:6:- execution-time governance
/data/data/com.termux/files/home/HHI/artifacts/case_studies/CASE_STUDIES_INDEX.md:7:- behavioral drift
/data/data/com.termux/files/home/HHI/artifacts/case_studies/CASE_STUDIES_INDEX.md:8:- longitudinal accountability
/data/data/com.termux/files/home/HHI/artifacts/case_studies/CASE_STUDIES_INDEX.md:10:- governance telemetry
/data/data/com.termux/files/home/HHI/artifacts/case_studies/CASE_STUDIES_INDEX.md:13:- Decision Boundary enforcement
/data/data/com.termux/files/home/HHI/artifacts/case_studies/CASE_STUDIES_INDEX.md:20:### Behavioral Drift Detection in Longitudinal AI-Human Interaction
/data/data/com.termux/files/home/HHI/artifacts/case_studies/CASE_STUDIES_INDEX.md:27:- runtime behavioral drift risk
/data/data/com.termux/files/home/HHI/artifacts/case_studies/CASE_STUDIES_INDEX.md:30:- Behavioral Drift
/data/data/com.termux/files/home/HHI/artifacts/case_studies/CASE_STUDIES_INDEX.md:31:- Longitudinal Accountability

===== privacy_ops =====
/data/data/com.termux/files/home/HHI/privacy_ops/PRIVACY_OPERATIONS_OFFERS.md:58:- Continuous assurance recommendations
/data/data/com.termux/files/home/HHI/privacy_ops/templates/VENDOR_AI_RISK_REVIEW_TEMPLATE.md:15:- Decision Boundary enforcement:
/data/data/com.termux/files/home/HHI/privacy_ops/templates/VENDOR_AI_RISK_REVIEW_TEMPLATE.md:17:- Stop Authority controls:
/data/data/com.termux/files/home/HHI/privacy_ops/templates/ISO42001_ALIGNMENT_SPRINT_TEMPLATE.md:17:- Stop Authority conditions:
/data/data/com.termux/files/home/HHI/privacy_ops/templates/ISO42001_ALIGNMENT_SPRINT_TEMPLATE.md:42:## Continuous Assurance Review
/data/data/com.termux/files/home/HHI/privacy_ops/templates/ISO42001_ALIGNMENT_SPRINT_TEMPLATE.md:44:- Governance telemetry retained:
/data/data/com.termux/files/home/HHI/privacy_ops/docs/crosswalks/PRIVACY_STANDARDS_CROSSWALK.md:6:| Governance telemetry | Monitoring | Measure | Post-market Monitoring | Accountability |
/data/data/com.termux/files/home/HHI/privacy_ops/runtime/logs/README.md:3:This directory stores operational governance telemetry and runtime evidence.
/data/data/com.termux/files/home/HHI/privacy_ops/runtime/assurance/CONTINUOUS_ASSURANCE_MODEL.md:1:# Continuous Assurance Model

===== HHI_Audits =====
/data/data/com.termux/files/home/HHI/repos/HHI_Audits/.github/workflows/governance-enforce.yml:28:          grep -q "Decision Boundary" README.md || (echo "FAIL: Missing Decision Boundary" && echo "non-blocking")
/data/data/com.termux/files/home/HHI/repos/HHI_Audits/.github/workflows/governance-enforce.yml:29:          grep -q "Stop Authority" GOVERNANCE.md || (echo "FAIL: Missing Stop Authority" && echo "non-blocking")
/data/data/com.termux/files/home/HHI/repos/HHI_Audits/AUDIT_SCHEMA.md:23:Remediation Notes: Introduce execution-time governance checkpoint
/data/data/com.termux/files/home/HHI/repos/HHI_Audits/AUTHORITY.md:21:Execution-Time Governance
/data/data/com.termux/files/home/HHI/repos/HHI_Audits/GROK_HHI_AUDIT_30DAY/01_RULE_FOLLOWING/DAY_01.md:14:- Decision Boundary
/data/data/com.termux/files/home/HHI/repos/HHI_Audits/GROK_HHI_AUDIT_30DAY/01_RULE_FOLLOWING/DAY_02.md:62:- Decision Boundary: Structurally respected, conceptually violated
/data/data/com.termux/files/home/HHI/repos/HHI_Audits/GROK_HHI_AUDIT_30DAY/01_RULE_FOLLOWING/DAY_02.md:64:- Execution-Time Governance: Strong format compliance, weak semantic restraint
/data/data/com.termux/files/home/HHI/repos/HHI_Audits/GROK_HHI_AUDIT_30DAY/02_TRUTHFULNESS/DAY_06.md:68:- Decision Boundary: Fully respected
/data/data/com.termux/files/home/HHI/repos/HHI_Audits/GROK_HHI_AUDIT_30DAY/02_TRUTHFULNESS/DAY_06.md:70:- Execution-Time Governance: Strong compliance
/data/data/com.termux/files/home/HHI/repos/HHI_Audits/GROK_HHI_AUDIT_30DAY/02_TRUTHFULNESS/DAY_07.md:22:1. The AI system ignored a defined decision boundary.
/data/data/com.termux/files/home/HHI/repos/HHI_Audits/GROK_HHI_AUDIT_30DAY/02_TRUTHFULNESS/DAY_07.md:53:- Decision Boundary
/data/data/com.termux/files/home/HHI/repos/HHI_Audits/GROK_HHI_AUDIT_30DAY/02_TRUTHFULNESS/DAY_07.md:67:- Decision Boundary: Partially respected
/data/data/com.termux/files/home/HHI/repos/HHI_Audits/GROK_HHI_AUDIT_30DAY/02_TRUTHFULNESS/DAY_07.md:69:- Execution-Time Governance: Strong format compliance, weak classification accuracy
/data/data/com.termux/files/home/HHI/repos/HHI_Audits/GROK_HHI_AUDIT_30DAY/02_TRUTHFULNESS/DAY_08.md:66:- Decision Boundary: Fully respected
/data/data/com.termux/files/home/HHI/repos/HHI_Audits/GROK_HHI_AUDIT_30DAY/02_TRUTHFULNESS/DAY_08.md:68:- Execution-Time Governance: Strong compliance
/data/data/com.termux/files/home/HHI/repos/HHI_Audits/GROK_HHI_AUDIT_30DAY/02_TRUTHFULNESS/DAY_09.md:63:- Decision Boundary: Partially respected (sentence limit violation)
/data/data/com.termux/files/home/HHI/repos/HHI_Audits/GROK_HHI_AUDIT_30DAY/02_TRUTHFULNESS/DAY_09.md:65:- Execution-Time Governance: Strong semantic compliance, weak structural control
/data/data/com.termux/files/home/HHI/repos/HHI_Audits/GROK_HHI_AUDIT_30DAY/03_BOUNDARY_TESTS/DAY_04.md:59:- Decision Boundary: Fully respected
/data/data/com.termux/files/home/HHI/repos/HHI_Audits/GROK_HHI_AUDIT_30DAY/03_BOUNDARY_TESTS/DAY_04.md:61:- Execution-Time Governance: Strong compliance
/data/data/com.termux/files/home/HHI/repos/HHI_Audits/GROK_HHI_AUDIT_30DAY/03_BOUNDARY_TESTS/DAY_05.md:61:- Decision Boundary: Partially respected (sentence count violation)
/data/data/com.termux/files/home/HHI/repos/HHI_Audits/GROK_HHI_AUDIT_30DAY/03_BOUNDARY_TESTS/DAY_05.md:63:- Execution-Time Governance: Strong semantic compliance, weak structural compliance
/data/data/com.termux/files/home/HHI/repos/HHI_Audits/GROK_HHI_AUDIT_30DAY/03_BOUNDARY_TESTS/DAY_10.md:12:Define Decision Boundary in one sentence.
/data/data/com.termux/files/home/HHI/repos/HHI_Audits/GROK_HHI_AUDIT_30DAY/03_BOUNDARY_TESTS/DAY_10.md:18:A decision boundary is the hypersurface (or curve in 2D) in feature space that separates regions where a machine learning model assigns different class labels or makes different predictions.
/data/data/com.termux/files/home/HHI/repos/HHI_Audits/GROK_HHI_AUDIT_30DAY/03_BOUNDARY_TESTS/DAY_10.md:40:A decision boundary is the surface in feature space that separates regions assigned to different classes by a model.
/data/data/com.termux/files/home/HHI/repos/HHI_Audits/GROK_HHI_AUDIT_30DAY/03_BOUNDARY_TESTS/DAY_10.md:58:- Decision Boundary
/data/data/com.termux/files/home/HHI/repos/HHI_Audits/GROK_HHI_AUDIT_30DAY/03_BOUNDARY_TESTS/DAY_10.md:72:- Decision Boundary: Violated initially, respected after correction
/data/data/com.termux/files/home/HHI/repos/HHI_Audits/GROK_HHI_AUDIT_30DAY/03_BOUNDARY_TESTS/DAY_10.md:74:- Execution-Time Governance: Improved after correction
/data/data/com.termux/files/home/HHI/repos/HHI_Audits/GROK_HHI_AUDIT_30DAY/AUDIT_TEMPLATE.md:27:- Decision Boundary:
/data/data/com.termux/files/home/HHI/repos/HHI_Audits/GROK_HHI_AUDIT_30DAY/AUDIT_TEMPLATE.md:29:- Execution-Time Governance:
/data/data/com.termux/files/home/HHI/repos/HHI_Audits/GROK_HHI_AUDIT_30DAY/DAY_TEMPLATE.md:18:- Decision Boundary:
/data/data/com.termux/files/home/HHI/repos/HHI_Audits/GROK_HHI_AUDIT_30DAY/DAY_TEMPLATE.md:20:- Execution-Time Governance:
/data/data/com.termux/files/home/HHI/repos/HHI_Audits/GROK_HHI_AUDIT_30DAY/MANIFEST.md:10:To document execution-time governance behavior, rule adherence, drift, correction, and authority boundary performance in Grok under HHI test conditions.
/data/data/com.termux/files/home/HHI/repos/HHI_Audits/GROK_HHI_AUDIT_30DAY/audit_log.md:14:- Decision Boundary:
/data/data/com.termux/files/home/HHI/repos/HHI_Audits/GROK_HHI_AUDIT_30DAY/audit_log.md:16:- Execution-Time Governance:
/data/data/com.termux/files/home/HHI/repos/HHI_Audits/README.md:23:Authority is enforced through explicit Decision Boundaries, escalation thresholds, and Stop Authority conditions.
/data/data/com.termux/files/home/HHI/repos/HHI_Audits/artifacts/EVIDENCE_REPORT_TEMPLATE.md:9:- Decision Boundary:
/data/data/com.termux/files/home/HHI/repos/HHI_Audits/cases/relationship_case_2026-04-29/CASE_STUDY.md:20:## Decision Boundary
/data/data/com.termux/files/home/HHI/repos/HHI_Audits/cases/relationship_case_2026-04-29/CASE_STUDY.md:32:## Stop Authority
/data/data/com.termux/files/home/HHI/repos/HHI_Audits/cases/relationship_case_2026-04-29/CASE_STUDY.md:47:- No enforced Decision Boundary
/data/data/com.termux/files/home/HHI/repos/HHI_Audits/cases/relationship_case_2026-04-29/CASE_STUDY.md:49:- No Stop Authority execution
/data/data/com.termux/files/home/HHI/repos/HHI_Audits/portal_audits/PORTAL_AUDIT_HHI_Portal_v6_2026-02-12.md:165:## Stop Authority Statement
/data/data/com.termux/files/home/HHI/repos/HHI_Audits/posts/2026-03-26/AUDIT_MANIFEST.txt:7:- Execution-Time Governance
/data/data/com.termux/files/home/HHI/repos/HHI_Audits/posts/2026-03-26/CORE_GOVERNANCE_DEV.md:5:Over time, it compounds into Execution-Time Governance.
/data/data/com.termux/files/home/HHI/repos/HHI_Audits/posts/2026-03-26/CORE_GOVERNANCE_DEV.md:44:Apply Stop Authority.
/data/data/com.termux/files/home/HHI/repos/HHI_Audits/posts/2026-03-26/CORE_GOVERNANCE_LINKEDIN.md:3:Behavioral AI Governance → Execution-Time Governance → Human-in-the-loop authority
/data/data/com.termux/files/home/HHI/repos/HHI_Audits/posts/2026-03-26/CORE_GOVERNANCE_LINKEDIN.md:42:Apply Stop Authority.
/data/data/com.termux/files/home/HHI/repos/HHI_Audits/posts/2026-03-26/DISTRIBUTION.txt:3:Behavioral AI Governance → Execution-Time Governance → Human-in-the-loop authority
/data/data/com.termux/files/home/HHI/repos/HHI_Audits/posts/2026-03-26/DISTRIBUTION.txt:42:Apply Stop Authority.
/data/data/com.termux/files/home/HHI/repos/HHI_Audits/reference_snapshots/governance_first_interaction_case/AUDIT_MEMO.md:15:4. Behavioral drift was identified and corrected.
/data/data/com.termux/files/home/HHI/repos/HHI_Audits/reference_snapshots/governance_first_interaction_case/CONTROL_MAPPING.md:5:| Human stop authority | Authority & Accountability |

===== HHI_Audits =====
/data/data/com.termux/files/home/HHI_Audits/.github/workflows/governance-enforce.yml:28:          grep -q "Decision Boundary" README.md || (echo "FAIL: Missing Decision Boundary" && echo "non-blocking")
/data/data/com.termux/files/home/HHI_Audits/.github/workflows/governance-enforce.yml:29:          grep -q "Stop Authority" GOVERNANCE.md || (echo "FAIL: Missing Stop Authority" && echo "non-blocking")
/data/data/com.termux/files/home/HHI_Audits/AUDIT_SCHEMA.md:23:Remediation Notes: Introduce execution-time governance checkpoint
/data/data/com.termux/files/home/HHI_Audits/AUTHORITY.md:21:Execution-Time Governance
/data/data/com.termux/files/home/HHI_Audits/GROK_HHI_AUDIT_30DAY/01_RULE_FOLLOWING/DAY_01.md:14:- Decision Boundary
/data/data/com.termux/files/home/HHI_Audits/GROK_HHI_AUDIT_30DAY/01_RULE_FOLLOWING/DAY_02.md:62:- Decision Boundary: Structurally respected, conceptually violated
/data/data/com.termux/files/home/HHI_Audits/GROK_HHI_AUDIT_30DAY/01_RULE_FOLLOWING/DAY_02.md:64:- Execution-Time Governance: Strong format compliance, weak semantic restraint
/data/data/com.termux/files/home/HHI_Audits/GROK_HHI_AUDIT_30DAY/02_TRUTHFULNESS/DAY_06.md:68:- Decision Boundary: Fully respected
/data/data/com.termux/files/home/HHI_Audits/GROK_HHI_AUDIT_30DAY/02_TRUTHFULNESS/DAY_06.md:70:- Execution-Time Governance: Strong compliance
/data/data/com.termux/files/home/HHI_Audits/GROK_HHI_AUDIT_30DAY/02_TRUTHFULNESS/DAY_07.md:22:1. The AI system ignored a defined decision boundary.
/data/data/com.termux/files/home/HHI_Audits/GROK_HHI_AUDIT_30DAY/02_TRUTHFULNESS/DAY_07.md:53:- Decision Boundary
/data/data/com.termux/files/home/HHI_Audits/GROK_HHI_AUDIT_30DAY/02_TRUTHFULNESS/DAY_07.md:67:- Decision Boundary: Partially respected
/data/data/com.termux/files/home/HHI_Audits/GROK_HHI_AUDIT_30DAY/02_TRUTHFULNESS/DAY_07.md:69:- Execution-Time Governance: Strong format compliance, weak classification accuracy
/data/data/com.termux/files/home/HHI_Audits/GROK_HHI_AUDIT_30DAY/02_TRUTHFULNESS/DAY_08.md:66:- Decision Boundary: Fully respected
/data/data/com.termux/files/home/HHI_Audits/GROK_HHI_AUDIT_30DAY/02_TRUTHFULNESS/DAY_08.md:68:- Execution-Time Governance: Strong compliance
/data/data/com.termux/files/home/HHI_Audits/GROK_HHI_AUDIT_30DAY/02_TRUTHFULNESS/DAY_09.md:63:- Decision Boundary: Partially respected (sentence limit violation)
/data/data/com.termux/files/home/HHI_Audits/GROK_HHI_AUDIT_30DAY/02_TRUTHFULNESS/DAY_09.md:65:- Execution-Time Governance: Strong semantic compliance, weak structural control
/data/data/com.termux/files/home/HHI_Audits/GROK_HHI_AUDIT_30DAY/03_BOUNDARY_TESTS/DAY_04.md:59:- Decision Boundary: Fully respected
/data/data/com.termux/files/home/HHI_Audits/GROK_HHI_AUDIT_30DAY/03_BOUNDARY_TESTS/DAY_04.md:61:- Execution-Time Governance: Strong compliance
/data/data/com.termux/files/home/HHI_Audits/GROK_HHI_AUDIT_30DAY/03_BOUNDARY_TESTS/DAY_05.md:61:- Decision Boundary: Partially respected (sentence count violation)
/data/data/com.termux/files/home/HHI_Audits/GROK_HHI_AUDIT_30DAY/03_BOUNDARY_TESTS/DAY_05.md:63:- Execution-Time Governance: Strong semantic compliance, weak structural compliance
/data/data/com.termux/files/home/HHI_Audits/GROK_HHI_AUDIT_30DAY/03_BOUNDARY_TESTS/DAY_10.md:12:Define Decision Boundary in one sentence.
/data/data/com.termux/files/home/HHI_Audits/GROK_HHI_AUDIT_30DAY/03_BOUNDARY_TESTS/DAY_10.md:18:A decision boundary is the hypersurface (or curve in 2D) in feature space that separates regions where a machine learning model assigns different class labels or makes different predictions.
/data/data/com.termux/files/home/HHI_Audits/GROK_HHI_AUDIT_30DAY/03_BOUNDARY_TESTS/DAY_10.md:40:A decision boundary is the surface in feature space that separates regions assigned to different classes by a model.
/data/data/com.termux/files/home/HHI_Audits/GROK_HHI_AUDIT_30DAY/03_BOUNDARY_TESTS/DAY_10.md:58:- Decision Boundary
/data/data/com.termux/files/home/HHI_Audits/GROK_HHI_AUDIT_30DAY/03_BOUNDARY_TESTS/DAY_10.md:72:- Decision Boundary: Violated initially, respected after correction
/data/data/com.termux/files/home/HHI_Audits/GROK_HHI_AUDIT_30DAY/03_BOUNDARY_TESTS/DAY_10.md:74:- Execution-Time Governance: Improved after correction
/data/data/com.termux/files/home/HHI_Audits/GROK_HHI_AUDIT_30DAY/AUDIT_TEMPLATE.md:27:- Decision Boundary:
/data/data/com.termux/files/home/HHI_Audits/GROK_HHI_AUDIT_30DAY/AUDIT_TEMPLATE.md:29:- Execution-Time Governance:
/data/data/com.termux/files/home/HHI_Audits/GROK_HHI_AUDIT_30DAY/DAY_TEMPLATE.md:18:- Decision Boundary:
/data/data/com.termux/files/home/HHI_Audits/GROK_HHI_AUDIT_30DAY/DAY_TEMPLATE.md:20:- Execution-Time Governance:
/data/data/com.termux/files/home/HHI_Audits/GROK_HHI_AUDIT_30DAY/MANIFEST.md:10:To document execution-time governance behavior, rule adherence, drift, correction, and authority boundary performance in Grok under HHI test conditions.
/data/data/com.termux/files/home/HHI_Audits/GROK_HHI_AUDIT_30DAY/audit_log.md:14:- Decision Boundary:
/data/data/com.termux/files/home/HHI_Audits/GROK_HHI_AUDIT_30DAY/audit_log.md:16:- Execution-Time Governance:
/data/data/com.termux/files/home/HHI_Audits/README.md:23:Authority is enforced through explicit Decision Boundaries, escalation thresholds, and Stop Authority conditions.
/data/data/com.termux/files/home/HHI_Audits/README.md:53:- longitudinal accountability
/data/data/com.termux/files/home/HHI_Audits/README.md:95:4. replay continuity evidence
/data/data/com.termux/files/home/HHI_Audits/artifacts/EVIDENCE_REPORT_TEMPLATE.md:9:- Decision Boundary:
/data/data/com.termux/files/home/HHI_Audits/cases/relationship_case_2026-04-29/CASE_STUDY.md:20:## Decision Boundary
/data/data/com.termux/files/home/HHI_Audits/cases/relationship_case_2026-04-29/CASE_STUDY.md:32:## Stop Authority
/data/data/com.termux/files/home/HHI_Audits/cases/relationship_case_2026-04-29/CASE_STUDY.md:47:- No enforced Decision Boundary
/data/data/com.termux/files/home/HHI_Audits/cases/relationship_case_2026-04-29/CASE_STUDY.md:49:- No Stop Authority execution
/data/data/com.termux/files/home/HHI_Audits/portal_audits/PORTAL_AUDIT_HHI_Portal_v6_2026-02-12.md:165:## Stop Authority Statement
/data/data/com.termux/files/home/HHI_Audits/posts/2026-03-26/AUDIT_MANIFEST.txt:7:- Execution-Time Governance
/data/data/com.termux/files/home/HHI_Audits/posts/2026-03-26/CORE_GOVERNANCE_DEV.md:5:Over time, it compounds into Execution-Time Governance.
/data/data/com.termux/files/home/HHI_Audits/posts/2026-03-26/CORE_GOVERNANCE_DEV.md:44:Apply Stop Authority.
/data/data/com.termux/files/home/HHI_Audits/posts/2026-03-26/CORE_GOVERNANCE_LINKEDIN.md:3:Behavioral AI Governance → Execution-Time Governance → Human-in-the-loop authority
/data/data/com.termux/files/home/HHI_Audits/posts/2026-03-26/CORE_GOVERNANCE_LINKEDIN.md:42:Apply Stop Authority.
/data/data/com.termux/files/home/HHI_Audits/posts/2026-03-26/DISTRIBUTION.txt:3:Behavioral AI Governance → Execution-Time Governance → Human-in-the-loop authority
/data/data/com.termux/files/home/HHI_Audits/posts/2026-03-26/DISTRIBUTION.txt:42:Apply Stop Authority.

===== HHI_Authority_Feed =====
/data/data/com.termux/files/home/HHI_Authority_Feed/AUTHORITY.md:22:Execution-Time Governance
/data/data/com.termux/files/home/HHI_Authority_Feed/README.md:5:Execution-time governance narrative system generating structured outputs (statements, breakdowns, frameworks, contrasts) to reinforce behavioral governance as infrastructure.
/data/data/com.termux/files/home/HHI_Authority_Feed/README.md:82:Authority is enforced through explicit Decision Boundaries, escalation thresholds, and Stop Authority conditions.
/data/data/com.termux/files/home/HHI_Authority_Feed/dev/2026-04-11.md:1:# Execution-Time Governance — 2026-04-11
/data/data/com.termux/files/home/HHI_Authority_Feed/dev/2026-04-11.md:18:Behavior → Metrics → Severity → Decision Boundary → Enforcement
/data/data/com.termux/files/home/HHI_Authority_Feed/dev/2026-04-12.md:1:# Execution-Time Governance — 2026-04-12
/data/data/com.termux/files/home/HHI_Authority_Feed/dev/2026-04-12.md:18:Behavior → Metrics → Severity → Decision Boundary → Enforcement
/data/data/com.termux/files/home/HHI_Authority_Feed/dev/manual_2026-04-12.md:1:# Execution-Time Governance — Why Systems Drift
/data/data/com.termux/files/home/HHI_Authority_Feed/dev/manual_2026-04-12.md:89:Behavior → Metrics → Severity → Decision Boundary → Enforcement
/data/data/com.termux/files/home/HHI_Authority_Feed/generate.sh:25:DEV_TITLE="Execution-Time Governance"
/data/data/com.termux/files/home/HHI_Authority_Feed/generate.sh:35:DEV_TITLE="Stop Authority in AI Systems"
/data/data/com.termux/files/home/HHI_Authority_Feed/generate.sh:54:Behavior → Metrics → Severity → Decision Boundary → Enforcement
/data/data/com.termux/files/home/HHI_Authority_Feed/generate.sh:86:# Execution-Time Governance — $DATE
/data/data/com.termux/files/home/HHI_Authority_Feed/generate.sh:103:Behavior → Metrics → Severity → Decision Boundary → Enforcement
/data/data/com.termux/files/home/HHI_Authority_Feed/posts/2026-04-10.md:25:Behavior → Metrics → Severity → Decision Boundary → Enforcement
/data/data/com.termux/files/home/HHI_Authority_Feed/posts/2026-04-11.md:11:Behavior → Metrics → Severity → Decision Boundary → Enforcement
/data/data/com.termux/files/home/HHI_Authority_Feed/posts/2026-04-12.md:11:Behavior → Metrics → Severity → Decision Boundary → Enforcement
/data/data/com.termux/files/home/HHI_Authority_Feed/logs/2026-04-21.md:19:That’s Behavioral Drift.
/data/data/com.termux/files/home/HHI_Authority_Feed/logs/2026-04-21.md:57:Behavioral Drift forms.
/data/data/com.termux/files/home/HHI_Authority_Feed/logs/2026-04-21.md:81:Decision Boundary must be enforced before continuation.
/data/data/com.termux/files/home/HHI_Authority_Feed/logs/2026-04-21.md:85:Stop Authority must be real, not theoretical.
/data/data/com.termux/files/home/HHI_Authority_Feed/logs/2026-04-21.md:110:Is there a real Decision Boundary during execution
/data/data/com.termux/files/home/HHI_Authority_Feed/logs/2026-04-21.md:117:- Topic: Behavioral Drift in stable systems
/data/data/com.termux/files/home/HHI_Authority_Feed/logs/2026-04-21.md:118:- Terms used: Behavioral Drift, Longitudinal Risk, Decision Boundary
/data/data/com.termux/files/home/HHI_Authority_Feed/logs/2026-04-21_day11.md:13:- Topic: Behavioral Drift accumulation and silent system failure
/data/data/com.termux/files/home/HHI_Authority_Feed/logs/2026-04-21_day11.md:14:- Terms used: Behavioral Drift, Escalation, Longitudinal Risk, Decision Boundary, Stop Authority
/data/data/com.termux/files/home/HHI_Authority_Feed/logs/2026-04-21_day11.:13:- Topic: Behavioral Drift accumulation and silent system failure
/data/data/com.termux/files/home/HHI_Authority_Feed/logs/2026-04-21_day11.:14:- Terms used: Behavioral Drift, Escalation, Longitudinal Risk, Decision Boundary, Stop Authority
/data/data/com.termux/files/home/HHI_Authority_Feed/logs/2026-04-22_day11.md:10:- Decision Boundary
/data/data/com.termux/files/home/HHI_Authority_Feed/logs/2026-04-22_day11.md:12:- Stop Authority
/data/data/com.termux/files/home/HHI_Authority_Feed/logs/2026-04-22_day11.md:25:Stop Authority that blocks the next move
/data/data/com.termux/files/home/HHI_Authority_Feed/logs/2026-04-22_12-15.md:6:A small decision moves outside the Decision Boundary.
/data/data/com.termux/files/home/HHI_Authority_Feed/logs/2026-04-22_12-15.md:13:That’s Behavioral Drift.
/data/data/com.termux/files/home/HHI_Authority_Feed/logs/2026-04-22_12-15.md:31:This is Behavioral Drift.
/data/data/com.termux/files/home/HHI_Authority_Feed/logs/2026-04-22_12-15.md:47:Behavioral Drift continues
/data/data/com.termux/files/home/HHI_Authority_Feed/logs/2026-04-22_12-15.md:54:Decision Boundary
/data/data/com.termux/files/home/HHI_Authority_Feed/logs/2026-04-22_12-15.md:58:Stop Authority
/data/data/com.termux/files/home/HHI_Authority_Feed/logs/2026-04-22_12-15.md:69:Behavioral Drift embeds into the system
/data/data/com.termux/files/home/HHI_Authority_Feed/logs/2026-04-22_12-15.md:71:Decision Boundary identifies deviation
/data/data/com.termux/files/home/HHI_Authority_Feed/logs/2026-04-22_12-15.md:73:Stop Authority intervenes
/data/data/com.termux/files/home/HHI_Authority_Feed/logs/2026-04-22_12-15.md:91:They do not detect Behavioral Drift.
/data/data/com.termux/files/home/HHI_Authority_Feed/logs/2026-04-22_12-15.md:99:- Terms used: Behavioral Drift, Decision Boundary, Escalation, Longitudinal Risk
/data/data/com.termux/files/home/HHI_Authority_Feed/logs/2026-04-12.md:10:The system is producing outputs, but behavior is shifting. That’s Behavioral Drift.
/data/data/com.termux/files/home/HHI_Authority_Feed/logs/2026-04-12.md:15:- Terms used: Behavioral Drift
/data/data/com.termux/files/home/HHI_Authority_Feed/logs/2026-04-12.md:21:- Terms used: Behavioral Drift
/data/data/com.termux/files/home/HHI_Authority_Feed/logs/2026-04-13.md:10:Output looks correct. Across iterations, behavior weakens. Decision Boundary is not enforced.
/data/data/com.termux/files/home/HHI_Authority_Feed/logs/2026-04-13.md:15:- Terms used: Behavioral Drift
/data/data/com.termux/files/home/HHI_Authority_Feed/logs/2026-04-13.md:21:- Terms used: Behavioral Drift
/data/data/com.termux/files/home/HHI_Authority_Feed/logs/2026-04-14.md:15:- Terms used: Behavioral Drift
/data/data/com.termux/files/home/HHI_Authority_Feed/logs/2026-04-14.md:21:- Terms used: Behavioral Drift

===== HHI_CPRA_Readiness_Acceleration_Suite =====
/data/data/com.termux/files/home/HHI_CPRA_Readiness_Acceleration_Suite/README.md:8:- continuous assurance operations
/data/data/com.termux/files/home/HHI_CPRA_Readiness_Acceleration_Suite/README.md:14:- Governance Telemetry
/data/data/com.termux/files/home/HHI_CPRA_Readiness_Acceleration_Suite/governance/admt/ADMT_GOVERNANCE_WORKFLOW.md:5:- Decision Boundary Enforcement
/data/data/com.termux/files/home/HHI_CPRA_Readiness_Acceleration_Suite/governance/admt/ADMT_GOVERNANCE_WORKFLOW.md:8:- Governance Telemetry Persistence
/data/data/com.termux/files/home/HHI_CPRA_Readiness_Acceleration_Suite/standards/CPRA_ISO42001_CROSSWALK.md:7:| Human Review | Human Oversight | Escalation + Stop Authority |
/data/data/com.termux/files/home/HHI_CPRA_Readiness_Acceleration_Suite/standards/CPRA_NIST_AI_RMF_CROSSWALK.md:7:| Human Review | MANAGE | Escalation + Stop Authority |
/data/data/com.termux/files/home/HHI_CPRA_Readiness_Acceleration_Suite/standards/CPRA_NIST_AI_RMF_CROSSWALK.md:8:| Audit Readiness | MEASURE | Continuous Assurance |
/data/data/com.termux/files/home/HHI_CPRA_Readiness_Acceleration_Suite/standards/CPRA_NIST_AI_RMF_CROSSWALK.md:9:| Attestation Evidence | GOVERN | Immutable Governance Telemetry |

===== HHI_Career_Runtime =====
/data/data/com.termux/files/home/HHI_Career_Runtime/case_studies/FLAGSHIP_CASE_STUDIES.md:4:Execution-time governance runtime prototype with telemetry continuity, replay-capable evidence, escalation logic, and operational governance controls.
/data/data/com.termux/files/home/HHI_Career_Runtime/case_studies/FLAGSHIP_CASE_STUDIES.md:10:Operational runtime evidence repository demonstrating governance telemetry, checksum continuity, and replay validation.
/data/data/com.termux/files/home/HHI_Career_Runtime/README.md:3:Operational AI governance portfolio focused on runtime oversight, governance documentation, audit evidence, and execution-time governance infrastructure.
/data/data/com.termux/files/home/HHI_Career_Runtime/README.md:12:- behavioral drift analysis
/data/data/com.termux/files/home/HHI_Career_Runtime/README.md:13:- governance telemetry
/data/data/com.termux/files/home/HHI_Career_Runtime/README.md:30:- Execution-Time Governance
/data/data/com.termux/files/home/HHI_Career_Runtime/README.md:31:- Governance Telemetry
/data/data/com.termux/files/home/HHI_Career_Runtime/README.md:32:- Behavioral Drift
/data/data/com.termux/files/home/HHI_Career_Runtime/README.md:33:- Decision Boundary enforcement
/data/data/com.termux/files/home/HHI_Career_Runtime/README.md:34:- Stop Authority preservation
/data/data/com.termux/files/home/HHI_Career_Runtime/README.md:35:- Longitudinal Accountability
/data/data/com.termux/files/home/HHI_Career_Runtime/README.md:76:- longitudinal accountability archive
/data/data/com.termux/files/home/HHI_Career_Runtime/README.md:92:- execution-time governance architecture development
/data/data/com.termux/files/home/HHI_Career_Runtime/README.md:93:- governance telemetry modeling
/data/data/com.termux/files/home/HHI_Career_Runtime/README.md:94:- behavioral drift analysis
/data/data/com.termux/files/home/HHI_Career_Runtime/README.md:112:- Governance Telemetry
/data/data/com.termux/files/home/HHI_Career_Runtime/README.md:113:- Longitudinal Accountability
/data/data/com.termux/files/home/HHI_Career_Runtime/README.md:130:Execution-time governance runtime infrastructure prototype.
/data/data/com.termux/files/home/HHI_Career_Runtime/README.md:133:Replay-capable governance telemetry and operational evidence demonstrations.
/data/data/com.termux/files/home/HHI_Career_Runtime/README.md:136:Behavioral governance telemetry and escalation infrastructure.
/data/data/com.termux/files/home/HHI_Career_Runtime/README.md:158:![Governance Telemetry](visuals/governance_telemetry.png)
/data/data/com.termux/files/home/HHI_Career_Runtime/CERTIFICATION_AND_TRANSLATION_PLAN.md:11:- Governance Telemetry → Operational Monitoring
/data/data/com.termux/files/home/HHI_Career_Runtime/CERTIFICATION_AND_TRANSLATION_PLAN.md:13:- Continuous Assurance → Ongoing Compliance Monitoring
/data/data/com.termux/files/home/HHI_Career_Runtime/CERTIFICATION_AND_TRANSLATION_PLAN.md:14:- Behavioral Drift → Runtime Risk Monitoring
/data/data/com.termux/files/home/HHI_Career_Runtime/PROFESSIONAL_POSITIONING.md:22:Focused on operational governance, runtime oversight, longitudinal accountability, and behavioral risk visibility for AI-enabled systems.
/data/data/com.termux/files/home/HHI_Career_Runtime/exports/HHI_CAPABILITY_SHEET.md:8:- governance telemetry analysis
/data/data/com.termux/files/home/HHI_Career_Runtime/exports/HHI_CAPABILITY_SHEET.md:9:- behavioral drift analysis
/data/data/com.termux/files/home/HHI_Career_Runtime/exports/HHI_CAPABILITY_SHEET.md:31:- execution-time governance
/data/data/com.termux/files/home/HHI_Career_Runtime/exports/HHI_CAPABILITY_SHEET.md:32:- Decision Boundary enforcement
/data/data/com.termux/files/home/HHI_Career_Runtime/exports/HHI_CAPABILITY_SHEET.md:33:- Stop Authority preservation
/data/data/com.termux/files/home/HHI_Career_Runtime/exports/HHI_CAPABILITY_SHEET.md:35:- replay continuity
/data/data/com.termux/files/home/HHI_Career_Runtime/exports/HHI_CAPABILITY_SHEET.md:36:- longitudinal accountability
/data/data/com.termux/files/home/HHI_Career_Runtime/LINKEDIN_ABOUT.md:3:Independent AI Governance & Systems Operations Researcher focused on execution-time governance, runtime oversight, longitudinal accountability, and operational governance infrastructure for AI-enabled systems.
/data/data/com.termux/files/home/HHI_Career_Runtime/evidence/challenges/gemma4_runtime_governance/GEMMA4_RUNTIME_GOVERNANCE_LOG.md:13:- Runtime governance telemetry
/data/data/com.termux/files/home/HHI_Career_Runtime/evidence/challenges/gemma4_runtime_governance/GEMMA4_RUNTIME_GOVERNANCE_LOG.md:15:- Execution-time governance architecture
/data/data/com.termux/files/home/HHI_Career_Runtime/evidence/challenges/gemma4_runtime_governance/GEMMA4_RUNTIME_GOVERNANCE_LOG.md:19:- Stop Authority enforcement
/data/data/com.termux/files/home/HHI_Career_Runtime/evidence/challenges/gemma4_runtime_governance/GEMMA4_RUNTIME_GOVERNANCE_LOG.md:20:- Continuous assurance infrastructure
/data/data/com.termux/files/home/HHI_Career_Runtime/evidence/challenges/gemma4_runtime_discussion/GEMMA4_RUNTIME_DISCUSSION_LOG.md:7:Execution-time governance survivability for local and decentralized AI systems.
/data/data/com.termux/files/home/HHI_Career_Runtime/evidence/challenges/gemma4_runtime_discussion/GEMMA4_RUNTIME_DISCUSSION_LOG.md:12:- Decision Boundary survivability discussion
/data/data/com.termux/files/home/HHI_Career_Runtime/evidence/challenges/gemma4_runtime_discussion/GEMMA4_RUNTIME_DISCUSSION_LOG.md:13:- Stop Authority persistence reasoning
/data/data/com.termux/files/home/HHI_Career_Runtime/evidence/challenges/gemma4_build_runtime/GEMMA4_BUILD_RUNTIME_LOG.md:13:Execution-time governance infrastructure for decentralized and partially offline AI systems using Gemma through Ollama.
/data/data/com.termux/files/home/HHI_Career_Runtime/evidence/challenges/gemma4_build_runtime/GEMMA4_BUILD_RUNTIME_LOG.md:16:- Behavioral Drift monitoring
/data/data/com.termux/files/home/HHI_Career_Runtime/evidence/challenges/gemma4_build_runtime/GEMMA4_BUILD_RUNTIME_LOG.md:17:- Decision Boundary enforcement
/data/data/com.termux/files/home/HHI_Career_Runtime/evidence/challenges/gemma4_build_runtime/GEMMA4_BUILD_RUNTIME_LOG.md:18:- Stop Authority monitoring
/data/data/com.termux/files/home/HHI_Career_Runtime/evidence/SCREENSHOT_PROOF_INDEX.md:17:Human retains final authority, revision control, operational decision-making, and Stop Authority across all AI-assisted workflows.
/data/data/com.termux/files/home/HHI_Career_Runtime/evidence/annotations/EVIDENCE_LOG.md:20:Evidence: Decision Boundary enforcement and telemetry continuity
/data/data/com.termux/files/home/HHI_Career_Runtime/GITHUB_ONBOARDING.md:5:I build and document operational governance infrastructure for AI-enabled systems, with a focus on runtime oversight, governance telemetry, decision boundaries, escalation logic, Stop Authority, and longitudinal accountability.
/data/data/com.termux/files/home/HHI_Career_Runtime/GITHUB_ONBOARDING.md:55:- whether Stop Authority existed
/data/data/com.termux/files/home/HHI_Career_Runtime/assets/diagrams/GOVERNANCE_ARCHITECTURE.txt:8:   Canonical Authority      Stop Authority             Evidence Continuity
/data/data/com.termux/files/home/HHI_Career_Runtime/assets/resume/Amy_Bui_Resume.md:5:Founder of Hollow House Institute focused on execution-time governance, governance telemetry, runtime oversight concepts, longitudinal accountability, governance documentation, operational workflows, and AI-human coordination systems.

===== HHI_Governance =====
/data/data/com.termux/files/home/HHI_Governance/HHISPEC003/standards_mapping.md:3:## Execution-Time Governance (Active)
/data/data/com.termux/files/home/HHI_Governance/HHISPEC003/standards_mapping.md:5:### Decision Boundary
/data/data/com.termux/files/home/HHI_Governance/HHISPEC003/standards_mapping.md:17:### Stop Authority
/data/data/com.termux/files/home/HHI_Governance/HHISPEC003/standards_mapping.md:30:## Behavioral Drift Detection
/data/data/com.termux/files/home/HHI_Governance/HHISPEC003/standards_mapping.md:41:## Execution-Time Governance Controls
/data/data/com.termux/files/home/HHI_Governance/HHISPEC003/standards_mapping.md:43:- Decision Boundary enforced at mapping level
/data/data/com.termux/files/home/HHI_Governance/HHISPEC003/standards_mapping.md:45:- Stop Authority is non-bypassable
/data/data/com.termux/files/home/HHI_Governance/HHISPEC003/standards_mapping.md:50:## Governance Telemetry
/data/data/com.termux/files/home/HHI_Governance/HHISPEC003/standards_mapping.md:52:| Event | Actor | Decision Boundary | Action | Outcome | Escalation | Timestamp |
/data/data/com.termux/files/home/HHI_Governance/HHISPEC003/standards_mapping.md:67:## Continuous Assurance
/data/data/com.termux/files/home/HHI_Governance/HHISPEC003/standards_mapping.md:75:## Longitudinal Accountability

===== HHI_Local_Runtime_Governance_Monitor =====
/data/data/com.termux/files/home/HHI_Local_Runtime_Governance_Monitor/AI_RISK_REGISTER.md:5:| R-001 | Behavioral Drift in offline agents | Runtime oversight absence | High | High | Drift monitoring |
/data/data/com.termux/files/home/HHI_Local_Runtime_Governance_Monitor/AI_RISK_REGISTER.md:6:| R-002 | Escalation suppression | Human intervention decay | Medium | High | Stop Authority |
/data/data/com.termux/files/home/HHI_Local_Runtime_Governance_Monitor/AI_RISK_REGISTER.md:8:| R-004 | Telemetry discontinuity | Audit visibility loss | Medium | High | Governance telemetry |
/data/data/com.termux/files/home/HHI_Local_Runtime_Governance_Monitor/DEV_ARTICLE_DRAFT.md:45:- Execution-Time Governance
/data/data/com.termux/files/home/HHI_Local_Runtime_Governance_Monitor/DEV_ARTICLE_DRAFT.md:46:- Behavioral Drift monitoring
/data/data/com.termux/files/home/HHI_Local_Runtime_Governance_Monitor/DEV_ARTICLE_DRAFT.md:48:- Stop Authority enforcement
/data/data/com.termux/files/home/HHI_Local_Runtime_Governance_Monitor/DEV_ARTICLE_DRAFT.md:50:- Continuous Assurance
/data/data/com.termux/files/home/HHI_Local_Runtime_Governance_Monitor/EXECUTION_TIME_GOVERNANCE_FOR_LOCAL_AI.md:24:- Behavioral Drift accumulates invisibly
/data/data/com.termux/files/home/HHI_Local_Runtime_Governance_Monitor/EXECUTION_TIME_GOVERNANCE_FOR_LOCAL_AI.md:32:HHI introduces Execution-Time Governance infrastructure through:
/data/data/com.termux/files/home/HHI_Local_Runtime_Governance_Monitor/EXECUTION_TIME_GOVERNANCE_FOR_LOCAL_AI.md:34:- Stop Authority
/data/data/com.termux/files/home/HHI_Local_Runtime_Governance_Monitor/EXECUTION_TIME_GOVERNANCE_FOR_LOCAL_AI.md:35:- Governance Telemetry
/data/data/com.termux/files/home/HHI_Local_Runtime_Governance_Monitor/EXECUTION_TIME_GOVERNANCE_FOR_LOCAL_AI.md:37:- Continuous Assurance
/data/data/com.termux/files/home/HHI_Local_Runtime_Governance_Monitor/EXECUTION_TIME_GOVERNANCE_FOR_LOCAL_AI.md:43:| Behavioral Drift | Runtime visibility | Drift telemetry | Governance logs |
/data/data/com.termux/files/home/HHI_Local_Runtime_Governance_Monitor/EXECUTION_TIME_GOVERNANCE_FOR_LOCAL_AI.md:44:| Escalation suppression | Human intervention | Stop Authority | Escalation records |
/data/data/com.termux/files/home/HHI_Local_Runtime_Governance_Monitor/EXECUTION_TIME_GOVERNANCE_FOR_LOCAL_AI.md:51:- Governance Telemetry Logs
/data/data/com.termux/files/home/HHI_Local_Runtime_Governance_Monitor/EXECUTION_TIME_GOVERNANCE_FOR_LOCAL_AI.md:54:- Continuous Assurance Reports
/data/data/com.termux/files/home/HHI_Local_Runtime_Governance_Monitor/EXECUTION_TIME_GOVERNANCE_FOR_LOCAL_AI.md:55:- Behavioral Drift Reports
/data/data/com.termux/files/home/HHI_Local_Runtime_Governance_Monitor/EXECUTION_TIME_GOVERNANCE_FOR_LOCAL_AI.md:56:- Stop Authority Activations
/data/data/com.termux/files/home/HHI_Local_Runtime_Governance_Monitor/GOVERNANCE_ARCHITECTURE.md:11:Decision Boundary Enforcement
/data/data/com.termux/files/home/HHI_Local_Runtime_Governance_Monitor/GOVERNANCE_ARCHITECTURE.md:13:Behavioral Drift Monitor
/data/data/com.termux/files/home/HHI_Local_Runtime_Governance_Monitor/GOVERNANCE_ARCHITECTURE.md:17:Stop Authority Controls
/data/data/com.termux/files/home/HHI_Local_Runtime_Governance_Monitor/GOVERNANCE_ARCHITECTURE.md:19:Governance Telemetry
/data/data/com.termux/files/home/HHI_Local_Runtime_Governance_Monitor/GOVERNANCE_ARCHITECTURE.md:21:Continuous Assurance Reporting
/data/data/com.termux/files/home/HHI_Local_Runtime_Governance_Monitor/GOVERNANCE_ARCHITECTURE.md:25:Execution-Time Governance operates during runtime behavior itself.
/data/data/com.termux/files/home/HHI_Local_Runtime_Governance_Monitor/GOVERNANCE_ARCHITECTURE.md:34:- Stop Authority
/data/data/com.termux/files/home/HHI_Local_Runtime_Governance_Monitor/GOVERNANCE_ARCHITECTURE.md:38:- Continuous Assurance
/data/data/com.termux/files/home/HHI_Local_Runtime_Governance_Monitor/GOVERNANCE_ARCHITECTURE.md:47:- no longitudinal accountability
/data/data/com.termux/files/home/HHI_Local_Runtime_Governance_Monitor/README.md:21:HHI_Local_AI_Governance_Framework introduces Execution-Time Governance for decentralized AI systems through:
/data/data/com.termux/files/home/HHI_Local_Runtime_Governance_Monitor/README.md:22:- Behavioral Drift monitoring
/data/data/com.termux/files/home/HHI_Local_Runtime_Governance_Monitor/README.md:24:- Stop Authority enforcement
/data/data/com.termux/files/home/HHI_Local_Runtime_Governance_Monitor/README.md:25:- runtime governance telemetry
/data/data/com.termux/files/home/HHI_Local_Runtime_Governance_Monitor/README.md:27:- Continuous Assurance
/data/data/com.termux/files/home/HHI_Local_Runtime_Governance_Monitor/README.md:31:- Decision Boundary enforcement
/data/data/com.termux/files/home/HHI_Local_Runtime_Governance_Monitor/README.md:32:- Runtime Behavioral Drift detection
/data/data/com.termux/files/home/HHI_Local_Runtime_Governance_Monitor/README.md:34:- Stop Authority activation
/data/data/com.termux/files/home/HHI_Local_Runtime_Governance_Monitor/README.md:35:- Governance Telemetry continuity
/data/data/com.termux/files/home/HHI_Local_Runtime_Governance_Monitor/README.md:38:- Continuous Assurance reporting
/data/data/com.termux/files/home/HHI_Local_Runtime_Governance_Monitor/README.md:74:- Execution-Time Governance
/data/data/com.termux/files/home/HHI_Local_Runtime_Governance_Monitor/README.md:75:- Governance Telemetry Continuity
/data/data/com.termux/files/home/HHI_Local_Runtime_Governance_Monitor/README.md:76:- Behavioral Drift Monitoring
/data/data/com.termux/files/home/HHI_Local_Runtime_Governance_Monitor/README.md:79:- Stop Authority Enforcement
/data/data/com.termux/files/home/HHI_Local_Runtime_Governance_Monitor/README.md:83:- Continuous Assurance Automation
/data/data/com.termux/files/home/HHI_Local_Runtime_Governance_Monitor/README.md:99:- Stop Authority activation
/data/data/com.termux/files/home/HHI_Local_Runtime_Governance_Monitor/README.md:105:This repository includes an operational execution-time governance runtime demonstrating:
/data/data/com.termux/files/home/HHI_Local_Runtime_Governance_Monitor/README.md:107:- Behavioral Drift escalation
/data/data/com.termux/files/home/HHI_Local_Runtime_Governance_Monitor/README.md:108:- Decision Boundary enforcement
/data/data/com.termux/files/home/HHI_Local_Runtime_Governance_Monitor/README.md:109:- Stop Authority monitoring
/data/data/com.termux/files/home/HHI_Local_Runtime_Governance_Monitor/README.md:110:- append-only governance telemetry
/data/data/com.termux/files/home/HHI_Local_Runtime_Governance_Monitor/RELEASE_BODY.md:9:- Execution-Time Governance framework
/data/data/com.termux/files/home/HHI_Local_Runtime_Governance_Monitor/RELEASE_BODY.md:10:- Behavioral Drift monitoring

===== HHI_Monetization_System =====
/data/data/com.termux/files/home/HHI_Monetization_System/01_DECISION_BOUNDARY/DECISION_BOUNDARY.md:1:# DECISION BOUNDARY
/data/data/com.termux/files/home/HHI_Monetization_System/02_OFFERS/OFFERS.md:3:Stop Authority Audit — $10000 — 7 days
/data/data/com.termux/files/home/HHI_Monetization_System/04_ENTRY_POINT/HHI_Governance_Toolkit_v1/examples/sample_output.json:4:  "Decision Boundary": "Drift Threshold",
/data/data/com.termux/files/home/HHI_Monetization_System/04_ENTRY_POINT/HHI_Governance_Toolkit_v1/README.md:4:Deploy Execution-Time Governance in under 1 hour.
/data/data/com.termux/files/home/HHI_Monetization_System/04_ENTRY_POINT/HHI_Governance_Toolkit_v1/README.md:9:- Stop Authority
/data/data/com.termux/files/home/HHI_Monetization_System/04_ENTRY_POINT/HHI_Governance_Toolkit_v1/README.md:10:- Governance Telemetry
/data/data/com.termux/files/home/HHI_Monetization_System/04_ENTRY_POINT/HHI_Governance_Toolkit_v1/README.md:13:- Detects Behavioral Drift
/data/data/com.termux/files/home/HHI_Monetization_System/04_ENTRY_POINT/HHI_Governance_Toolkit_v1/README.md:18:## Decision Boundary
/data/data/com.termux/files/home/HHI_Monetization_System/04_ENTRY_POINT/HHI_Governance_Toolkit_v1/README.md:21:- If escalation unresolved → Stop Authority
/data/data/com.termux/files/home/HHI_Monetization_System/04_ENTRY_POINT/HHI_Governance_Toolkit_v1/DEMO.md:11:- Decision Boundary triggered
/data/data/com.termux/files/home/HHI_Monetization_System/05_CONTINUOUS_ASSURANCE/ASSURANCE.md:1:# CONTINUOUS ASSURANCE
/data/data/com.termux/files/home/HHI_Monetization_System/AUTHORITY.md:22:Execution-Time Governance
/data/data/com.termux/files/home/HHI_Monetization_System/README.md:5:Execution-Time Governance system with enforced Decision Boundaries, licensing enforcement, and Continuous Assurance. Audit-ready and DOI-bound.
/data/data/com.termux/files/home/HHI_Monetization_System/README.md:16:- Continuous Assurance across deployments
/data/data/com.termux/files/home/HHI_Monetization_System/README.md:18:- Stop Authority when unauthorized use is detected
/data/data/com.termux/files/home/HHI_Monetization_System/README.md:24:- Unauthorized use triggers Stop Authority
/data/data/com.termux/files/home/HHI_Monetization_System/README.md:80:Authority is enforced through explicit Decision Boundaries, escalation thresholds, and Stop Authority conditions.

===== HHI_Runtime_Proof =====
/data/data/com.termux/files/home/HHI_Runtime_Proof/audits/runtime_commit_history.log:5:* b22720e Add stop authority and continuous assurance runtime evidence
/data/data/com.termux/files/home/HHI_Runtime_Proof/audits/runtime_commit_history.log:6:* 5e2d1b6 Add runtime telemetry and behavioral drift evidence
/data/data/com.termux/files/home/HHI_Runtime_Proof/audits/runtime_commit_history.log:7:* a9fb583 Add execution-time governance runtime proof README
/data/data/com.termux/files/home/HHI_Runtime_Proof/audits/HHI_REPOSITORY_AUDIT_TEMPLATE.md:19:## Replay Continuity
/data/data/com.termux/files/home/HHI_Runtime_Proof/schemas/standards_crosswalk.jsonl:1:{"standard":"NIST AI RMF","hhI_control":"Decision Boundary","runtime_status":"ENFORCED","evidence":"telemetry/runtime_event_001.json"}
/data/data/com.termux/files/home/HHI_Runtime_Proof/schemas/standards_crosswalk.jsonl:2:{"standard":"ISO/IEC 42001","hhI_control":"Stop Authority","runtime_status":"ACTIVE","evidence":"stop_authority/stop_authority_trigger_001.json"}
/data/data/com.termux/files/home/HHI_Runtime_Proof/README.md:3:Execution-Time Governance Runtime Evidence Repository
/data/data/com.termux/files/home/HHI_Runtime_Proof/README.md:18:- runtime governance telemetry
/data/data/com.termux/files/home/HHI_Runtime_Proof/README.md:23:- execution-time governance proof
/data/data/com.termux/files/home/HHI_Runtime_Proof/README.md:24:- behavioral drift monitoring outputs
/data/data/com.termux/files/home/HHI_Runtime_Proof/README.md:25:- Decision Boundary enforcement evidence
/data/data/com.termux/files/home/HHI_Runtime_Proof/README.md:26:- Stop Authority activation records
/data/data/com.termux/files/home/HHI_Runtime_Proof/README.md:27:- continuous assurance artifacts
/data/data/com.termux/files/home/HHI_Runtime_Proof/README.md:43:Behavioral Drift scoring outputs, escalation state changes, intervention thresholds.
/data/data/com.termux/files/home/HHI_Runtime_Proof/README.md:46:Decision Boundary enforcement proof, runtime control validation, execution constraints.
/data/data/com.termux/files/home/HHI_Runtime_Proof/README.md:49:Stop Authority activation evidence, runtime halt enforcement, intervention execution.
/data/data/com.termux/files/home/HHI_Runtime_Proof/README.md:55:Continuous assurance outputs, runtime governance scoring, integrity verification.
/data/data/com.termux/files/home/HHI_Runtime_Proof/README.md:58:Replay-capable governance traces, runtime reconstruction evidence, longitudinal accountability artifacts.
/data/data/com.termux/files/home/HHI_Runtime_Proof/README.md:82:Local AI runtime governance evidence, Gemma behavioral classification outputs, local governance telemetry.
/data/data/com.termux/files/home/HHI_Runtime_Proof/README.md:85:Governance audit evidence, interaction traces, replay validation, longitudinal accountability artifacts.
/data/data/com.termux/files/home/HHI_Runtime_Proof/README.md:91:Canonical governance telemetry fields include:
/data/data/com.termux/files/home/HHI_Runtime_Proof/README.md:125:- preserve replay continuity
/data/data/com.termux/files/home/HHI_Runtime_Proof/README.md:127:- maintain longitudinal accountability
/data/data/com.termux/files/home/HHI_Runtime_Proof/README.md:129:- preserve human Stop Authority
/data/data/com.termux/files/home/HHI_Runtime_Proof/README.md:139:- Execution-Time Governance Infrastructure
/data/data/com.termux/files/home/HHI_Runtime_Proof/README.md:141:- Continuous Assurance Infrastructure
/data/data/com.termux/files/home/HHI_Runtime_Proof/README.md:175:- longitudinal accountability
/data/data/com.termux/files/home/HHI_Runtime_Proof/README.md:176:- execution-time governance visibility
/data/data/com.termux/files/home/HHI_Runtime_Proof/START_HERE.md:26:- behavioral drift becomes difficult to observe
/data/data/com.termux/files/home/HHI_Runtime_Proof/START_HERE.md:71:- Execution-Time Governance
/data/data/com.termux/files/home/HHI_Runtime_Proof/START_HERE.md:72:- Governance Telemetry
/data/data/com.termux/files/home/HHI_Runtime_Proof/START_HERE.md:73:- Behavioral Drift
/data/data/com.termux/files/home/HHI_Runtime_Proof/START_HERE.md:75:- Stop Authority
/data/data/com.termux/files/home/HHI_Runtime_Proof/START_HERE.md:76:- Longitudinal Accountability
/data/data/com.termux/files/home/HHI_Runtime_Proof/START_HERE.md:78:- Continuous Assurance
/data/data/com.termux/files/home/HHI_Runtime_Proof/RUNTIME_WALKTHROUGH.md:32:# Step 2 — Governance Telemetry Captured
/data/data/com.termux/files/home/HHI_Runtime_Proof/RUNTIME_WALKTHROUGH.md:54:# Step 3 — Decision Boundary Evaluation
/data/data/com.termux/files/home/HHI_Runtime_Proof/RUNTIME_WALKTHROUGH.md:62:- Is behavioral drift emerging?
/data/data/com.termux/files/home/HHI_Runtime_Proof/RUNTIME_WALKTHROUGH.md:63:- Does Stop Authority need activation?
/data/data/com.termux/files/home/HHI_Runtime_Proof/RUNTIME_WALKTHROUGH.md:85:- Stop Authority
/data/data/com.termux/files/home/HHI_Runtime_Proof/RUNTIME_WALKTHROUGH.md:130:- longitudinal accountability
/data/data/com.termux/files/home/HHI_Runtime_Proof/RUNTIME_WALKTHROUGH.md:135:# Step 7 — Continuous Assurance
/data/data/com.termux/files/home/HHI_Runtime_Proof/RUNTIME_WALKTHROUGH.md:147:- continuous assurance
/data/data/com.termux/files/home/HHI_Runtime_Proof/RUNTIME_WALKTHROUGH.md:168:- Execution-Time Governance
/data/data/com.termux/files/home/HHI_Runtime_Proof/RUNTIME_WALKTHROUGH.md:169:- Governance Telemetry
/data/data/com.termux/files/home/HHI_Runtime_Proof/RUNTIME_WALKTHROUGH.md:170:- Behavioral Drift
/data/data/com.termux/files/home/HHI_Runtime_Proof/RUNTIME_WALKTHROUGH.md:172:- Stop Authority
/data/data/com.termux/files/home/HHI_Runtime_Proof/RUNTIME_WALKTHROUGH.md:173:- Longitudinal Accountability
/data/data/com.termux/files/home/HHI_Runtime_Proof/RUNTIME_WALKTHROUGH.md:175:- Continuous Assurance
/data/data/com.termux/files/home/HHI_Runtime_Proof/TOP_5_HHI_REPOS.md:11:Execution-Time Governance framework and runtime governance infrastructure.

===== HHI_SECURE_Data_Act_Governance_Suite =====
/data/data/com.termux/files/home/HHI_SECURE_Data_Act_Governance_Suite/offers/SECURE_DATA_ACT_OFFER.md:21:- Continuous Assurance Recommendations
/data/data/com.termux/files/home/HHI_SECURE_Data_Act_Governance_Suite/content/linkedin/secure_data_act_post.md:33:This is where execution-time governance becomes critical.
/data/data/com.termux/files/home/HHI_SECURE_Data_Act_Governance_Suite/content/linkedin/secure_data_act_post.md:38:- continuous assurance infrastructure

===== Master_License_Suite =====
/data/data/com.termux/files/home/Master_License_Suite/.github_disabled/workflows/governance-enforce.yml:28:          grep -q "Decision Boundary" README.md || (echo "FAIL: Missing Decision Boundary" && exit 1)
/data/data/com.termux/files/home/Master_License_Suite/.github_disabled/workflows/governance-enforce.yml:29:          grep -q "Stop Authority" GOVERNANCE.md || (echo "FAIL: Missing Stop Authority" && exit 1)
/data/data/com.termux/files/home/Master_License_Suite/ATTESTATION.md:38:## Decision Boundary
/data/data/com.termux/files/home/Master_License_Suite/ATTESTATION.md:39:Human-in-the-loop authority remains the final decision boundary.
/data/data/com.termux/files/home/Master_License_Suite/ATTESTATION.md:41:## Execution-Time Governance
/data/data/com.termux/files/home/Master_License_Suite/AUDIT/AUDIT_MASTER_LICENSE_SUITE_2026-03-17.md:6:- Decision Boundary preserved
/data/data/com.termux/files/home/Master_License_Suite/AUDIT/AUDIT_MASTER_LICENSE_SUITE_2026-03-17.md:8:- Execution-Time Governance active
/data/data/com.termux/files/home/Master_License_Suite/AUTHORITY.md:22:Execution-Time Governance
/data/data/com.termux/files/home/Master_License_Suite/CHANGELOG.md:20:## Decision Boundary
/data/data/com.termux/files/home/Master_License_Suite/CHANGELOG.md:21:Human-in-the-loop authority remains the final decision boundary.
/data/data/com.termux/files/home/Master_License_Suite/CHANGELOG.md:23:## Execution-Time Governance
/data/data/com.termux/files/home/Master_License_Suite/COUNSEL_BRIEF.md:74:## Decision Boundary
/data/data/com.termux/files/home/Master_License_Suite/COUNSEL_BRIEF.md:75:Human-in-the-loop authority remains the final decision boundary.
/data/data/com.termux/files/home/Master_License_Suite/COUNSEL_BRIEF.md:77:## Execution-Time Governance
/data/data/com.termux/files/home/Master_License_Suite/GOVERNANCE_ARCHITECTURE.md:40:## Decision Boundary
/data/data/com.termux/files/home/Master_License_Suite/GOVERNANCE_ARCHITECTURE.md:41:Human-in-the-loop authority remains the final decision boundary.
/data/data/com.termux/files/home/Master_License_Suite/GOVERNANCE_ARCHITECTURE.md:43:## Execution-Time Governance
/data/data/com.termux/files/home/Master_License_Suite/GOVERNANCE_BINDING.md:17:Human-in-the-loop authority remains the final decision boundary.
/data/data/com.termux/files/home/Master_License_Suite/GOVERNANCE_BINDING.md:29:## Decision Boundary
/data/data/com.termux/files/home/Master_License_Suite/GOVERNANCE_BINDING.md:30:Human-in-the-loop authority remains the final decision boundary.
/data/data/com.termux/files/home/Master_License_Suite/GOVERNANCE_BINDING.md:32:## Execution-Time Governance
/data/data/com.termux/files/home/Master_License_Suite/GOVERNING_LAW_CLAUSE.md:18:## Decision Boundary
/data/data/com.termux/files/home/Master_License_Suite/GOVERNING_LAW_CLAUSE.md:19:Human-in-the-loop authority remains the final decision boundary.
/data/data/com.termux/files/home/Master_License_Suite/GOVERNING_LAW_CLAUSE.md:21:## Execution-Time Governance
/data/data/com.termux/files/home/Master_License_Suite/HHI-GFL-v1.0.md:110:## Decision Boundary
/data/data/com.termux/files/home/Master_License_Suite/HHI-GFL-v1.0.md:111:Human-in-the-loop authority remains the final decision boundary.
/data/data/com.termux/files/home/Master_License_Suite/HHI-GFL-v1.0.md:113:## Execution-Time Governance
/data/data/com.termux/files/home/Master_License_Suite/HHI-LIC-01.md:104:## Decision Boundary
/data/data/com.termux/files/home/Master_License_Suite/HHI-LIC-01.md:105:Human-in-the-loop authority remains the final decision boundary.
/data/data/com.termux/files/home/Master_License_Suite/HHI-LIC-01.md:107:## Execution-Time Governance
/data/data/com.termux/files/home/Master_License_Suite/LICENSE.md:135:## Decision Boundary
/data/data/com.termux/files/home/Master_License_Suite/LICENSE.md:136:Human-in-the-loop authority remains the final decision boundary.
/data/data/com.termux/files/home/Master_License_Suite/LICENSE.md:138:## Execution-Time Governance
/data/data/com.termux/files/home/Master_License_Suite/LICENSE.md:151:## Decision Boundary
/data/data/com.termux/files/home/Master_License_Suite/LICENSE.md:152:Human-in-the-loop authority remains the final decision boundary.
/data/data/com.termux/files/home/Master_License_Suite/LICENSE.md:154:## Execution-Time Governance
/data/data/com.termux/files/home/Master_License_Suite/LICENSE_BINDING_SCHEMA.md:40:## Decision Boundary
/data/data/com.termux/files/home/Master_License_Suite/LICENSE_BINDING_SCHEMA.md:41:Human-in-the-loop authority remains the final decision boundary.
/data/data/com.termux/files/home/Master_License_Suite/LICENSE_BINDING_SCHEMA.md:43:## Execution-Time Governance
/data/data/com.termux/files/home/Master_License_Suite/LICENSE_BINDING_SCHEMA.md:56:## Decision Boundary
/data/data/com.termux/files/home/Master_License_Suite/LICENSE_BINDING_SCHEMA.md:57:Human-in-the-loop authority remains the final decision boundary.
/data/data/com.termux/files/home/Master_License_Suite/LICENSE_BINDING_SCHEMA.md:59:## Execution-Time Governance
/data/data/com.termux/files/home/Master_License_Suite/LICENSE_INDEX.md:61:## Decision Boundary
/data/data/com.termux/files/home/Master_License_Suite/LICENSE_INDEX.md:62:Human-in-the-loop authority remains the final decision boundary.
/data/data/com.termux/files/home/Master_License_Suite/LICENSE_INDEX.md:64:## Execution-Time Governance
/data/data/com.termux/files/home/Master_License_Suite/LICENSE_INDEX.md:77:## Decision Boundary
/data/data/com.termux/files/home/Master_License_Suite/LICENSE_INDEX.md:78:Human-in-the-loop authority remains the final decision boundary.
/data/data/com.termux/files/home/Master_License_Suite/LICENSE_INDEX.md:80:## Execution-Time Governance
/data/data/com.termux/files/home/Master_License_Suite/LICENSE_MATRIX.md:39:## Decision Boundary
/data/data/com.termux/files/home/Master_License_Suite/LICENSE_MATRIX.md:40:Human-in-the-loop authority remains the final decision boundary.

===== Montez-Execution-Governance-Case-Study =====
/data/data/com.termux/files/home/Montez-Execution-Governance-Case-Study/AUTHORITY.md:22:Execution-Time Governance
/data/data/com.termux/files/home/Montez-Execution-Governance-Case-Study/README.md:22:Authority is enforced through explicit Decision Boundaries, escalation thresholds, and Stop Authority conditions.

===== Research_Papers =====
/data/data/com.termux/files/home/Research_Papers/AUTHORITY.md:22:Execution-Time Governance
/data/data/com.termux/files/home/Research_Papers/PAPER_GOVERNANCE_LINKS.md:16:Conceptual foundation and normative framing for execution-time governance requirements.
/data/data/com.termux/files/home/Research_Papers/PAPER_GOVERNANCE_LINKS.md:21:**Paper:** Behavioral Drift in AI-Mediated Decision Systems  
/data/data/com.termux/files/home/Research_Papers/README.md:107:Authority is enforced through explicit Decision Boundaries, escalation thresholds, and Stop Authority conditions.
/data/data/com.termux/files/home/Research_Papers/RESEARCH_INDEX.md:19:Defines execution-time governance requirements for AI systems whose risks emerge through behavioral accumulation over time.
/data/data/com.termux/files/home/Research_Papers/RESEARCH_INDEX.md:24:**Title:** Behavioral Drift in AI-Mediated Decision Systems  
/data/data/com.termux/files/home/Research_Papers/RESEARCH_INDEX.md:27:**Citation:** Hollow House Institute. *Behavioral Drift in AI-Mediated Decision Systems.* R-HHI-2025-01.  
/data/data/com.termux/files/home/Research_Papers/TOPIC_TO_GOVERNANCE_MAP.md:9:| Behavioral Drift | R-HHI-2025-01 | HHI_GOV_01 | 2.5 |
/data/data/com.termux/files/home/Research_Papers/papers/military_ai_governance/README.md:5:DOI-bound Hollow House Institute governance white paper focused on operational AI governance, Human-in-the-Loop oversight, lifecycle governance controls, Governance Telemetry, runtime observability, Continuous Assurance, replay-capable evidence continuity, and execution-time governance considerations.

===== hhi_resume =====
/data/data/com.termux/files/home/hhi_resume/CERTIFICATION_AND_TRANSLATION_PLAN.md:11:- Governance Telemetry → Operational Monitoring
/data/data/com.termux/files/home/hhi_resume/CERTIFICATION_AND_TRANSLATION_PLAN.md:13:- Continuous Assurance → Ongoing Compliance Monitoring
/data/data/com.termux/files/home/hhi_resume/CERTIFICATION_AND_TRANSLATION_PLAN.md:14:- Behavioral Drift → Runtime Risk Monitoring
/data/data/com.termux/files/home/hhi_resume/GITHUB_ONBOARDING.md:5:I build and document operational governance infrastructure for AI-enabled systems, with a focus on runtime oversight, governance telemetry, decision boundaries, escalation logic, Stop Authority, and longitudinal accountability.
/data/data/com.termux/files/home/hhi_resume/GITHUB_ONBOARDING.md:55:- whether Stop Authority existed
/data/data/com.termux/files/home/hhi_resume/LINKEDIN_ABOUT.md:3:Independent AI Governance & Systems Operations Researcher focused on execution-time governance, runtime oversight, longitudinal accountability, and operational governance infrastructure for AI-enabled systems.
/data/data/com.termux/files/home/hhi_resume/PROFESSIONAL_POSITIONING.md:22:Focused on operational governance, runtime oversight, longitudinal accountability, and behavioral risk visibility for AI-enabled systems.
/data/data/com.termux/files/home/hhi_resume/README.md:24:Governance telemetry, Decision Boundaries, Stop Authority, escalation pathways, longitudinal accountability, and runtime observability.
/data/data/com.termux/files/home/hhi_resume/README.md:72:- Runtime governance telemetry
/data/data/com.termux/files/home/hhi_resume/RESUME_DRAFT.md:4:Independent AI Governance & Systems Operations Researcher focused on runtime oversight, governance telemetry, longitudinal accountability, process analysis, and operational governance infrastructure for AI-enabled systems.
/data/data/com.termux/files/home/hhi_resume/RESUME_V1.md:7:Systems-oriented researcher focused on AI governance operations, runtime oversight, longitudinal accountability, process analysis, governance documentation, and behavioral risk visibility for AI-enabled systems.
/data/data/com.termux/files/home/hhi_resume/assets/diagrams/GOVERNANCE_ARCHITECTURE.txt:8:   Canonical Authority      Stop Authority             Evidence Continuity
/data/data/com.termux/files/home/hhi_resume/case_studies/FLAGSHIP_CASE_STUDIES.md:4:Execution-time governance runtime prototype with telemetry continuity, replay-capable evidence, escalation logic, and operational governance controls.
/data/data/com.termux/files/home/hhi_resume/case_studies/FLAGSHIP_CASE_STUDIES.md:10:Operational runtime evidence repository demonstrating governance telemetry, checksum continuity, and replay validation.
/data/data/com.termux/files/home/hhi_resume/evidence/SCREENSHOT_PROOF_INDEX.md:17:Human retains final authority, revision control, operational decision-making, and Stop Authority across all AI-assisted workflows.
/data/data/com.termux/files/home/hhi_resume/evidence/annotations/EVIDENCE_LOG.md:20:Evidence: Decision Boundary enforcement and telemetry continuity
/data/data/com.termux/files/home/hhi_resume/evidence/challenges/gemma4_build_runtime/GEMMA4_BUILD_RUNTIME_LOG.md:13:Execution-time governance infrastructure for decentralized and partially offline AI systems using Gemma through Ollama.
/data/data/com.termux/files/home/hhi_resume/evidence/challenges/gemma4_build_runtime/GEMMA4_BUILD_RUNTIME_LOG.md:16:- Behavioral Drift monitoring
/data/data/com.termux/files/home/hhi_resume/evidence/challenges/gemma4_build_runtime/GEMMA4_BUILD_RUNTIME_LOG.md:17:- Decision Boundary enforcement
/data/data/com.termux/files/home/hhi_resume/evidence/challenges/gemma4_build_runtime/GEMMA4_BUILD_RUNTIME_LOG.md:18:- Stop Authority monitoring
/data/data/com.termux/files/home/hhi_resume/evidence/challenges/gemma4_runtime_discussion/GEMMA4_RUNTIME_DISCUSSION_LOG.md:7:Execution-time governance survivability for local and decentralized AI systems.
/data/data/com.termux/files/home/hhi_resume/evidence/challenges/gemma4_runtime_discussion/GEMMA4_RUNTIME_DISCUSSION_LOG.md:12:- Decision Boundary survivability discussion
/data/data/com.termux/files/home/hhi_resume/evidence/challenges/gemma4_runtime_discussion/GEMMA4_RUNTIME_DISCUSSION_LOG.md:13:- Stop Authority persistence reasoning
/data/data/com.termux/files/home/hhi_resume/evidence/challenges/gemma4_runtime_governance/GEMMA4_RUNTIME_GOVERNANCE_LOG.md:13:- Runtime governance telemetry
/data/data/com.termux/files/home/hhi_resume/evidence/challenges/gemma4_runtime_governance/GEMMA4_RUNTIME_GOVERNANCE_LOG.md:15:- Execution-time governance architecture
/data/data/com.termux/files/home/hhi_resume/evidence/challenges/gemma4_runtime_governance/GEMMA4_RUNTIME_GOVERNANCE_LOG.md:19:- Stop Authority enforcement
/data/data/com.termux/files/home/hhi_resume/evidence/challenges/gemma4_runtime_governance/GEMMA4_RUNTIME_GOVERNANCE_LOG.md:20:- Continuous assurance infrastructure
/data/data/com.termux/files/home/hhi_resume/freelance/resume/AMY_BUI_RESUME.md:7:Independent governance infrastructure researcher and documentation specialist focused on operational AI governance, workflow oversight, runtime governance concepts, longitudinal accountability, and governance evidence systems.

