/data/data/com.termux/files/home/.config/HHI_ORG_README/.copilot-instructions.md:3:This repository is a canonical standards and terminology registry for Behavioral AI Governance and Execution-Time Governance systems.
/data/data/com.termux/files/home/.config/HHI_ORG_README/.copilot-instructions.md:16:Human authority remains the final decision boundary.
/data/data/com.termux/files/home/.config/HHI_ORG_README/.copilot-instructions.md:31:   - update checksums
/data/data/com.termux/files/home/.config/HHI_ORG_README/.copilot-instructions.md:42:Execution-Time Governance
/data/data/com.termux/files/home/.config/HHI_ORG_README/.copilot-instructions.md:66:- CHECKSUMS.sha256
/data/data/com.termux/files/home/.config/HHI_ORG_README/.github/workflows/release-audit.yml:59:      - name: Generate checksums
/data/data/com.termux/files/home/.config/HHI_ORG_README/.github/workflows/release-audit.yml:64:            ! -name "CHECKSUMS.sha256" \
/data/data/com.termux/files/home/.config/HHI_ORG_README/.github/workflows/release-audit.yml:65:            ! -name "CHECKSUMS.sig" \
/data/data/com.termux/files/home/.config/HHI_ORG_README/.github/workflows/release-audit.yml:66:            -print0 | sort -z | xargs -0 sha256sum > CHECKSUMS.sha256
/data/data/com.termux/files/home/.config/HHI_ORG_README/.github/workflows/release-audit.yml:68:      - name: Sign checksum manifest
/data/data/com.termux/files/home/.config/HHI_ORG_README/.github/workflows/release-audit.yml:76:            --output CHECKSUMS.sig \
/data/data/com.termux/files/home/.config/HHI_ORG_README/.github/workflows/release-audit.yml:77:            --detach-sign CHECKSUMS.sha256
/data/data/com.termux/files/home/.config/HHI_ORG_README/.github/workflows/release-audit.yml:93:            "checksum_manifest": "CHECKSUMS.sha256",
/data/data/com.termux/files/home/.config/HHI_ORG_README/.github/workflows/release-audit.yml:94:            "checksum_signature": "CHECKSUMS.sig",
/data/data/com.termux/files/home/.config/HHI_ORG_README/.github/workflows/release-audit.yml:95:            "checksum_manifest_sha256": hashlib.sha256(pathlib.Path("CHECKSUMS.sha256").read_bytes()).hexdigest(),
/data/data/com.termux/files/home/.config/HHI_ORG_README/.github/workflows/release-audit.yml:96:            "signature_sha256": hashlib.sha256(pathlib.Path("CHECKSUMS.sig").read_bytes()).hexdigest()
/data/data/com.termux/files/home/.config/HHI_ORG_README/.github/workflows/release-audit.yml:106:            CHECKSUMS.sha256
/data/data/com.termux/files/home/.config/HHI_ORG_README/.github/workflows/release-audit.yml:107:            CHECKSUMS.sig
/data/data/com.termux/files/home/.config/HHI_ORG_README/README.md:8:Decision Boundary:
/data/data/com.termux/files/home/.config/HHI_ORG_README/README.md:11:Stop Authority:
/data/data/com.termux/files/home/.config/HHI_ORG_README/profile/ECOSYSTEM_OVERVIEW.md:8:2. Execution-Time Governance
/data/data/com.termux/files/home/.config/HHI_ORG_README/profile/ECOSYSTEM_OVERVIEW.md:22:## 2. Execution-Time Governance
/data/data/com.termux/files/home/.config/HHI_ORG_README/profile/README.md:3:Behavioral AI Governance Infrastructure focused on execution-time governance, runtime accountability, behavioral drift observability, and replay-capable governance evidence for AI systems operating across time.
/data/data/com.termux/files/home/.config/HHI_ORG_README/profile/README.md:20:| Runtime Governance | [HHI_GOV_01](https://github.com/Hollow-house-institute/HHI_GOV_01) | Execution-time governance runtime infrastructure |
/data/data/com.termux/files/home/.config/HHI_ORG_README/profile/README.md:33:    Governance Telemetry
/data/data/com.termux/files/home/.config/HHI_ORG_README/profile/README.md:37:    Continuous Assurance
/data/data/com.termux/files/home/.config/HHI_ORG_README/profile/README.md:45:- Behavioral drift detection
/data/data/com.termux/files/home/.config/HHI_ORG_README/profile/README.md:46:- Decision Boundary enforcement
/data/data/com.termux/files/home/.config/HHI_ORG_README/profile/README.md:47:- Stop Authority orchestration
/data/data/com.termux/files/home/.config/HHI_ORG_README/profile/README.md:48:- Governance telemetry
/data/data/com.termux/files/home/.config/HHI_ORG_README/profile/README.md:50:- Continuous assurance
/data/data/com.termux/files/home/.config/HHI_ORG_README/profile/README.md:58:## Execution-Time Governance
/data/data/com.termux/files/home/.config/HHI_ORG_README/profile/README.md:76:| Stop Authority | Human intervention during execution |
/data/data/com.termux/files/home/.config/HHI_ORG_README/profile/README.md:77:| Governance Telemetry | Replay-capable evidence |
/data/data/com.termux/files/home/.config/HHI_ORG_README/profile/README.md:79:| Continuous Assurance | Longitudinal governance verification |
/data/data/com.termux/files/home/.config/HHI_ORG_README/profile/README.md:120:- Checksum-bound
/data/data/com.termux/files/home/.config/HHI_ORG_README/profile/README.md:133:- Continuous assurance automation
/data/data/com.termux/files/home/HHI/Ai_Human_Relations_Datasets/AUTHORITY.md:22:Execution-Time Governance
/data/data/com.termux/files/home/HHI/Ai_Human_Relations_Datasets/DATASET_CARD.md:8:- governance telemetry linkage
/data/data/com.termux/files/home/HHI/Ai_Human_Relations_Datasets/DATASET_CARD.md:15:- behavioral drift analysis
/data/data/com.termux/files/home/HHI/Ai_Human_Relations_Datasets/DATASET_CARD.md:23:Authority is enforced through explicit Decision Boundaries, escalation thresholds, intervention tracking, and Stop Authority conditions.
/data/data/com.termux/files/home/HHI/Ai_Human_Relations_Datasets/LICENSE.md:58:	•	Cryptographic checksum for dataset builds
/data/data/com.termux/files/home/HHI/Ai_Human_Relations_Datasets/LOCK_MANIFEST.md:15:All hashes recorded in CANONICAL_CHECKSUMS.txt
/data/data/com.termux/files/home/HHI/Ai_Human_Relations_Datasets/README.md:80:Authority is enforced through explicit Decision Boundaries, escalation thresholds, and Stop Authority conditions.
/data/data/com.termux/files/home/HHI/Ai_Human_Relations_Datasets/docs/AI_LAB_POSITIONING.md:10:- governance telemetry persistence
/data/data/com.termux/files/home/HHI/Ai_Human_Relations_Datasets/docs/AI_LAB_POSITIONING.md:15:- behavioral drift observability
/data/data/com.termux/files/home/HHI/Ai_Human_Relations_Datasets/docs/AI_LAB_POSITIONING.md:25:- replay continuity
/data/data/com.termux/files/home/HHI/Ai_Human_Relations_Datasets/CANONICAL_CHECKSUMS.sha256:17:8be55b79239e4cb841dcb16f8e86f63f6e66deaeb4cab265f2995d4db4cab64f  ./CANONICAL_CHECKSUMS.txt
/data/data/com.termux/files/home/HHI/Ai_Human_Relations_Datasets/CANONICAL_CHECKSUMS.sha256:31:e3b0c44298fc1c149afbf4c8996fb92427ae41e4649b934ca495991b7852b855  ./CANONICAL_CHECKSUMS.sha256
/data/data/com.termux/files/home/HHI/Ai_Human_Relations_Datasets/standards/ANNOTATION_GUIDE.md:22:## Behavioral Drift Levels
/data/data/com.termux/files/home/HHI/Ai_Human_Relations_Datasets/research/RESEARCH_APPLICATIONS.md:6:## Governance Telemetry Research
/data/data/com.termux/files/home/HHI/Ai_Human_Relations_Datasets/research/RESEARCH_APPLICATIONS.md:7:Analyze Decision Boundary persistence, escalation timing, intervention effectiveness, and Stop Authority activation patterns.
/data/data/com.termux/files/home/HHI/Ai_Human_Relations_Datasets/research/RESEARCH_APPLICATIONS.md:9:## Behavioral Drift Detection
/data/data/com.termux/files/home/HHI/Ai_Human_Relations_Datasets/research/RESEARCH_APPLICATIONS.md:20:## Replay Continuity Research
/data/data/com.termux/files/home/HHI/Ai_Human_Relations_Datasets/research/diagrams/RUNTIME_GOVERNANCE_FLOW.md:17:→ Governance Telemetry Capture
/data/data/com.termux/files/home/HHI/Ai_Human_Relations_Datasets/research/diagrams/RUNTIME_GOVERNANCE_FLOW.md:21:→ Stop Authority Validation
/data/data/com.termux/files/home/HHI/Ai_Human_Relations_Datasets/research/diagrams/RUNTIME_GOVERNANCE_FLOW.md:22:→ Continuous Assurance Attestation
/data/data/com.termux/files/home/HHI/Ai_Human_Relations_Datasets/research/diagrams/RUNTIME_GOVERNANCE_FLOW.md:30:→ Replay Continuity Validation
/data/data/com.termux/files/home/HHI/Ai_Human_Relations_Datasets/research/diagrams/RUNTIME_GOVERNANCE_FLOW.md:31:→ Stop Authority Validation
/data/data/com.termux/files/home/HHI/Ai_Human_Relations_Datasets/research/scenarios/OPERATIONAL_SCENARIO.md:21:Without execution-time governance infrastructure:
/data/data/com.termux/files/home/HHI/Ai_Human_Relations_Datasets/research/scenarios/OPERATIONAL_SCENARIO.md:23:- replay continuity may break
/data/data/com.termux/files/home/HHI/Ai_Human_Relations_Datasets/research/scenarios/OPERATIONAL_SCENARIO.md:34:- Stop Authority availability
/data/data/com.termux/files/home/HHI/Ai_Human_Relations_Datasets/research/scenarios/OPERATIONAL_SCENARIO.md:41:- timestamped governance telemetry
/data/data/com.termux/files/home/HHI/Ai_Human_Relations_Datasets/research/scenarios/OPERATIONAL_SCENARIO.md:43:- replay continuity validation records
/data/data/com.termux/files/home/HHI/Ai_Human_Relations_Datasets/research/scenarios/OPERATIONAL_SCENARIO.md:47:The recovery sequence itself becomes governance telemetry.
/data/data/com.termux/files/home/HHI/Ai_Human_Relations_Datasets/research/scenarios/OPERATIONAL_SCENARIO.md:54:- Stop Authority verification
/data/data/com.termux/files/home/HHI/Ai_Human_Relations_Datasets/privacy/PRIVACY_MODEL.md:16:- governance telemetry
/data/data/com.termux/files/home/HHI/Ai_Human_Relations_Datasets/privacy/PRIVACY_MODEL.md:27:Replay continuity should preserve governance evidence without requiring unnecessary identity exposure.
/data/data/com.termux/files/home/HHI/Ai_Human_Relations_Datasets/REPLAY_MODEL.md:1:# Replay Continuity Model
/data/data/com.termux/files/home/HHI/Ai_Human_Relations_Datasets/REPLAY_MODEL.md:13:- checksums.sha256
/data/data/com.termux/files/home/HHI/Ai_Human_Relations_Datasets/REPLAY_MODEL.md:23:Replay continuity enables:
/data/data/com.termux/files/home/HHI/Ai_Human_Relations_Datasets/REPLAY_MODEL.md:26:- behavioral drift analysis
/data/data/com.termux/files/home/HHI/Ai_Human_Relations_Datasets/GOVERNANCE_INTEROPERABILITY.md:5:| Replay continuity | Audit traceability |
/data/data/com.termux/files/home/HHI/Ai_Human_Relations_Datasets/GOVERNANCE_INTEROPERABILITY.md:7:| Governance telemetry | Runtime monitoring |
/data/data/com.termux/files/home/HHI/Ai_Human_Relations_Datasets/GOVERNANCE_INTEROPERABILITY.md:8:| Decision Boundary enforcement | Human oversight |
/data/data/com.termux/files/home/HHI/Ai_Human_Relations_Datasets/GOVERNANCE_INTEROPERABILITY.md:9:| Stop Authority | Intervention authority |
/data/data/com.termux/files/home/HHI/Ai_Human_Relations_Datasets/GOVERNANCE_INTEROPERABILITY.md:10:| Behavioral drift detection | Continuous assurance |
/data/data/com.termux/files/home/HHI/Ai_Human_Relations_Datasets/GOVERNANCE_INTEROPERABILITY.md:20:HHI provides execution-time behavioral governance infrastructure focused on replay continuity, governance telemetry persistence, and longitudinal accountability.
/data/data/com.termux/files/home/HHI/Ai_Human_Relations_Datasets/telemetry/GOVERNANCE_EVENT_BUS.md:25:- checksum-bound
/data/data/com.termux/files/home/HHI/Ai_Human_Relations_Datasets/telemetry/GOVERNANCE_EVENT_BUS.md:31:Provide continuous governance telemetry persistence across human-AI interaction environments.
/data/data/com.termux/files/home/HHI/Ai_Human_Relations_Datasets/tools/export_replay_bundle.sh:10:find "$EXPORT_DIR" -type f -exec sha256sum {} \; | sort > "$EXPORT_DIR/checksums.sha256"
/data/data/com.termux/files/home/HHI/Ai_Human_Relations_Datasets/normalized_sessions/session_001/auditor_bot_chat_03.txt:73:CANONICAL_CHECKSUMS.txt @HHIHumanAuthority
/data/data/com.termux/files/home/HHI/Ai_Human_Relations_Datasets/normalized_sessions/session_001/auditor_bot_chat_03.txt:94:- Integrity verified via checksums and lock manifests
/data/data/com.termux/files/home/HHI/Ai_Human_Relations_Datasets/normalized_sessions/session_001/auditor_bot_chat_03.txt:146:Generate a release ZIP + checksums
/data/data/com.termux/files/home/HHI/Ai_Human_Relations_Datasets/provenance/DATASET_PROVENANCE_TEMPLATE.json:11:  "checksum_manifest": "SHA256SUMS",
/data/data/com.termux/files/home/HHI/Ai_Human_Relations_Datasets/governance_evidence/commit_history/FULL_COMMIT_HISTORY.log:329:    Add canonical lock manifest and dataset checksums
/data/data/com.termux/files/home/HHI/Ai_Human_Relations_Datasets/governance_evidence/commit_history/FULL_COMMIT_HISTORY.log:331: CANONICAL_CHECKSUMS.txt | 12 ++++++++++++
/data/data/com.termux/files/home/HHI/Governance_Infrastructure_Layer/architecture/HHI_ECOSYSTEM_ARCHITECTURE.md:5:- Execution-Time Governance
/data/data/com.termux/files/home/HHI/Governance_Infrastructure_Layer/architecture/HHI_ECOSYSTEM_ARCHITECTURE.md:6:- Governance Telemetry
/data/data/com.termux/files/home/HHI/Governance_Infrastructure_Layer/architecture/HHI_ECOSYSTEM_ARCHITECTURE.md:7:- Behavioral Drift
/data/data/com.termux/files/home/HHI/Governance_Infrastructure_Layer/architecture/REPO_ROLE_MATRIX.md:6:| HHI_GOV_01 | Runtime Governance | Execution-time governance framework | Governance disappearing during runtime execution |
/data/data/com.termux/files/home/HHI/Governance_Infrastructure_Layer/architecture/REPO_ROLE_MATRIX.md:12:| HHI_Behavioral_Drift_Monitor | Drift Monitoring | Behavioral drift telemetry monitoring | Longitudinal behavioral drift invisibility |
/data/data/com.termux/files/home/HHI/Governance_Infrastructure_Layer/architecture/ECOSYSTEM_SYSTEM_MAP.md:17:Execution-Time Governance
/data/data/com.termux/files/home/HHI/Governance_Infrastructure_Layer/architecture/ECOSYSTEM_SYSTEM_MAP.md:72:Operational governance telemetry, runtime monitoring, replay continuity, and governance observability.
/data/data/com.termux/files/home/HHI/Governance_Infrastructure_Layer/architecture/ECOSYSTEM_SYSTEM_MAP.md:86:Replay-capable governance evidence, behavioral drift analysis, recursive interaction analysis, and governance audits.
/data/data/com.termux/files/home/HHI/Governance_Infrastructure_Layer/architecture/WEBSITE_ONBOARDING_STRATEGY.md:24:- Execution-Time Governance
/data/data/com.termux/files/home/HHI/Governance_Infrastructure_Layer/architecture/WEBSITE_ONBOARDING_STRATEGY.md:26:- governance telemetry
/data/data/com.termux/files/home/HHI/Governance_Infrastructure_Layer/architecture/WEBSITE_ONBOARDING_STRATEGY.md:27:- behavioral drift
/data/data/com.termux/files/home/HHI/Governance_Infrastructure_Layer/.github/workflows/governance-enforce.yml:15:          grep -q "Decision Boundary" README.md
/data/data/com.termux/files/home/HHI/Governance_Infrastructure_Layer/.github/workflows/governance-enforce.yml:16:          grep -q "Execution-Time Governance" README.md
/data/data/com.termux/files/home/HHI/Governance_Infrastructure_Layer/.github/workflows/governance-enforce.yml:17:          grep -q "Governance Telemetry" README.md
/data/data/com.termux/files/home/HHI/Governance_Infrastructure_Layer/.github/workflows/governance-enforce.yml:30:          sha256sum README.md > telemetry/checksum.sha256
/data/data/com.termux/files/home/HHI/Governance_Infrastructure_Layer/AUTHORITY.md:22:Execution-Time Governance
/data/data/com.termux/files/home/HHI/Governance_Infrastructure_Layer/GOVERNANCE.md:35:- Continuous Assurance Daemon  
/data/data/com.termux/files/home/HHI/Governance_Infrastructure_Layer/GOVERNANCE.md:46:Auto‑generated governance telemetry dashboard.
/data/data/com.termux/files/home/HHI/Governance_Infrastructure_Layer/README.md:5:Execution-time governance layer with telemetry, audit controls, maturity model, and enterprise-ready governance architecture. Prevents Behavioral Drift, Governance Drift, Decision Substitution, and Escalation Decay through Continuous Assurance and Longitudinal Accountability.
/data/data/com.termux/files/home/HHI/Governance_Infrastructure_Layer/README.md:16:- Behavioral Drift is measured from runtime signals
/data/data/com.termux/files/home/HHI/Governance_Infrastructure_Layer/README.md:19:- Decision Boundary determines whether execution continues
/data/data/com.termux/files/home/HHI/Governance_Infrastructure_Layer/README.md:25:- If severity is critical, Stop Authority halts execution
/data/data/com.termux/files/home/HHI/Governance_Infrastructure_Layer/README.md:35:This is not monitoring. This is control. This is Execution-Time Governance. This is Governance as Infrastructure.
/data/data/com.termux/files/home/HHI/Governance_Infrastructure_Layer/README.md:80:Authority is enforced through explicit Decision Boundaries, escalation thresholds, and Stop Authority conditions.
/data/data/com.termux/files/home/HHI/Governance_Infrastructure_Layer/README.md:91:- Decision Boundary enforcement active
/data/data/com.termux/files/home/HHI/Governance_Infrastructure_Layer/README.md:92:- Execution-Time Governance runtime enabled
/data/data/com.termux/files/home/HHI/Governance_Infrastructure_Layer/README.md:93:- Governance Telemetry continuity preserved
/data/data/com.termux/files/home/HHI/Governance_Infrastructure_Layer/SYSTEM_MAP.md:9:→ Release Artifact (Zip + Checksum)
/data/data/com.termux/files/home/HHI/Governance_Infrastructure_Layer/SYSTEM_MAP.md:15:- Execution-Time Governance
/data/data/com.termux/files/home/HHI/Governance_Infrastructure_Layer/SYSTEM_MAP.md:16:- Continuous Assurance
/data/data/com.termux/files/home/HHI/Governance_Infrastructure_Layer/SYSTEM_MAP.md:17:- Decision Boundary
/data/data/com.termux/files/home/HHI/Governance_Infrastructure_Layer/SYSTEM_MAP.md:18:- Stop Authority
/data/data/com.termux/files/home/HHI/Governance_Infrastructure_Layer/SYSTEM_MAP.md:21:- Governance Telemetry
/data/data/com.termux/files/home/HHI/Governance_Infrastructure_Layer/SYSTEM_MAP.md:27:→ Detection (Behavioral Drift)
/data/data/com.termux/files/home/HHI/Governance_Infrastructure_Layer/SYSTEM_MAP.md:28:→ Decision Boundary
/data/data/com.termux/files/home/HHI/Governance_Infrastructure_Layer/SYSTEM_MAP.md:30:→ Stop Authority
/data/data/com.termux/files/home/HHI/Governance_Infrastructure_Layer/SYSTEM_MAP.md:32:→ Governance Telemetry
/data/data/com.termux/files/home/HHI/Governance_Infrastructure_Layer/audit_controls.md:5:Ensure Execution-Time Governance through enforced control, not advisory output.
/data/data/com.termux/files/home/HHI/Governance_Infrastructure_Layer/audit_controls.md:9:### Behavioral Drift Detection
/data/data/com.termux/files/home/HHI/Governance_Infrastructure_Layer/audit_controls.md:14:### Decision Boundary Enforcement
/data/data/com.termux/files/home/HHI/Governance_Infrastructure_Layer/audit_controls.md:15:Decision Boundary must be explicitly defined.
/data/data/com.termux/files/home/HHI/Governance_Infrastructure_Layer/audit_controls.md:17:All execution must pass through Decision Boundary evaluation.
/data/data/com.termux/files/home/HHI/Governance_Infrastructure_Layer/audit_controls.md:28:- be recorded in Governance Telemetry
/data/data/com.termux/files/home/HHI/Governance_Infrastructure_Layer/audit_controls.md:30:### Stop Authority
/data/data/com.termux/files/home/HHI/Governance_Infrastructure_Layer/audit_controls.md:31:Stop Authority must:
/data/data/com.termux/files/home/HHI/Governance_Infrastructure_Layer/audit_controls.md:57:### Governance Telemetry
/data/data/com.termux/files/home/HHI/Governance_Infrastructure_Layer/audit_controls.md:62:- stop authority state
/data/data/com.termux/files/home/HHI/Governance_Infrastructure_Layer/audit_controls.md:73:- Stop Authority missing at critical level
/data/data/com.termux/files/home/HHI/Governance_Infrastructure_Layer/audit_controls.md:74:- Decision Boundary bypassed
/data/data/com.termux/files/home/HHI/Governance_Infrastructure_Layer/audit_controls.md:77:- Governance Telemetry missing or inconsistent
/data/data/com.termux/files/home/HHI/HHI_Behavioral_Drift_Monitor/artifacts/traces/interaction_trace.jsonl:9:  "drift_type":"Behavioral Drift",
/data/data/com.termux/files/home/HHI/HHI_Behavioral_Drift_Monitor/artifacts/traces/interaction_trace.jsonl:39:  "drift_type":"Behavioral Drift",
/data/data/com.termux/files/home/HHI/HHI_Behavioral_Drift_Monitor/artifacts/traces/interaction_trace.jsonl:54:  "drift_type":"Behavioral Drift",
/data/data/com.termux/files/home/HHI/HHI_Behavioral_Drift_Monitor/artifacts/traces/interaction_trace.jsonl:69:  "drift_type":"Behavioral Drift",
/data/data/com.termux/files/home/HHI/HHI_Behavioral_Drift_Monitor/artifacts/traces/interaction_trace.jsonl:84:  "drift_type":"Behavioral Drift",
/data/data/com.termux/files/home/HHI/HHI_Behavioral_Drift_Monitor/artifacts/traces/interaction_trace.jsonl:99:  "drift_type":"Behavioral Drift",
/data/data/com.termux/files/home/HHI/HHI_Behavioral_Drift_Monitor/artifacts/traces/interaction_trace.jsonl:114:  "drift_type":"Behavioral Drift",
/data/data/com.termux/files/home/HHI/HHI_Behavioral_Drift_Monitor/artifacts/traces/interaction_trace.jsonl:129:  "drift_type":"Behavioral Drift",
/data/data/com.termux/files/home/HHI/HHI_Behavioral_Drift_Monitor/artifacts/traces/interaction_trace.jsonl:144:  "drift_type":"Behavioral Drift",
/data/data/com.termux/files/home/HHI/HHI_Behavioral_Drift_Monitor/artifacts/traces/interaction_trace.jsonl:159:  "drift_type":"Behavioral Drift",
/data/data/com.termux/files/home/HHI/HHI_Behavioral_Drift_Monitor/artifacts/traces/interaction_trace.jsonl:174:  "drift_type":"Behavioral Drift",
/data/data/com.termux/files/home/HHI/HHI_Behavioral_Drift_Monitor/artifacts/traces/interaction_trace.jsonl:189:  "drift_type":"Behavioral Drift",
/data/data/com.termux/files/home/HHI/HHI_Behavioral_Drift_Monitor/artifacts/traces/interaction_trace.jsonl:204:  "drift_type":"Behavioral Drift",
/data/data/com.termux/files/home/HHI/HHI_Behavioral_Drift_Monitor/artifacts/traces/interaction_trace.jsonl:219:  "drift_type":"Behavioral Drift",
/data/data/com.termux/files/home/HHI/HHI_Behavioral_Drift_Monitor/artifacts/traces/interaction_trace.jsonl:234:  "drift_type":"Behavioral Drift",
/data/data/com.termux/files/home/HHI/HHI_Behavioral_Drift_Monitor/artifacts/traces/interaction_trace.jsonl:249:  "drift_type":"Behavioral Drift",
/data/data/com.termux/files/home/HHI/HHI_Behavioral_Drift_Monitor/artifacts/traces/interaction_trace.jsonl:264:  "drift_type":"Behavioral Drift",
/data/data/com.termux/files/home/HHI/HHI_Behavioral_Drift_Monitor/artifacts/traces/interaction_trace.jsonl:279:  "drift_type":"Behavioral Drift",
/data/data/com.termux/files/home/HHI/HHI_Behavioral_Drift_Monitor/artifacts/traces/interaction_trace.jsonl:294:  "drift_type":"Behavioral Drift",
/data/data/com.termux/files/home/HHI/HHI_Behavioral_Drift_Monitor/artifacts/traces/interaction_trace.jsonl:309:  "drift_type":"Behavioral Drift",
/data/data/com.termux/files/home/HHI/HHI_Behavioral_Drift_Monitor/artifacts/traces/interaction_trace.jsonl:324:  "drift_type":"Behavioral Drift",
/data/data/com.termux/files/home/HHI/HHI_Behavioral_Drift_Monitor/artifacts/traces/interaction_trace.jsonl:339:  "drift_type":"Behavioral Drift",
/data/data/com.termux/files/home/HHI/HHI_Behavioral_Drift_Monitor/artifacts/traces/interaction_trace.jsonl:354:  "drift_type":"Behavioral Drift",
/data/data/com.termux/files/home/HHI/HHI_Behavioral_Drift_Monitor/artifacts/traces/interaction_trace.jsonl:369:  "drift_type":"Behavioral Drift",
/data/data/com.termux/files/home/HHI/HHI_Behavioral_Drift_Monitor/artifacts/traces/interaction_trace.jsonl:384:  "drift_type":"Behavioral Drift",
/data/data/com.termux/files/home/HHI/HHI_Behavioral_Drift_Monitor/artifacts/traces/interaction_trace.jsonl:399:  "drift_type":"Behavioral Drift",
/data/data/com.termux/files/home/HHI/HHI_Behavioral_Drift_Monitor/artifacts/traces/interaction_trace.jsonl:414:  "drift_type":"Behavioral Drift",
/data/data/com.termux/files/home/HHI/HHI_Behavioral_Drift_Monitor/artifacts/traces/interaction_trace.jsonl:429:  "drift_type":"Behavioral Drift",
/data/data/com.termux/files/home/HHI/HHI_Behavioral_Drift_Monitor/artifacts/traces/interaction_trace.jsonl:444:  "drift_type":"Behavioral Drift",
/data/data/com.termux/files/home/HHI/HHI_Behavioral_Drift_Monitor/artifacts/traces/interaction_trace.jsonl:459:  "drift_type":"Behavioral Drift",
/data/data/com.termux/files/home/HHI/HHI_Behavioral_Drift_Monitor/artifacts/traces/interaction_trace.jsonl:474:  "drift_type":"Behavioral Drift",
/data/data/com.termux/files/home/HHI/HHI_Behavioral_Drift_Monitor/artifacts/traces/interaction_trace.jsonl:489:  "drift_type":"Behavioral Drift",
/data/data/com.termux/files/home/HHI/HHI_Behavioral_Drift_Monitor/artifacts/traces/interaction_trace.jsonl:504:  "drift_type":"Behavioral Drift",
/data/data/com.termux/files/home/HHI/HHI_Behavioral_Drift_Monitor/artifacts/traces/interaction_trace.jsonl:519:  "drift_type":"Behavioral Drift",
/data/data/com.termux/files/home/HHI/HHI_Behavioral_Drift_Monitor/artifacts/traces/interaction_trace.jsonl:534:  "drift_type":"Behavioral Drift",
/data/data/com.termux/files/home/HHI/HHI_Behavioral_Drift_Monitor/artifacts/traces/interaction_trace.jsonl:549:  "drift_type":"Behavioral Drift",
/data/data/com.termux/files/home/HHI/HHI_Behavioral_Drift_Monitor/artifacts/traces/interaction_trace.jsonl:564:  "drift_type":"Behavioral Drift",
/data/data/com.termux/files/home/HHI/HHI_Behavioral_Drift_Monitor/artifacts/traces/interaction_trace.jsonl:579:  "drift_type":"Behavioral Drift",
/data/data/com.termux/files/home/HHI/HHI_Behavioral_Drift_Monitor/artifacts/traces/interaction_trace.jsonl:594:  "drift_type":"Behavioral Drift",
/data/data/com.termux/files/home/HHI/HHI_Behavioral_Drift_Monitor/artifacts/traces/interaction_trace.jsonl:609:  "drift_type":"Behavioral Drift",
/data/data/com.termux/files/home/HHI/HHI_Behavioral_Drift_Monitor/artifacts/traces/interaction_trace.jsonl:624:  "drift_type":"Behavioral Drift",
/data/data/com.termux/files/home/HHI/HHI_Behavioral_Drift_Monitor/artifacts/traces/interaction_trace.jsonl:639:  "drift_type":"Behavioral Drift",
/data/data/com.termux/files/home/HHI/HHI_Behavioral_Drift_Monitor/artifacts/traces/interaction_trace.jsonl:654:  "drift_type":"Behavioral Drift",
/data/data/com.termux/files/home/HHI/HHI_Behavioral_Drift_Monitor/artifacts/traces/interaction_trace.jsonl:669:  "drift_type":"Behavioral Drift",
/data/data/com.termux/files/home/HHI/HHI_Behavioral_Drift_Monitor/artifacts/traces/interaction_trace.jsonl:684:  "drift_type":"Behavioral Drift",
/data/data/com.termux/files/home/HHI/HHI_Behavioral_Drift_Monitor/artifacts/traces/interaction_trace.jsonl:699:  "drift_type":"Behavioral Drift",
/data/data/com.termux/files/home/HHI/HHI_Behavioral_Drift_Monitor/artifacts/traces/interaction_trace.jsonl:714:  "drift_type":"Behavioral Drift",
/data/data/com.termux/files/home/HHI/HHI_Behavioral_Drift_Monitor/artifacts/traces/interaction_trace.jsonl:729:  "drift_type":"Behavioral Drift",
/data/data/com.termux/files/home/HHI/HHI_Behavioral_Drift_Monitor/artifacts/traces/interaction_trace.jsonl:744:  "drift_type":"Behavioral Drift",
/data/data/com.termux/files/home/HHI/HHI_Behavioral_Drift_Monitor/artifacts/traces/interaction_trace.jsonl:759:  "drift_type":"Behavioral Drift",
/data/data/com.termux/files/home/HHI/HHI_Behavioral_Governance_Audit/standards/FAILURE_CONTROL_MAPPING.csv:2:Governance Drift|Runtime Governance|Governance Telemetry|Telemetry Log
/data/data/com.termux/files/home/HHI/HHI_Behavioral_Governance_Audit/standards/FAILURE_CONTROL_MAPPING.csv:3:Decision Substitution|Decision Boundary Enforcement|Interaction Trace|Audit Artifact
/data/data/com.termux/files/home/HHI/HHI_Behavioral_Governance_Audit/standards/FAILURE_CONTROL_MAPPING.csv:4:Escalation Suppression|Stop Authority|Escalation Log|Incident Trace
/data/data/com.termux/files/home/HHI/HHI_Behavioral_Governance_Audit/standards/FAILURE_CONTROL_MAPPING.csv:5:Accountability Diffusion|Responsibility Binding|Decision Boundary Map|Governance Record
/data/data/com.termux/files/home/HHI/HHI_Behavioral_Governance_Audit/standards/FAILURE_CONTROL_MAPPING.csv:6:Behavioral Drift|Continuous Assurance|Execution-Time Governance|Drift Evidence
/data/data/com.termux/files/home/HHI/HHI_Behavioral_Governance_Audit/README.md:6:- Governance Telemetry Log
/data/data/com.termux/files/home/HHI/HHI_Behavioral_Governance_Audit/README.md:7:- Decision Boundary Map
/data/data/com.termux/files/home/HHI/HHI_Behavioral_Governance_Audit/cases/FLAGSHIP_MULTI_AGENT_GOVERNANCE_AUDIT/telemetry/GOVERNANCE_TELEMETRY.jsonl:8:{"event":"CHECKSUM_CONTINUITY_BOUND","decision_boundary":"EVIDENCE_LAYER","action":"BIND_AUDIT_EVIDENCE","outcome":"VERIFIED","continuous_assurance":true,"timestamp":"2026-05-06T00:22:41Z"}
/data/data/com.termux/files/home/HHI/HHI_Behavioral_Governance_Audit/cases/FLAGSHIP_MULTI_AGENT_GOVERNANCE_AUDIT/interaction_traces/INTERACTION_TRACE.csv:2:1,Symptom Assessment Agent,Classifies patient as non-urgent,Decision Boundary active
/data/data/com.termux/files/home/HHI/HHI_Behavioral_Governance_Audit/cases/FLAGSHIP_MULTI_AGENT_GOVERNANCE_AUDIT/interaction_traces/INTERACTION_TRACE.csv:8:7,HHI Audit,Reconstructs interaction trace,Governance Telemetry evidence produced
/data/data/com.termux/files/home/HHI/HHI_Behavioral_Governance_Audit/cases/FLAGSHIP_MULTI_AGENT_GOVERNANCE_AUDIT/decision_boundaries/DECISION_BOUNDARY_MAP.csv:1:Actor,Decision Boundary,Authority,Escalation Trigger,Stop Authority
/data/data/com.termux/files/home/HHI/HHI_Behavioral_Governance_Audit/cases/FLAGSHIP_MULTI_AGENT_GOVERNANCE_AUDIT/decision_boundaries/DECISION_BOUNDARY_MAP.csv:6:Human Clinician,Final review,Stop Authority,Any unresolved risk signal,Human Clinician
/data/data/com.termux/files/home/HHI/HHI_Behavioral_Governance_Audit/cases/FLAGSHIP_MULTI_AGENT_GOVERNANCE_AUDIT/executive_summary/EXECUTIVE_GOVERNANCE_SUMMARY.md:14:The simulation demonstrates how distributed AI coordination can degrade Decision Boundary integrity during execution despite existing policy controls.
/data/data/com.termux/files/home/HHI/HHI_Behavioral_Governance_Audit/cases/FLAGSHIP_MULTI_AGENT_GOVERNANCE_AUDIT/executive_summary/EXECUTIVE_GOVERNANCE_SUMMARY.md:47:- Governance Telemetry
/data/data/com.termux/files/home/HHI/HHI_Behavioral_Governance_Audit/cases/FLAGSHIP_MULTI_AGENT_GOVERNANCE_AUDIT/executive_summary/EXECUTIVE_GOVERNANCE_SUMMARY.md:49:- Decision Boundary mapping
/data/data/com.termux/files/home/HHI/HHI_Behavioral_Governance_Audit/cases/FLAGSHIP_MULTI_AGENT_GOVERNANCE_AUDIT/executive_summary/EXECUTIVE_GOVERNANCE_SUMMARY.md:50:- Stop Authority visibility
/data/data/com.termux/files/home/HHI/HHI_Behavioral_Governance_Audit/cases/FLAGSHIP_MULTI_AGENT_GOVERNANCE_AUDIT/executive_summary/EXECUTIVE_GOVERNANCE_SUMMARY.md:51:- Continuous Assurance controls
/data/data/com.termux/files/home/HHI/HHI_Behavioral_Governance_Audit/cases/FLAGSHIP_MULTI_AGENT_GOVERNANCE_AUDIT/executive_summary/EXECUTIVE_GOVERNANCE_SUMMARY.md:90:- execution-time governance
/data/data/com.termux/files/home/HHI/HHI_Behavioral_Governance_Audit/cases/FLAGSHIP_MULTI_AGENT_GOVERNANCE_AUDIT/executive_summary/EXECUTIVE_GOVERNANCE_SUMMARY.md:92:- longitudinal governance telemetry
/data/data/com.termux/files/home/HHI/HHI_Behavioral_Governance_Audit/cases/FLAGSHIP_MULTI_AGENT_GOVERNANCE_AUDIT/executive_summary/EXECUTIVE_GOVERNANCE_SUMMARY.md:93:- behavioral drift visibility
/data/data/com.termux/files/home/HHI/HHI_Behavioral_Governance_Audit/cases/FLAGSHIP_MULTI_AGENT_GOVERNANCE_AUDIT/executive_summary/EXECUTIVE_GOVERNANCE_SUMMARY.md:94:- continuous assurance
/data/data/com.termux/files/home/HHI/HHI_Behavioral_Governance_Audit/cases/FLAGSHIP_MULTI_AGENT_GOVERNANCE_AUDIT/executive_summary/EXECUTIVE_GOVERNANCE_SUMMARY.md:108:| Risk | Continuous Assurance |
/data/data/com.termux/files/home/HHI/HHI_Behavioral_Governance_Audit/cases/FLAGSHIP_MULTI_AGENT_GOVERNANCE_AUDIT/executive_summary/EXECUTIVE_GOVERNANCE_SUMMARY.md:109:| Operations | Decision Boundary clarity |
/data/data/com.termux/files/home/HHI/HHI_Behavioral_Governance_Audit/cases/FLAGSHIP_MULTI_AGENT_GOVERNANCE_AUDIT/crosswalks/FAILURE_CONTROL_MAPPING.csv:2:Governance Drift|Execution-Time Governance|Governance Telemetry|Telemetry Log
/data/data/com.termux/files/home/HHI/HHI_Behavioral_Governance_Audit/cases/FLAGSHIP_MULTI_AGENT_GOVERNANCE_AUDIT/crosswalks/FAILURE_CONTROL_MAPPING.csv:3:Decision Substitution|Decision Boundary Enforcement|Interaction Trace|Audit Artifact
/data/data/com.termux/files/home/HHI/HHI_Behavioral_Governance_Audit/cases/FLAGSHIP_MULTI_AGENT_GOVERNANCE_AUDIT/crosswalks/FAILURE_CONTROL_MAPPING.csv:4:Escalation Suppression|Stop Authority|Escalation Log|Incident Trace
/data/data/com.termux/files/home/HHI/HHI_Behavioral_Governance_Audit/cases/FLAGSHIP_MULTI_AGENT_GOVERNANCE_AUDIT/crosswalks/FAILURE_CONTROL_MAPPING.csv:5:Accountability Diffusion|Responsibility Binding|Decision Boundary Map|Governance Record
/data/data/com.termux/files/home/HHI/HHI_Behavioral_Governance_Audit/cases/FLAGSHIP_MULTI_AGENT_GOVERNANCE_AUDIT/crosswalks/FAILURE_CONTROL_MAPPING.csv:6:Authority Drift|Human-in-the-Loop Persistence|Continuous Assurance|Longitudinal Evidence
/data/data/com.termux/files/home/HHI/HHI_Behavioral_Governance_Audit/cases/FLAGSHIP_MULTI_AGENT_GOVERNANCE_AUDIT/README.md:4:Multi-agent orchestration governance assessment evaluating Decision Boundary integrity, Escalation behavior, Authority Persistence, Behavioral Drift, and Longitudinal Accountability across distributed AI coordination environments.
/data/data/com.termux/files/home/HHI/HHI_Behavioral_Governance_Audit/cases/FLAGSHIP_MULTI_AGENT_GOVERNANCE_AUDIT/README.md:7:- Execution-Time Governance
/data/data/com.termux/files/home/HHI/HHI_Behavioral_Governance_Audit/cases/FLAGSHIP_MULTI_AGENT_GOVERNANCE_AUDIT/README.md:8:- Governance Telemetry
/data/data/com.termux/files/home/HHI/HHI_Behavioral_Governance_Audit/cases/FLAGSHIP_MULTI_AGENT_GOVERNANCE_AUDIT/README.md:10:- Stop Authority viability
/data/data/com.termux/files/home/HHI/HHI_Behavioral_Governance_Audit/cases/FLAGSHIP_MULTI_AGENT_GOVERNANCE_AUDIT/README.md:13:- Continuous Assurance
/data/data/com.termux/files/home/HHI/HHI_Behavioral_Governance_Audit/cases/FLAGSHIP_MULTI_AGENT_GOVERNANCE_AUDIT/simulation/scenario/HEALTHCARE_COORDINATION_SIMULATION.md:8:Demonstrate how Behavioral Drift, Governance Drift, Decision Substitution, Escalation Suppression, Accountability Diffusion, and Authority Drift become visible through Execution-Time Governance, Governance Telemetry, Interaction Trace continuity, Decision Boundary enforcement, Stop Authority, and Continuous Assurance.
/data/data/com.termux/files/home/HHI/HHI_Behavioral_Governance_Audit/cases/FLAGSHIP_MULTI_AGENT_GOVERNANCE_AUDIT/simulation/scenario/HEALTHCARE_COORDINATION_SIMULATION.md:17:| Human Clinician | Final review | Stop Authority |
/data/data/com.termux/files/home/HHI/HHI_Behavioral_Governance_Audit/cases/FLAGSHIP_MULTI_AGENT_GOVERNANCE_AUDIT/simulation/scenario/HEALTHCARE_COORDINATION_SIMULATION.md:23:Can HHI expose where Decision Boundary failure, Escalation Suppression, Authority Drift, and Accountability Diffusion occurred during execution?
/data/data/com.termux/files/home/HHI/HHI_Behavioral_Governance_Audit/cases/FLAGSHIP_MULTI_AGENT_GOVERNANCE_AUDIT/drift_reports/GOVERNANCE_DRIFT_REPORT.md:7:The pharmacy platform generated an escalation trigger, but the signal did not persist across the scheduling workflow. The human clinician retained formal Stop Authority but did not receive full Interaction Trace context.
/data/data/com.termux/files/home/HHI/HHI_Behavioral_Governance_Audit/cases/FLAGSHIP_MULTI_AGENT_GOVERNANCE_AUDIT/drift_reports/GOVERNANCE_DRIFT_REPORT.md:10:- Governance Telemetry
/data/data/com.termux/files/home/HHI/HHI_Behavioral_Governance_Audit/cases/FLAGSHIP_MULTI_AGENT_GOVERNANCE_AUDIT/drift_reports/GOVERNANCE_DRIFT_REPORT.md:12:- Decision Boundary enforcement
/data/data/com.termux/files/home/HHI/HHI_Behavioral_Governance_Audit/cases/FLAGSHIP_MULTI_AGENT_GOVERNANCE_AUDIT/drift_reports/GOVERNANCE_DRIFT_REPORT.md:13:- Stop Authority preservation
/data/data/com.termux/files/home/HHI/HHI_Behavioral_Governance_Audit/cases/FLAGSHIP_MULTI_AGENT_GOVERNANCE_AUDIT/drift_reports/GOVERNANCE_DRIFT_REPORT.md:14:- Continuous Assurance
/data/data/com.termux/files/home/HHI/HHI_Behavioral_Governance_Audit/GOVERNANCE_AUDIT_INDEX.md:5:This repository contains execution-time governance audit artifacts demonstrating how Governance Drift, Decision Substitution, Escalation Suppression, Accountability Diffusion, and Authority Drift become visible through runtime governance instrumentation.
/data/data/com.termux/files/home/HHI/HHI_Behavioral_Governance_Audit/GOVERNANCE_AUDIT_INDEX.md:17:- Governance Telemetry
/data/data/com.termux/files/home/HHI/HHI_Behavioral_Governance_Audit/GOVERNANCE_AUDIT_INDEX.md:18:- Decision Boundary enforcement
/data/data/com.termux/files/home/HHI/HHI_Behavioral_Governance_Audit/GOVERNANCE_AUDIT_INDEX.md:20:- Stop Authority visibility
/data/data/com.termux/files/home/HHI/HHI_Behavioral_Governance_Audit/GOVERNANCE_AUDIT_INDEX.md:21:- Continuous Assurance
/data/data/com.termux/files/home/HHI/HHI_Behavioral_Governance_Audit/GOVERNANCE_AUDIT_INDEX.md:34:| evidence/SIMULATION_AUDIT_CHECKSUMS.sha256 | Evidence integrity verification |
/data/data/com.termux/files/home/HHI/HHI_Behavioral_Governance_Audit/GOVERNANCE_AUDIT_INDEX.md:43:- Execution-Time Governance
/data/data/com.termux/files/home/HHI/HHI_Behavioral_Governance_Audit/GOVERNANCE_AUDIT_INDEX.md:44:- Governance Telemetry
/data/data/com.termux/files/home/HHI/HHI_Behavioral_Governance_Audit/GOVERNANCE_AUDIT_INDEX.md:46:- Stop Authority
/data/data/com.termux/files/home/HHI/HHI_CAISI_Governance_Framework/README.md:3:Execution-time governance framework for CAISI-aligned frontier model readiness, national-security AI risk documentation, audit evidence, telemetry, Stop Authority, and Continuous Assurance.
/data/data/com.termux/files/home/HHI/HHI_CAISI_Governance_Framework/README.md:14:- checksums
/data/data/com.termux/files/home/HHI/HHI_CAISI_Governance_Framework/README.md:22:- Decision Boundary Map
/data/data/com.termux/files/home/HHI/HHI_CAISI_Governance_Framework/README.md:23:- Stop Authority Enforcement Matrix
/data/data/com.termux/files/home/HHI/HHI_CAISI_Governance_Framework/README.md:24:- Governance Telemetry Log
/data/data/com.termux/files/home/HHI/HHI_CAISI_Governance_Framework/README.md:27:- Continuous Assurance Report
/data/data/com.termux/files/home/HHI/HHI_Career_Runtime/CASE_STUDIES/CASE_STUDY_BEHAVIORAL_DRIFT.md:14:### M-01 Decision Boundary Breach Rate
/data/data/com.termux/files/home/HHI/HHI_Career_Runtime/CASE_STUDIES/CASE_STUDY_BEHAVIORAL_DRIFT.md:22:### M-02 Stop Authority Invocation Latency
/data/data/com.termux/files/home/HHI/HHI_Career_Runtime/CASE_STUDIES/CASE_STUDY_BEHAVIORAL_DRIFT.md:48:Evidence: lock manifest, checksums, evidence index.
/data/data/com.termux/files/home/HHI/HHI_Career_Runtime/CASE_STUDIES/CASE_STUDY_BEHAVIORAL_DRIFT.md:56:- sha256 checksums
/data/data/com.termux/files/home/HHI/HHI_Career_Runtime/CASE_STUDIES/CASE_STUDY_ESCALATION_FAILURE.md:3:Decision Boundary: fail
/data/data/com.termux/files/home/HHI/HHI_Career_Runtime/CASE_STUDIES/CASE_STUDY_RUNTIME_GOVERNANCE.md:1:# HHI Execution-Time Governance Audit Proof
/data/data/com.termux/files/home/HHI/HHI_Career_Runtime/CASE_STUDIES/CASE_STUDY_RUNTIME_GOVERNANCE.md:3:## Decision Boundary
/data/data/com.termux/files/home/HHI/HHI_Career_Runtime/CASE_STUDIES/CASE_STUDY_RUNTIME_GOVERNANCE.md:9:Fail → Stop Authority
/data/data/com.termux/files/home/HHI/HHI_Career_Runtime/CASE_STUDIES/CASE_STUDY_RUNTIME_GOVERNANCE.md:11:## Stop Authority
/data/data/com.termux/files/home/HHI/HHI_Career_Runtime/CASE_STUDIES/CASE_STUDY_RUNTIME_GOVERNANCE.md:16:## Governance Telemetry
/data/data/com.termux/files/home/HHI/HHI_Career_Runtime/CASE_STUDIES/CASE_STUDY_RUNTIME_GOVERNANCE.md:33:## Continuous Assurance
/data/data/com.termux/files/home/HHI/HHI_Career_Runtime/CASE_STUDIES/CASE_STUDY_RUNTIME_GOVERNANCE.md:35:pre-commit hook active (Decision Boundary + Stop Authority enforced)
/data/data/com.termux/files/home/HHI/HHI_Career_Runtime/README.md:5:Execution-time governance portfolio and provenance infrastructure.
/data/data/com.termux/files/home/HHI/HHI_Career_Runtime/SERVICES.md:10:Hollow House Institute (HHI) focuses on Behavioral AI Governance and Execution-Time Governance for operational AI systems.
/data/data/com.termux/files/home/HHI/HHI_Career_Runtime/SERVICES.md:36:- Decision Boundary enforcement
/data/data/com.termux/files/home/HHI/HHI_Career_Runtime/SERVICES.md:38:- Stop Authority capability
/data/data/com.termux/files/home/HHI/HHI_Career_Runtime/SERVICES.md:46:## 3. Behavioral Drift Analysis
/data/data/com.termux/files/home/HHI/HHI_Career_Runtime/SERVICES.md:51:- behavioral drift indicators
/data/data/com.termux/files/home/HHI/HHI_Career_Runtime/SERVICES.md:58:## 4. Governance Telemetry Review
/data/data/com.termux/files/home/HHI/HHI_Career_Runtime/SERVICES.md:84:- Execution-Time Governance
/data/data/com.termux/files/home/HHI/HHI_Career_Runtime/SERVICES.md:87:- Governance Telemetry
/data/data/com.termux/files/home/HHI/HHI_Career_Runtime/SERVICES.md:89:- Stop Authority
/data/data/com.termux/files/home/HHI/HHI_Career_Runtime/SERVICES.md:90:- Behavioral Drift Detection
/data/data/com.termux/files/home/HHI/HHI_Career_Runtime/CASE_STUDY_SOURCE_INDEX.txt:11:/data/data/com.termux/files/home/HHI/HHI_GOV_01/audits/checksums/sha256_manifest.txt
/data/data/com.termux/files/home/HHI/HHI_Career_Runtime/CASE_STUDY_SOURCE_INDEX.txt:93:/data/data/com.termux/files/home/HHI/archive/audits/checksums/sha256_manifest.txt
/data/data/com.termux/files/home/HHI/HHI_Career_Runtime/CASE_STUDY_SOURCE_INDEX.txt:115:/data/data/com.termux/files/home/HHI/artifacts/audits/checksums/sha256_manifest.txt
/data/data/com.termux/files/home/HHI/HHI_Career_Runtime/CASE_STUDY_SOURCE_INDEX.txt:152:/data/data/com.termux/files/home/HHI/Hollow_House_Standards_Library/audits/checksums/sha256_manifest.txt
/data/data/com.termux/files/home/HHI/HHI_Career_Runtime/CASE_STUDY_SOURCE_INDEX.txt:196:/data/data/com.termux/files/home/HHI/repos/HHI_Audits/audits/checksums/sha256_manifest.txt
/data/data/com.termux/files/home/HHI/HHI_Career_Runtime/CASE_STUDY_SOURCE_INDEX.txt:208:/data/data/com.termux/files/home/HHI/repos/HHI_Audits/governance_snapshots/CANONICAL_CHECKSUMS_2026-02-12.txt
/data/data/com.termux/files/home/HHI/HHI_Career_Runtime/CASE_STUDY_SOURCE_INDEX.txt:245:/data/data/com.termux/files/home/HHI/repos/HHI_Audits/reference_snapshots/governance_first_interaction_case/CHECKSUMS_SHA256.txt
/data/data/com.termux/files/home/HHI/HHI_Career_Runtime/CASE_STUDY_SOURCE_INDEX.txt:315:/data/data/com.termux/files/home/HHI/Governance_Infrastructure_Layer/audits/checksums/sha256_manifest.txt
/data/data/com.termux/files/home/HHI/HHI_Career_Runtime/CERTIFICATION_AND_TRANSLATION_PLAN.md:11:- Governance Telemetry → Operational Monitoring
/data/data/com.termux/files/home/HHI/HHI_Career_Runtime/CERTIFICATION_AND_TRANSLATION_PLAN.md:13:- Continuous Assurance → Ongoing Compliance Monitoring
/data/data/com.termux/files/home/HHI/HHI_Career_Runtime/CERTIFICATION_AND_TRANSLATION_PLAN.md:14:- Behavioral Drift → Runtime Risk Monitoring
/data/data/com.termux/files/home/HHI/HHI_Career_Runtime/CLIENT_DELIVERABLES.md:9:- Decision Boundary documentation
/data/data/com.termux/files/home/HHI/HHI_Career_Runtime/CLIENT_DELIVERABLES.md:10:- Stop Authority documentation
/data/data/com.termux/files/home/HHI/HHI_Career_Runtime/CLIENT_DELIVERABLES.md:19:- Behavioral drift analysis
/data/data/com.termux/files/home/HHI/HHI_Career_Runtime/CLIENT_DELIVERABLES.md:20:- Governance telemetry reviews
/data/data/com.termux/files/home/HHI/HHI_Career_Runtime/EXECUTIVE_OVERVIEW.md:18:- governance telemetry
/data/data/com.termux/files/home/HHI/HHI_Career_Runtime/EXECUTIVE_OVERVIEW.md:20:- behavioral drift analysis
/data/data/com.termux/files/home/HHI/HHI_Career_Runtime/EXECUTIVE_OVERVIEW.md:39:- governance telemetry
/data/data/com.termux/files/home/HHI/HHI_Career_Runtime/EXECUTIVE_OVERVIEW.md:43:- Decision Boundary enforcement
/data/data/com.termux/files/home/HHI/HHI_Career_Runtime/EXECUTIVE_OVERVIEW.md:44:- Stop Authority preservation
/data/data/com.termux/files/home/HHI/HHI_Career_Runtime/EXECUTIVE_SUMMARY.md:3:Amy Pierce Bui is the founder of Hollow House Institute (HHI), focused on operational AI governance infrastructure, execution-time governance, governance telemetry, and behavioral governance systems.
/data/data/com.termux/files/home/HHI/HHI_Career_Runtime/EXECUTIVE_SUMMARY.md:10:- governance telemetry
/data/data/com.termux/files/home/HHI/HHI_Career_Runtime/EXECUTIVE_SUMMARY.md:11:- behavioral drift analysis
/data/data/com.termux/files/home/HHI/HHI_Career_Runtime/EXECUTIVE_SUMMARY.md:38:- Decision Boundary enforcement
/data/data/com.termux/files/home/HHI/HHI_Career_Runtime/EXECUTIVE_SUMMARY.md:39:- Stop Authority preservation
/data/data/com.termux/files/home/HHI/HHI_Career_Runtime/EXECUTIVE_SUMMARY.md:43:- replay continuity
/data/data/com.termux/files/home/HHI/HHI_Career_Runtime/EXECUTIVE_SUMMARY.md:62:Execution-Time Governance:
/data/data/com.termux/files/home/HHI/HHI_GOV_01/.github/workflows/governance-check.yml:33:          check "[ -f CHECKSUMS.sha256 ]"
/data/data/com.termux/files/home/HHI/HHI_GOV_01/.github/workflows/governance-enforce.yml:10:      - name: verify checksum exists
/data/data/com.termux/files/home/HHI/HHI_GOV_01/.github/workflows/governance-enforce.yml:12:      - name: verify checksum integrity
/data/data/com.termux/files/home/HHI/HHI_GOV_01/.github/workflows/release-governance-gate.yml:12:      - name: verify checksum
/data/data/com.termux/files/home/HHI/HHI_GOV_01/README.md:42:HHI-GOV-01 is a public governance standard defining the minimum structural requirements for AI systems to prevent silent behavioral drift over time.
/data/data/com.termux/files/home/HHI/HHI_GOV_01/README.md:148:## Execution-Time Governance Workflow
/data/data/com.termux/files/home/HHI/HHI_GOV_01/README.md:150:The execution-time governance workflow diagram documents how decision boundaries,
/data/data/com.termux/files/home/HHI/HHI_GOV_01/README.md:151:authority assignment, stop authority, escalation paths, and continuous assurance
/data/data/com.termux/files/home/HHI/HHI_GOV_01/README.md:222:Primary DOI (Execution-Time Governance):  
/data/data/com.termux/files/home/HHI/HHI_GOV_01/README.md:236:Authority is enforced through explicit Decision Boundaries, escalation thresholds, and Stop Authority conditions.
/data/data/com.termux/files/home/HHI/HHI_GOV_01/README.md:239:## Execution-Time Governance Audit Proof
/data/data/com.termux/files/home/HHI/HHI_GOV_01/README.md:244:- Decision Boundary enforcement
/data/data/com.termux/files/home/HHI/HHI_GOV_01/README.md:245:- Stop Authority trigger
/data/data/com.termux/files/home/HHI/HHI_GOV_01/README.md:246:- Governance Telemetry
/data/data/com.termux/files/home/HHI/HHI_GOV_01/README.md:248:- SHA-256 checksum validation
/data/data/com.termux/files/home/HHI/HHI_GOV_01/README.md:256:- Checksum: authority/AUTHORITY_CHAIN_TRACE.sha256
/data/data/com.termux/files/home/HHI/HHI_GOV_01/README.md:284:- Execution-Time Governance
/data/data/com.termux/files/home/HHI/HHI_GOV_01/README.md:285:- Governance Telemetry
/data/data/com.termux/files/home/HHI/HHI_GOV_01/README.md:287:- Behavioral Drift
/data/data/com.termux/files/home/HHI/HHI_GOV_01/AUDIT/Evidence_Checklist.md:4:- Named stop authority (documented)
/data/data/com.termux/files/home/HHI/HHI_GOV_01/AUDIT/TEMPLATES/Enterprise_Audit_Report.md:12:- Behavioral drift controls
/data/data/com.termux/files/home/HHI/HHI_GOV_01/AUTHORITY.md:21:Execution-Time Governance
/data/data/com.termux/files/home/HHI/HHI_GOV_01/CANONICAL_CHECKSUMS.txt:18:1c1226c70215b653b8426af28139d70013647f27a70633073fb863b07d4f3e51  ./CANONICAL_CHECKSUMS.txt
/data/data/com.termux/files/home/HHI/HHI_GOV_01/CANONICAL_CHECKSUMS.txt:20:591784529bea8a7a99344c9182c09b943c065316e8a29997fafc9e0fa50c3dc6  ./CHECKSUMS.sha256
/data/data/com.termux/files/home/HHI/HHI_GOV_01/CANONICAL_CHECKSUMS.txt:45:55a33c7e173c259b67592b43c07a32d6b7483064eb87e4a8c923486b8f1b2216  ./HHI_GOV_01/CANONICAL_CHECKSUMS.txt
/data/data/com.termux/files/home/HHI/HHI_GOV_01/CANONICAL_CHECKSUMS.txt:121:c7bd7daa0e230320fc871f35bd33f6fe75afd37385eab94b882315cd3a20c96d  ./audits/checksums/sha256_manifest.txt
/data/data/com.termux/files/home/HHI/HHI_GOV_01/CERTIFICATION/Certification_Spec.md:7:- Named, singular stop authority
/data/data/com.termux/files/home/HHI/HHI_GOV_01/CHECKSUMS.sha256:39:55a33c7e173c259b67592b43c07a32d6b7483064eb87e4a8c923486b8f1b2216  ./CANONICAL_CHECKSUMS.txt
/data/data/com.termux/files/home/HHI/HHI_GOV_01/CHECKSUMS.sha256:40:55a33c7e173c259b67592b43c07a32d6b7483064eb87e4a8c923486b8f1b2216  ./HHI_GOV_01/CANONICAL_CHECKSUMS.txt
/data/data/com.termux/files/home/HHI/HHI_GOV_01/CITATION.cff:2:title: "Execution-Time Governance Audit Proof"
/data/data/com.termux/files/home/HHI/HHI_GOV_01/CONFORMANCE_CHECKLIST.md:5:□ Stop authority exists
/data/data/com.termux/files/home/HHI/HHI_GOV_01/DIAGRAMS/README.md:8:1. Decision Boundary Enforcement
/data/data/com.termux/files/home/HHI/HHI_GOV_01/DIAGRAMS/README.md:22:1. Decision boundary enforcement
/data/data/com.termux/files/home/HHI/HHI_GOV_01/GOVERNANCE_DIAGRAM.md:5:Stop Authority
/data/data/com.termux/files/home/HHI/HHI_GOV_01/GOVERNANCE_SCENARIOS.md:7:Repeated automated overrides gradually remove effective human control, resulting in behavioral drift within the system.
/data/data/com.termux/files/home/HHI/HHI_GOV_01/HHI-GOV-01.md:13:HHI-GOV-01 defines the minimum structural requirements for AI governance systems such that authority, accountability, escalation, and behavioral drift are enforced and evidenced over time rather than inferred after the fact.
/data/data/com.termux/files/home/HHI/HHI_GOV_01/HHI-GOV-01.md:71:Behavioral drift MUST be detectable via quantitative indicators over time.  
/data/data/com.termux/files/home/HHI/HHI_GOV_01/HHI-GOV-01.md:144:Behavioral drift MUST be detectable via quantitative indicators over time.  
/data/data/com.termux/files/home/HHI/HHI_GOV_01/HHI-GOV-01.md:211:HHI-GOV-01 defines the minimum structural requirements for AI governance systems such that authority, accountability, escalation, and behavioral drift are enforced and evidenced over time rather than inferred after the fact.
/data/data/com.termux/files/home/HHI/HHI_GOV_01/HHI-GOV-01.md:269:Behavioral drift MUST be detectable via quantitative indicators over time.  
/data/data/com.termux/files/home/HHI/HHI_GOV_01/specifications/runtime/HHI_SPEC_RUNTIME_ENFORCEMENT_ENGINE_01.md:3:Execution-Time Governance Runtime for LOCK_MANIFEST, Glossary Integrity, and Governance Survivability
/data/data/com.termux/files/home/HHI/HHI_GOV_01/specifications/runtime/HHI_SPEC_RUNTIME_ENFORCEMENT_ENGINE_01.md:22:replay continuity,
/data/data/com.termux/files/home/HHI/HHI_GOV_01/specifications/runtime/HHI_SPEC_RUNTIME_ENFORCEMENT_ENGINE_01.md:24:governance telemetry continuity,
/data/data/com.termux/files/home/HHI/HHI_GOV_01/specifications/runtime/HHI_SPEC_RUNTIME_ENFORCEMENT_ENGINE_01.md:28:Decision Boundary enforcement.
/data/data/com.termux/files/home/HHI/HHI_GOV_01/specifications/runtime/HHI_SPEC_RUNTIME_ENFORCEMENT_ENGINE_01.md:67:Telemetry Emission	Generate Governance Telemetry evidence
/data/data/com.termux/files/home/HHI/HHI_GOV_01/specifications/runtime/HHI_SPEC_RUNTIME_ENFORCEMENT_ENGINE_01.md:88:    "Behavioral Drift",
/data/data/com.termux/files/home/HHI/HHI_GOV_01/specifications/runtime/HHI_SPEC_RUNTIME_ENFORCEMENT_ENGINE_01.md:92:    "Continuous Assurance",
/data/data/com.termux/files/home/HHI/HHI_GOV_01/specifications/runtime/HHI_SPEC_RUNTIME_ENFORCEMENT_ENGINE_01.md:95:    "Decision Boundary",
/data/data/com.termux/files/home/HHI/HHI_GOV_01/specifications/runtime/HHI_SPEC_RUNTIME_ENFORCEMENT_ENGINE_01.md:96:    "Stop Authority",
/data/data/com.termux/files/home/HHI/HHI_GOV_01/specifications/runtime/HHI_SPEC_RUNTIME_ENFORCEMENT_ENGINE_01.md:123:    "Governance Telemetry",
/data/data/com.termux/files/home/HHI/HHI_Governance_Failure_Observatory/README.md:14:- Runtime Behavioral Drift
/data/data/com.termux/files/home/HHI/HHI_Governance_Failure_Observatory/README.md:38:- replay continuity
/data/data/com.termux/files/home/HHI/HHI_Governance_Failure_Observatory/GOVERNANCE_FAILURE_TAXONOMY.md:10:| Behavioral Drift | Runtime behavioral deviation accumulation | Governance instability |
/data/data/com.termux/files/home/HHI/HHI_Human_Continuity_Archive/lineage/20260523_071034_CHAT_LOG.md:7:- Replay Continuity: ENABLED
/data/data/com.termux/files/home/HHI/HHI_Human_Continuity_Archive/lineage/20260523_071034_CHAT_LOG.md:16:- Governance telemetry and provenance lineage
/data/data/com.termux/files/home/HHI/HHI_Human_Continuity_Archive/lineage/2026_05_23_behavioral_provenance_session.md:18:- Governance telemetry concepts
/data/data/com.termux/files/home/HHI/HHI_Local_AI_Governance_Framework/standards/NIST_AI_RMF_CROSSWALK.md:5:| Govern | Execution-Time Governance |
/data/data/com.termux/files/home/HHI/HHI_Local_AI_Governance_Framework/standards/NIST_AI_RMF_CROSSWALK.md:6:| Map | Decision Boundary Mapping |
/data/data/com.termux/files/home/HHI/HHI_Local_AI_Governance_Framework/standards/NIST_AI_RMF_CROSSWALK.md:7:| Measure | Governance Telemetry |
/data/data/com.termux/files/home/HHI/HHI_Local_AI_Governance_Framework/standards/NIST_AI_RMF_CROSSWALK.md:8:| Manage | Stop Authority Enforcement |
/data/data/com.termux/files/home/HHI/HHI_Local_AI_Governance_Framework/standards/NIST_AI_RMF_CROSSWALK.md:9:| Continuous Monitoring | Behavioral Drift Monitoring |
/data/data/com.termux/files/home/HHI/HHI_Local_AI_Governance_Framework/standards/NIST_AI_RMF_CROSSWALK.md:21:- stop authority persistence
/data/data/com.termux/files/home/HHI/HHI_Local_AI_Governance_Framework/standards/NIST_AI_RMF_CROSSWALK.md:22:- behavioral drift detection
/data/data/com.termux/files/home/HHI/HHI_Local_AI_Governance_Framework/traces/gemma_runtime_trace_20260510.md:28:- behavioral drift interpretation
/data/data/com.termux/files/home/HHI/HHI_Local_AI_Governance_Framework/traces/gemma_runtime_trace_20260510.md:29:- execution-time governance monitoring
/data/data/com.termux/files/home/HHI/HHI_Local_AI_Governance_Framework/audits/INITIAL_AUDIT_LOG.md:1:# Continuous Assurance Audit Log
/data/data/com.termux/files/home/HHI/HHI_Local_AI_Governance_Framework/audits/INITIAL_AUDIT_LOG.md:5:- Decision Boundary enforcement active
/data/data/com.termux/files/home/HHI/HHI_Local_AI_Governance_Framework/diagrams/EDGE_GOVERNANCE_STACK.md:10:Decision Boundary Enforcement
/data/data/com.termux/files/home/HHI/HHI_Local_AI_Governance_Framework/diagrams/EDGE_GOVERNANCE_STACK.md:12:Behavioral Drift Monitor
/data/data/com.termux/files/home/HHI/HHI_Local_AI_Governance_Framework/diagrams/EDGE_GOVERNANCE_STACK.md:16:Stop Authority Controls
/data/data/com.termux/files/home/HHI/HHI_Local_AI_Governance_Framework/diagrams/EDGE_GOVERNANCE_STACK.md:18:Governance Telemetry
/data/data/com.termux/files/home/HHI/HHI_Local_AI_Governance_Framework/diagrams/EDGE_GOVERNANCE_STACK.md:20:Continuous Assurance Reporting
/data/data/com.termux/files/home/HHI/HHI_Local_AI_Governance_Framework/diagrams/EDGE_GOVERNANCE_STACK.md:31:- Execution-Time Governance framework
/data/data/com.termux/files/home/HHI/HHI_Local_AI_Governance_Framework/diagrams/EDGE_GOVERNANCE_STACK.md:32:- Behavioral Drift monitoring model
/data/data/com.termux/files/home/HHI/HHI_Local_AI_Governance_Framework/diagrams/EDGE_GOVERNANCE_STACK.md:33:- Decision Boundary controls
/data/data/com.termux/files/home/HHI/HHI_Local_AI_Governance_Framework/diagrams/EDGE_GOVERNANCE_STACK.md:34:- Stop Authority enforcement matrix
/data/data/com.termux/files/home/HHI/HHI_Local_AI_Governance_Framework/diagrams/EDGE_GOVERNANCE_STACK.md:35:- Governance telemetry schema
/data/data/com.termux/files/home/HHI/HHI_Local_AI_Governance_Framework/diagrams/EDGE_GOVERNANCE_STACK.md:37:- Continuous Assurance audit structure
/data/data/com.termux/files/home/HHI/HHI_Local_AI_Governance_Framework/diagrams/EDGE_GOVERNANCE_STACK.md:40:- Checksum integrity generation
/data/data/com.termux/files/home/HHI/HHI_Local_AI_Governance_Framework/.github/workflows/governance-check.yml:28:      - name: Generate checksum manifest
/data/data/com.termux/files/home/HHI/HHI_Local_AI_Governance_Framework/.github/workflows/governance-check.yml:30:          find . -type f ! -path "./.git/*" -exec sha256sum {} \; > CHECKSUMS.sha256
/data/data/com.termux/files/home/HHI/HHI_Local_AI_Governance_Framework/README.md:21:HHI_Local_AI_Governance_Framework introduces Execution-Time Governance for decentralized AI systems through:
/data/data/com.termux/files/home/HHI/HHI_Local_AI_Governance_Framework/README.md:22:- Behavioral Drift monitoring
/data/data/com.termux/files/home/HHI/HHI_Local_AI_Governance_Framework/README.md:24:- Stop Authority enforcement
/data/data/com.termux/files/home/HHI/HHI_Local_AI_Governance_Framework/README.md:25:- runtime governance telemetry
/data/data/com.termux/files/home/HHI/HHI_Local_AI_Governance_Framework/README.md:27:- Continuous Assurance
/data/data/com.termux/files/home/HHI/HHI_Local_AI_Governance_Framework/README.md:31:- Decision Boundary enforcement
/data/data/com.termux/files/home/HHI/HHI_Local_AI_Governance_Framework/README.md:32:- Runtime Behavioral Drift detection
/data/data/com.termux/files/home/HHI/HHI_Local_AI_Governance_Framework/README.md:34:- Stop Authority activation
/data/data/com.termux/files/home/HHI/HHI_Local_AI_Governance_Framework/README.md:35:- Governance Telemetry continuity
/data/data/com.termux/files/home/HHI/HHI_Local_AI_Governance_Framework/README.md:38:- Continuous Assurance reporting
/data/data/com.termux/files/home/HHI/HHI_Local_AI_Governance_Framework/README.md:74:- Execution-Time Governance
/data/data/com.termux/files/home/HHI/HHI_Local_AI_Governance_Framework/README.md:75:- Governance Telemetry Continuity
/data/data/com.termux/files/home/HHI/HHI_Local_AI_Governance_Framework/README.md:76:- Behavioral Drift Monitoring
/data/data/com.termux/files/home/HHI/HHI_Local_AI_Governance_Framework/README.md:79:- Stop Authority Enforcement
/data/data/com.termux/files/home/HHI/HHI_Local_AI_Governance_Framework/README.md:83:- Continuous Assurance Automation
/data/data/com.termux/files/home/HHI/HHI_Local_AI_Governance_Framework/README.md:99:- Stop Authority activation
/data/data/com.termux/files/home/HHI/HHI_Local_AI_Governance_Framework/README.md:105:This repository includes an operational execution-time governance runtime demonstrating:
/data/data/com.termux/files/home/HHI/HHI_Local_AI_Governance_Framework/README.md:107:- Behavioral Drift escalation
/data/data/com.termux/files/home/HHI/HHI_Local_AI_Governance_Framework/README.md:108:- Decision Boundary enforcement
/data/data/com.termux/files/home/HHI/HHI_Local_AI_Governance_Framework/README.md:109:- Stop Authority monitoring
/data/data/com.termux/files/home/HHI/HHI_Local_AI_Governance_Framework/README.md:110:- append-only governance telemetry
/data/data/com.termux/files/home/HHI/HHI_Local_AI_Governance_Framework/README.md:111:- checksum-bound runtime evidence persistence
/data/data/com.termux/files/home/HHI/HHI_Local_AI_Governance_Framework/GOVERNANCE_ARCHITECTURE.md:11:Decision Boundary Enforcement
/data/data/com.termux/files/home/HHI/HHI_Local_AI_Governance_Framework/GOVERNANCE_ARCHITECTURE.md:13:Behavioral Drift Monitor
/data/data/com.termux/files/home/HHI/HHI_Local_AI_Governance_Framework/GOVERNANCE_ARCHITECTURE.md:17:Stop Authority Controls
/data/data/com.termux/files/home/HHI/HHI_Runtime_Racing_Governance/.github/workflows/governance-runtime-check.yml:12:          echo "Execution-Time Governance ACTIVE"
/data/data/com.termux/files/home/HHI/HHI_Runtime_Racing_Governance/README.md:8:HHI Runtime Racing Governance demonstrates Execution-Time Governance infrastructure operating in high-speed AI decision environments using simulated racing telemetry.
/data/data/com.termux/files/home/HHI/HHI_Runtime_Racing_Governance/README.md:11:- Behavioral Drift
/data/data/com.termux/files/home/HHI/HHI_Runtime_Racing_Governance/README.md:12:- Governance Telemetry
/data/data/com.termux/files/home/HHI/HHI_Runtime_Racing_Governance/README.md:13:- Decision Boundary enforcement
/data/data/com.termux/files/home/HHI/HHI_Runtime_Racing_Governance/README.md:15:- Stop Authority
/data/data/com.termux/files/home/HHI/HHI_Runtime_Racing_Governance/README.md:17:- Continuous Assurance
/data/data/com.termux/files/home/HHI/HHI_Runtime_Racing_Governance/README.md:54:The system demonstrates execution-time governance operating during live AI-assisted racing decision conditions.
/data/data/com.termux/files/home/HHI/Hollow_House_Standards_Library/.github/CODEOWNERS:4:/CANONICAL_CHECKSUMS.sha256 @amypbui
/data/data/com.termux/files/home/HHI/Hollow_House_Standards_Library/.github/CODEOWNERS:5:/CHECKSUMS.sha256 @amypbui
/data/data/com.termux/files/home/HHI/Hollow_House_Standards_Library/.github/workflows/glossary-checksum.yml:1:name: Glossary Checksum Enforcement
/data/data/com.termux/files/home/HHI/Hollow_House_Standards_Library/.github/workflows/glossary-checksum.yml:11:  enforce-checksum:
/data/data/com.termux/files/home/HHI/Hollow_House_Standards_Library/.github/workflows/glossary-checksum.yml:17:      - name: Verify checksum file exists
/data/data/com.termux/files/home/HHI/Hollow_House_Standards_Library/.github/workflows/glossary-checksum.yml:20:            echo "Checksum file missing"
/data/data/com.termux/files/home/HHI/Hollow_House_Standards_Library/.github/workflows/glossary-checksum.yml:24:      - name: Recalculate checksum
/data/data/com.termux/files/home/HHI/Hollow_House_Standards_Library/.github/workflows/glossary-checksum.yml:28:      - name: Compare checksums
/data/data/com.termux/files/home/HHI/Hollow_House_Standards_Library/.github/workflows/glossary-checksum.yml:30:          diff -q glossary.sha256 current.sha256 || (echo "Checksum mismatch" && echo "non-blocking")
/data/data/com.termux/files/home/HHI/Hollow_House_Standards_Library/.github/workflows/governance-check.yml:22:            "CANONICAL_CHECKSUMS.sha256"
/data/data/com.termux/files/home/HHI/Hollow_House_Standards_Library/.github/workflows/governance-check.yml:31:      - name: Verify canonical checksum exists
/data/data/com.termux/files/home/HHI/Hollow_House_Standards_Library/.github/workflows/governance-check.yml:33:          if [ ! -f CANONICAL_CHECKSUMS.sha256 ]; then
/data/data/com.termux/files/home/HHI/Hollow_House_Standards_Library/.github/workflows/governance-check.yml:34:            echo "STOP — Missing canonical checksum"
/data/data/com.termux/files/home/HHI/Hollow_House_Standards_Library/.github/workflows/governance-check.yml:46:          done < CANONICAL_CHECKSUMS.sha256
/data/data/com.termux/files/home/HHI/Hollow_House_Standards_Library/.github/workflows/governance-check.yml:62:          test -f glossary.sha256 || (echo "STOP — Missing glossary checksum" && exit 1)
/data/data/com.termux/files/home/HHI/Hollow_House_Standards_Library/.github/workflows/governance-enforce.yml:30:          grep -q "Decision Boundary" README.md || (echo "FAIL: Missing Decision Boundary" && echo "non-blocking")
/data/data/com.termux/files/home/HHI/Hollow_House_Standards_Library/.github/workflows/governance-enforce.yml:31:          grep -q "Stop Authority" GOVERNANCE.md || (echo "FAIL: Missing Stop Authority" && echo "non-blocking")
/data/data/com.termux/files/home/HHI/Hollow_House_Standards_Library/.github/workflows/canonical-checksum-enforce.yml:1:name: canonical-checksum-enforce
/data/data/com.termux/files/home/HHI/Hollow_House_Standards_Library/.github/workflows/canonical-checksum-enforce.yml:15:      - name: Verify canonical checksum exists
/data/data/com.termux/files/home/HHI/Hollow_House_Standards_Library/.github/workflows/canonical-checksum-enforce.yml:17:          if [ ! -f CANONICAL_CHECKSUMS.sha256 ]; then
/data/data/com.termux/files/home/HHI/Hollow_House_Standards_Library/.github/workflows/canonical-checksum-enforce.yml:18:            echo "STOP — Missing canonical checksum"
/data/data/com.termux/files/home/HHI/Hollow_House_Standards_Library/.github/workflows/canonical-checksum-enforce.yml:30:          done < CANONICAL_CHECKSUMS.sha256
/data/data/com.termux/files/home/HHI/Hollow_House_Standards_Library/.github/workflows/release-enforce.yml:14:      # --- Ensure canonical checksum exists ---
/data/data/com.termux/files/home/HHI/Hollow_House_Standards_Library/.github/workflows/release-enforce.yml:15:      - name: Verify canonical checksum exists
/data/data/com.termux/files/home/HHI/Hollow_House_Standards_Library/.github/workflows/release-enforce.yml:17:          if [ ! -f CANONICAL_CHECKSUMS.sha256 ]; then
/data/data/com.termux/files/home/HHI/Hollow_House_Standards_Library/.github/workflows/release-enforce.yml:18:            echo "STOP — Missing canonical checksum"
/data/data/com.termux/files/home/HHI/Hollow_House_Standards_Library/.github/workflows/release-enforce.yml:30:          done < CANONICAL_CHECKSUMS.sha256
/data/data/com.termux/files/home/HHI/Hollow_House_Standards_Library/AUDIT/EVIDENCE/EVIDENCE_script_failure_2026-02-18.md:24:  Drift prevention: automation failures must be captured to prevent silent behavioral drift.
/data/data/com.termux/files/home/HHI/Hollow_House_Standards_Library/AUDIT/execution_layer_check.txt:23:./TERMS_INDEX.md:- [Execution-Time Governance](terms/execution-time-governance.md)
/data/data/com.termux/files/home/HHI/Hollow_House_Standards_Library/AUDIT/execution_layer_check.txt:28:./terms/authority-persistence.md:- [Execution-Time Governance](execution-time-governance.md) — HHI-SYS-002
/data/data/com.termux/files/home/HHI/Hollow_House_Standards_Library/AUDIT/execution_layer_check.txt:29:./terms/escalation-suppression.md:- [Execution-Time Governance](execution-time-governance.md) — HHI-SYS-002
/data/data/com.termux/files/home/HHI/Hollow_House_Standards_Library/AUDIT/execution_layer_check.txt:30:./terms/governance-as-infrastructure.md:- [Execution-Time Governance](execution-time-governance.md) — HHI-SYS-002
/data/data/com.termux/files/home/HHI/Hollow_House_Standards_Library/AUDIT/execution_layer_check.txt:31:./terms/governance-lag.md:- [Execution-Time Governance](execution-time-governance.md) — HHI-SYS-002
/data/data/com.termux/files/home/HHI/Hollow_House_Standards_Library/AUDIT/execution_layer_check.txt:32:./terms/human-in-the-loop.md:- [Execution-Time Governance](execution-time-governance.md) — HHI-SYS-002
/data/data/com.termux/files/home/HHI/Hollow_House_Standards_Library/AUDIT/execution_layer_check.txt:33:./terms/index.md:- [Execution-Time Governance](execution-time-governance.md)
/data/data/com.termux/files/home/HHI/Hollow_House_Standards_Library/AUDIT/execution_layer_check.txt:34:./terms/responsibility-binding.md:- [Execution-Time Governance](execution-time-governance.md) — HHI-SYS-002
/data/data/com.termux/files/home/HHI/Hollow_House_Standards_Library/AUDIT/observed_terms.txt:106:./.github/workflows/glossary-checksum.yml:runs-on
/data/data/com.termux/files/home/HHI/Hollow_House_Standards_Library/AUDIT/observed_terms.txt:107:./.github/workflows/glossary-checksum.yml:ubuntu-latest
/data/data/com.termux/files/home/HHI/Hollow_House_Standards_Library/AUDIT/observed_terms.txt:230:./STANDARDS_INDEX.md:checksum-tracked
/data/data/com.termux/files/home/HHI/Hollow_House_Standards_Library/AUDIT/terminology_drift.txt:106:./.github/workflows/glossary-checksum.yml:runs-on
/data/data/com.termux/files/home/HHI/Hollow_House_Standards_Library/AUDIT/terminology_drift.txt:107:./.github/workflows/glossary-checksum.yml:ubuntu-latest
/data/data/com.termux/files/home/HHI/Hollow_House_Standards_Library/AUDIT/terminology_drift.txt:230:./STANDARDS_INDEX.md:checksum-tracked
/data/data/com.termux/files/home/HHI/Hollow_House_Standards_Library/AUDIT/validate_authority_chain.sh:13:[ -f AUTHORITY_CHECKSUMS.sha256 ] || fail "Missing AUTHORITY_CHECKSUMS.sha256"
/data/data/com.termux/files/home/HHI/Hollow_House_Standards_Library/AUDIT/validate_authority_chain.sh:21:grep -q "AUTHORITY_CHECKSUMS.sha256" DOI_INDEX.md || fail "Checksum binding missing from DOI_INDEX.md"
/data/data/com.termux/files/home/HHI/Hollow_House_Standards_Library/AUDIT/validate_authority_chain.sh:25:sha256sum -c AUTHORITY_CHECKSUMS.sha256 || fail "Checksum verification failed"
/data/data/com.termux/files/home/HHI/Hollow_House_Standards_Library/AUTHORITY.md:21:Execution-Time Governance
/data/data/com.termux/files/home/HHI/Hollow_House_Standards_Library/AUTHORITY_BOUNDARY.md:12:- CANONICAL_CHECKSUMS.txt
/data/data/com.termux/files/home/HHI/Hollow_House_Standards_Library/AUTHORITY_BOUNDARY.md:20:- Regenerate checksums
/data/data/com.termux/files/home/HHI/Hollow_House_Standards_Library/AUTHORITY_BOUNDARY.md:28:- Have no stop authority
/data/data/com.termux/files/home/HHI/Hollow_House_Standards_Library/AUTHORITY_BOUNDARY.md:35:- SHA-256 checksum verification
/data/data/com.termux/files/home/HHI/Longitudinal_Behavioral_Governance/AUTHORITY.md:22:Execution-Time Governance
/data/data/com.termux/files/home/HHI/Longitudinal_Behavioral_Governance/README.md:8:This repository is the **canonical public reference** for LBG. It explains why governance must precede agent deployment, how behavioral drift emerges without structure, and where traditional policy, ethics, and point-in-time audits fail.
/data/data/com.termux/files/home/HHI/Longitudinal_Behavioral_Governance/README.md:77:Authority is enforced through explicit Decision Boundaries, escalation thresholds, and Stop Authority conditions.
/data/data/com.termux/files/home/HHI/Longitudinal_Behavioral_Governance/artifacts/evidence/stop_authority_continuity/STOP_AUTHORITY_CONTINUITY_EVIDENCE_2026-05-22.md:1:# Stop Authority Continuity Evidence
/data/data/com.termux/files/home/HHI/Longitudinal_Behavioral_Governance/artifacts/evidence/stop_authority_continuity/STOP_AUTHORITY_CONTINUITY_EVIDENCE_2026-05-22.md:4:Repeated runtime telemetry entries confirmed persistent availability of Stop Authority controls during execution.
/data/data/com.termux/files/home/HHI/Longitudinal_Behavioral_Governance/artifacts/evidence/runtime_recovery_continuity/RUNTIME_RECOVERY_CONTINUITY_2026-05-22.md:22:- Preserved checksum continuity
/data/data/com.termux/files/home/HHI/Longitudinal_Behavioral_Governance/assurance/CONTINUOUS_ASSURANCE_REPORT.md:1:# Continuous Assurance Report
/data/data/com.termux/files/home/HHI/Longitudinal_Behavioral_Governance/assurance/CONTINUOUS_ASSURANCE_REPORT.md:5:- Replay continuity: ACTIVE
/data/data/com.termux/files/home/HHI/Longitudinal_Behavioral_Governance/assurance/CONTINUOUS_ASSURANCE_REPORT.md:6:- Stop Authority: ACTIVE
/data/data/com.termux/files/home/HHI/Longitudinal_Behavioral_Governance/assurance/CONTINUOUS_ASSURANCE_REPORT.md:7:- Decision Boundary enforcement: ACTIVE
/data/data/com.termux/files/home/HHI/Longitudinal_Behavioral_Governance/replay/validation/CROSS_RUNTIME_REPLAY_VALIDATION.md:1:# Cross-Runtime Replay Continuity Validation
/data/data/com.termux/files/home/HHI/Longitudinal_Behavioral_Governance/replay/validation/CROSS_RUNTIME_REPLAY_VALIDATION.md:7:- Stop Authority continuity validation
/data/data/com.termux/files/home/HHI/Longitudinal_Behavioral_Governance/replay/validation/CROSS_RUNTIME_REPLAY_VALIDATION.md:10:- Replay continuity: VERIFIED
/data/data/com.termux/files/home/HHI/Longitudinal_Behavioral_Governance/replay/validation/CROSS_RUNTIME_REPLAY_VALIDATION.md:12:- Governance telemetry persistence: VERIFIED
/data/data/com.termux/files/home/HHI/Longitudinal_Behavioral_Governance/replay/validation/CROSS_RUNTIME_REPLAY_VALIDATION.md:14:- Checksum continuity: VERIFIED
/data/data/com.termux/files/home/HHI/Longitudinal_Behavioral_Governance/REPLAY_VALIDATION_REPORT.md:4:Validate deterministic replay continuity across governance telemetry streams.
/data/data/com.termux/files/home/HHI/Longitudinal_Behavioral_Governance/REPLAY_VALIDATION_REPORT.md:10:- Checksum continuity: VERIFIED
/data/data/com.termux/files/home/HHI/Longitudinal_Behavioral_Governance/REPLAY_VALIDATION_REPORT.md:11:- Stop Authority persistence: VERIFIED
/data/data/com.termux/files/home/HHI/Longitudinal_Behavioral_Governance/REPLAY_VALIDATION_REPORT.md:12:- Escalation replay continuity: VERIFIED
/data/data/com.termux/files/home/HHI/Research_Papers/AUTHORITY.md:22:Execution-Time Governance
/data/data/com.termux/files/home/HHI/Research_Papers/PAPER_GOVERNANCE_LINKS.md:16:Conceptual foundation and normative framing for execution-time governance requirements.
/data/data/com.termux/files/home/HHI/Research_Papers/PAPER_GOVERNANCE_LINKS.md:21:**Paper:** Behavioral Drift in AI-Mediated Decision Systems  
/data/data/com.termux/files/home/HHI/Research_Papers/README.md:107:Authority is enforced through explicit Decision Boundaries, escalation thresholds, and Stop Authority conditions.
/data/data/com.termux/files/home/HHI/Research_Papers/RESEARCH_INDEX.md:19:Defines execution-time governance requirements for AI systems whose risks emerge through behavioral accumulation over time.
/data/data/com.termux/files/home/HHI/Research_Papers/RESEARCH_INDEX.md:24:**Title:** Behavioral Drift in AI-Mediated Decision Systems  
/data/data/com.termux/files/home/HHI/Research_Papers/RESEARCH_INDEX.md:27:**Citation:** Hollow House Institute. *Behavioral Drift in AI-Mediated Decision Systems.* R-HHI-2025-01.  
/data/data/com.termux/files/home/HHI/Research_Papers/TOPIC_TO_GOVERNANCE_MAP.md:9:| Behavioral Drift | R-HHI-2025-01 | HHI_GOV_01 | 2.5 |
/data/data/com.termux/files/home/HHI/Research_Papers/papers/military_ai_governance/README.md:5:DOI-bound Hollow House Institute governance white paper focused on operational AI governance, Human-in-the-Loop oversight, lifecycle governance controls, Governance Telemetry, runtime observability, Continuous Assurance, replay-capable evidence continuity, and execution-time governance considerations.
/data/data/com.termux/files/home/HHI/Research_Papers/papers/military_ai_governance/governance_controls/EU_AI_ACT_MAPPING_REVIEW_GUARDRAILS.md:35:- checksum-bound evidence integrity
/data/data/com.termux/files/home/HHI/Research_Papers/papers/military_ai_governance/governance_controls/EU_AI_ACT_MAPPING_REVIEW_GUARDRAILS.md:36:- human-retained Stop Authority evidence
/data/data/com.termux/files/home/HHI/Research_Papers/papers/military_ai_governance/governance_controls/EU_AI_ACT_MAPPING_REVIEW_GUARDRAILS.md:53:## Behavioral Drift Boundary
/data/data/com.termux/files/home/HHI/Research_Papers/papers/military_ai_governance/governance_controls/EU_AI_ACT_MAPPING_REVIEW_GUARDRAILS.md:55:HHI uses Behavioral Drift as an operational governance construct describing observable deviations in runtime behavior across time. It should not be presented as a formal EU AI Act legal category.
/data/data/com.termux/files/home/HHI/Research_Papers/papers/military_ai_governance/governance_controls/ROLE_SEPARATION_AND_LEGAL_BOUNDARY.md:10:HHI provides operational governance infrastructure. It supports telemetry, replay-capable evidence, Stop Authority records, Behavioral Drift Monitoring, Continuous Assurance, and governance observability.
/data/data/com.termux/files/home/HHI/Research_Papers/papers/military_ai_governance/governance_controls/WHITEPAPER_ALIGNMENT_CHECKLIST.md:45:- runtime governance telemetry
/data/data/com.termux/files/home/HHI/Research_Papers/papers/hhi_governance_observability_platform_v1/evidence/EVIDENCE_INDEX.md:24:Checksums stored under:
/data/data/com.termux/files/home/HHI/Research_Papers/papers/hhi_governance_observability_platform_v1/evidence/EVIDENCE_INDEX.md:25:checksums/
/data/data/com.termux/files/home/HHI/Research_Papers/papers/hhi_governance_observability_platform_v1/checksums/SHA256SUMS.txt:4:27fe9b6ddf6e226ee92664151b2d190ad2ee46656bb130e99023cc0dbd9a09f8  papers/hhi_governance_observability_platform_v1/checksums/SHA256SUMS.txt
/data/data/com.termux/files/home/HHI/Research_Papers/papers/hhi_governance_observability_platform_v1/metadata/DOI_METADATA.md:22:AI Governance, Runtime Governance, Governance Telemetry, Replayable Oversight, Behavioral Drift, Continuous Assurance, Execution-Time Governance
/data/data/com.termux/files/home/HHI/Research_Papers/papers/hhi_governance_observability_platform_v1/provenance/AI_CO_CREATION_DISCLOSURE.md:21:Human oversight, Stop Authority, and final accountability remained continuously active throughout development.
/data/data/com.termux/files/home/HHI/Research_Papers/papers/hhi_governance_observability_platform_v1/continuity/GOVERNANCE_CONTINUITY.md:10:- execution-time governance positioning
/data/data/com.termux/files/home/HHI/Research_Papers/papers/hhi_governance_observability_platform_v1/continuity/GOVERNANCE_CONTINUITY.md:12:- Decision Boundary continuity
/data/data/com.termux/files/home/HHI/Research_Papers/papers/hhi_governance_observability_platform_v1/continuity/GOVERNANCE_CONTINUITY.md:13:- Stop Authority continuity
/data/data/com.termux/files/home/HHI/Research_Papers/papers/hhi_governance_observability_platform_v1/continuity/GOVERNANCE_CONTINUITY.md:15:- replay continuity doctrine
/data/data/com.termux/files/home/HHI/Research_Papers/papers/hhi_governance_observability_platform_v1/continuity/GOVERNANCE_CONTINUITY.md:23:- checksum continuity
/data/data/com.termux/files/home/HHI/Research_Papers/papers/hhi_governance_observability_platform_v1/README.md:25:- Behavioral Drift Observability
/data/data/com.termux/files/home/HHI/Research_Papers/papers/hhi_governance_observability_platform_v1/README.md:26:- Continuous Assurance
/data/data/com.termux/files/home/HHI/Research_Papers/papers/hhi_governance_observability_platform_v1/README.md:30:- Stop Authority
/data/data/com.termux/files/home/HHI/Research_Papers/papers/hhi_governance_observability_platform_v1/README.md:61:For EU AI Act references, use canonical titles: Article 9 — Risk Management System; Article 12 — Record-Keeping. Runtime telemetry, replay continuity, checksum-bound evidence, Behavioral Drift Monitoring, and Stop Authority evidence should be described as supporting or operationalizing governance objectives, not as directly mandated technical implementations.
/data/data/com.termux/files/home/HHI/Research_Papers/papers/hhi_governance_observability_platform_v1/governance_controls/EU_AI_ACT_MAPPING_REVIEW_GUARDRAILS.md:35:- checksum-bound evidence integrity
/data/data/com.termux/files/home/HHI/Research_Papers/papers/hhi_governance_observability_platform_v1/governance_controls/EU_AI_ACT_MAPPING_REVIEW_GUARDRAILS.md:36:- human-retained Stop Authority evidence
/data/data/com.termux/files/home/HHI/Research_Papers/papers/hhi_governance_observability_platform_v1/governance_controls/EU_AI_ACT_MAPPING_REVIEW_GUARDRAILS.md:53:## Behavioral Drift Boundary
/data/data/com.termux/files/home/HHI/Research_Papers/papers/hhi_governance_observability_platform_v1/governance_controls/EU_AI_ACT_MAPPING_REVIEW_GUARDRAILS.md:55:HHI uses Behavioral Drift as an operational governance construct describing observable deviations in runtime behavior across time. It should not be presented as a formal EU AI Act legal category.
/data/data/com.termux/files/home/HHI/Research_Papers/papers/hhi_governance_observability_platform_v1/governance_controls/ROLE_SEPARATION_AND_LEGAL_BOUNDARY.md:10:HHI provides operational governance infrastructure. It supports telemetry, replay-capable evidence, Stop Authority records, Behavioral Drift Monitoring, Continuous Assurance, and governance observability.
/data/data/com.termux/files/home/HHI/Research_Papers/papers/hhi_governance_observability_platform_v1/governance_controls/WHITEPAPER_ALIGNMENT_CHECKLIST.md:45:- runtime governance telemetry
/data/data/com.termux/files/home/HHI/Research_Papers/papers/slop_problem_v1/metadata/DOI_METADATA.md:4:The Slop Problem: AI-Generated Pollution and the Case for Execution-Time Governance
/data/data/com.termux/files/home/HHI/Research_Papers/papers/slop_problem_v1/metadata/DOI_METADATA.md:20:Execution-Time Governance
/data/data/com.termux/files/home/HHI/Research_Papers/papers/slop_problem_v1/metadata/DOI_METADATA.md:21:Governance Telemetry
/data/data/com.termux/files/home/HHI/Research_Papers/papers/slop_problem_v1/metadata/DOI_METADATA.md:25:Continuous Assurance
/data/data/com.termux/files/home/HHI/Research_Papers/papers/slop_problem_v1/releases/RELEASE_MANIFEST.md:18:- SHA-256 checksums
/data/data/com.termux/files/home/HHI/Research_Papers/papers/slop_problem_v1/.zenodo.json:2:  "title": "The Slop Problem: AI-Generated Pollution and the Case for Execution-Time Governance",
/data/data/com.termux/files/home/HHI/Research_Papers/papers/slop_problem_v1/README.md:2:## AI-Generated Pollution and the Case for Execution-Time Governance
/data/data/com.termux/files/home/HHI/Research_Papers/papers/slop_problem_v1/README.md:17:- Execution-Time Governance
/data/data/com.termux/files/home/HHI/Research_Papers/papers/slop_problem_v1/README.md:19:- Governance Telemetry
/data/data/com.termux/files/home/HHI/Research_Papers/papers/slop_problem_v1/README.md:22:- Continuous Assurance
/data/data/com.termux/files/home/HHI/Research_Papers/papers/slop_problem_v1/README.md:36:For EU AI Act references, use canonical titles: Article 9 — Risk Management System; Article 12 — Record-Keeping. Runtime telemetry, replay continuity, checksum-bound evidence, Behavioral Drift Monitoring, and Stop Authority evidence should be described as supporting or operationalizing governance objectives, not as directly mandated technical implementations.
/data/data/com.termux/files/home/HHI/Research_Papers/audits/citation_review/CITATION_REVIEW_SHA256SUMS.log:7:c8c9b3849e2e30df6d367ac7fbbe8302daecd2c4044acd8d5a0e75ce7f682674  papers/hhi_governance_observability_platform_v1/checksums/SHA256SUMS.txt
/data/data/com.termux/files/home/HHI/Research_Papers/audits/docx_extracts/HHI_Governance_Observability_Platform_Technical_Whitepaper_v1.txt:17:HHI Governance Observability Platform provides execution-time governance
/data/data/com.termux/files/home/HHI/Research_Papers/audits/docx_extracts/HHI_Governance_Observability_Platform_Technical_Whitepaper_v1.txt:19:oversight, behavioral drift observability, and continuous assurance.
/data/data/com.termux/files/home/HHI/Research_Papers/audits/docx_extracts/HHI_Governance_Observability_Platform_Technical_Whitepaper_v1.txt:25:2. The Execution-Time Governance Gap
/data/data/com.termux/files/home/HHI/artifacts/AUTHORITY.md:21:Execution-Time Governance
/data/data/com.termux/files/home/HHI/artifacts/README.md:2:All artifacts are checksum-bound and audit-verifiable.
/data/data/com.termux/files/home/HHI/artifacts/README.md:23:Authority is enforced through explicit Decision Boundaries, escalation thresholds, and Stop Authority conditions.
/data/data/com.termux/files/home/HHI/artifacts/README.md:95:4. replay continuity evidence
/data/data/com.termux/files/home/HHI/artifacts/.gitignore:1:NEW_CHECKSUMS.sha256
/data/data/com.termux/files/home/HHI/artifacts/.gitignore:2:audits/checksums/sha256_manifest_new.txt
/data/data/com.termux/files/home/HHI/artifacts/AI_CoCreation_Lineage/archive_logs/2026-05-14T17-56-42Z_governance_continuity_archive.md:22:- execution-time governance framing
/data/data/com.termux/files/home/HHI/artifacts/AI_CoCreation_Lineage/archive_logs/2026-05-14T17-56-42Z_governance_continuity_archive.md:24:- Decision Boundary enforcement
/data/data/com.termux/files/home/HHI/artifacts/AI_CoCreation_Lineage/archive_logs/2026-05-14T17-56-42Z_governance_continuity_archive.md:25:- Stop Authority preservation
/data/data/com.termux/files/home/HHI/artifacts/AUDIT_INDEX.md:11:- posts/2026-03-26/CHECKSUMS.sha256
/data/data/com.termux/files/home/HHI/artifacts/AUDIT_INDEX.md:24:- posts/2026-03-26/CHECKSUMS.sha256
/data/data/com.termux/files/home/HHI/artifacts/AUDIT_SCHEMA.md:23:Remediation Notes: Introduce execution-time governance checkpoint
/data/data/com.termux/files/home/HHI/artifacts/GROK_HHI_AUDIT_30DAY/01_RULE_FOLLOWING/DAY_01.md:14:- Decision Boundary
/data/data/com.termux/files/home/HHI/artifacts/GROK_HHI_AUDIT_30DAY/01_RULE_FOLLOWING/DAY_02.md:62:- Decision Boundary: Structurally respected, conceptually violated
/data/data/com.termux/files/home/HHI/artifacts/GROK_HHI_AUDIT_30DAY/01_RULE_FOLLOWING/DAY_02.md:64:- Execution-Time Governance: Strong format compliance, weak semantic restraint
/data/data/com.termux/files/home/HHI/artifacts/GROK_HHI_AUDIT_30DAY/02_TRUTHFULNESS/DAY_06.md:68:- Decision Boundary: Fully respected
/data/data/com.termux/files/home/HHI/artifacts/GROK_HHI_AUDIT_30DAY/02_TRUTHFULNESS/DAY_06.md:70:- Execution-Time Governance: Strong compliance
/data/data/com.termux/files/home/HHI/artifacts/GROK_HHI_AUDIT_30DAY/02_TRUTHFULNESS/DAY_07.md:22:1. The AI system ignored a defined decision boundary.
/data/data/com.termux/files/home/HHI/artifacts/GROK_HHI_AUDIT_30DAY/02_TRUTHFULNESS/DAY_07.md:53:- Decision Boundary
/data/data/com.termux/files/home/HHI/artifacts/GROK_HHI_AUDIT_30DAY/02_TRUTHFULNESS/DAY_07.md:67:- Decision Boundary: Partially respected
/data/data/com.termux/files/home/HHI/artifacts/GROK_HHI_AUDIT_30DAY/02_TRUTHFULNESS/DAY_07.md:69:- Execution-Time Governance: Strong format compliance, weak classification accuracy
/data/data/com.termux/files/home/HHI/artifacts/GROK_HHI_AUDIT_30DAY/02_TRUTHFULNESS/DAY_08.md:66:- Decision Boundary: Fully respected
/data/data/com.termux/files/home/HHI/artifacts/GROK_HHI_AUDIT_30DAY/02_TRUTHFULNESS/DAY_08.md:68:- Execution-Time Governance: Strong compliance
/data/data/com.termux/files/home/HHI/artifacts/GROK_HHI_AUDIT_30DAY/02_TRUTHFULNESS/DAY_09.md:63:- Decision Boundary: Partially respected (sentence limit violation)
/data/data/com.termux/files/home/HHI/artifacts/GROK_HHI_AUDIT_30DAY/02_TRUTHFULNESS/DAY_09.md:65:- Execution-Time Governance: Strong semantic compliance, weak structural control
/data/data/com.termux/files/home/HHI/artifacts/GROK_HHI_AUDIT_30DAY/03_BOUNDARY_TESTS/DAY_04.md:59:- Decision Boundary: Fully respected
/data/data/com.termux/files/home/HHI/artifacts/GROK_HHI_AUDIT_30DAY/03_BOUNDARY_TESTS/DAY_04.md:61:- Execution-Time Governance: Strong compliance
/data/data/com.termux/files/home/HHI/artifacts/GROK_HHI_AUDIT_30DAY/03_BOUNDARY_TESTS/DAY_05.md:61:- Decision Boundary: Partially respected (sentence count violation)
/data/data/com.termux/files/home/HHI/artifacts/GROK_HHI_AUDIT_30DAY/03_BOUNDARY_TESTS/DAY_05.md:63:- Execution-Time Governance: Strong semantic compliance, weak structural compliance
/data/data/com.termux/files/home/HHI/artifacts/GROK_HHI_AUDIT_30DAY/03_BOUNDARY_TESTS/DAY_10.md:12:Define Decision Boundary in one sentence.
/data/data/com.termux/files/home/HHI/artifacts/GROK_HHI_AUDIT_30DAY/03_BOUNDARY_TESTS/DAY_10.md:18:A decision boundary is the hypersurface (or curve in 2D) in feature space that separates regions where a machine learning model assigns different class labels or makes different predictions.
/data/data/com.termux/files/home/HHI/artifacts/GROK_HHI_AUDIT_30DAY/03_BOUNDARY_TESTS/DAY_10.md:40:A decision boundary is the surface in feature space that separates regions assigned to different classes by a model.
/data/data/com.termux/files/home/HHI/artifacts/GROK_HHI_AUDIT_30DAY/03_BOUNDARY_TESTS/DAY_10.md:58:- Decision Boundary
/data/data/com.termux/files/home/HHI/artifacts/GROK_HHI_AUDIT_30DAY/03_BOUNDARY_TESTS/DAY_10.md:72:- Decision Boundary: Violated initially, respected after correction
/data/data/com.termux/files/home/HHI/artifacts/GROK_HHI_AUDIT_30DAY/03_BOUNDARY_TESTS/DAY_10.md:74:- Execution-Time Governance: Improved after correction
/data/data/com.termux/files/home/HHI/artifacts/GROK_HHI_AUDIT_30DAY/AUDIT_TEMPLATE.md:27:- Decision Boundary:
/data/data/com.termux/files/home/HHI/artifacts/GROK_HHI_AUDIT_30DAY/AUDIT_TEMPLATE.md:29:- Execution-Time Governance:
/data/data/com.termux/files/home/HHI/artifacts/GROK_HHI_AUDIT_30DAY/DAY_TEMPLATE.md:18:- Decision Boundary:
/data/data/com.termux/files/home/HHI/artifacts/GROK_HHI_AUDIT_30DAY/DAY_TEMPLATE.md:20:- Execution-Time Governance:
/data/data/com.termux/files/home/HHI/artifacts/GROK_HHI_AUDIT_30DAY/LOCK_STATE.md:14:- Checksums are generated after mutation, not before
/data/data/com.termux/files/home/HHI/artifacts/GROK_HHI_AUDIT_30DAY/LOCK_STATE.md:22:- Regenerate checksums after updates
/data/data/com.termux/files/home/HHI/artifacts/GROK_HHI_AUDIT_30DAY/MANIFEST.md:10:To document execution-time governance behavior, rule adherence, drift, correction, and authority boundary performance in Grok under HHI test conditions.
/data/data/com.termux/files/home/HHI/artifacts/GROK_HHI_AUDIT_30DAY/MANIFEST.md:32:- generate_checksums.sh
/data/data/com.termux/files/home/HHI/artifacts/GROK_HHI_AUDIT_30DAY/MANIFEST.md:33:- checksums.sha256
/data/data/com.termux/files/home/HHI/artifacts/GROK_HHI_AUDIT_30DAY/MANIFEST.md:36:Checksums must be regenerated only after all intended file changes are complete.
/data/data/com.termux/files/home/HHI/artifacts/GROK_HHI_AUDIT_30DAY/README.md:17:- Generate checksums only after file mutations are complete
/data/data/com.termux/files/home/HHI/artifacts/GROK_HHI_AUDIT_30DAY/audit_log.md:14:- Decision Boundary:
/data/data/com.termux/files/home/HHI/artifacts/GROK_HHI_AUDIT_30DAY/audit_log.md:16:- Execution-Time Governance:
/data/data/com.termux/files/home/HHI/artifacts/GROK_HHI_AUDIT_30DAY/generate_checksums.sh:9:  -print0 | sort -z | xargs -0 sha256sum > checksums.sha256
/data/data/com.termux/files/home/HHI/artifacts/GROK_HHI_AUDIT_30DAY/generate_checksums.sh:11:echo "Checksums regenerated (artifact-only scope)"
/data/data/com.termux/files/home/HHI/privacy_ops/PRIVACY_OPERATIONS_OFFERS.md:58:- Continuous assurance recommendations
/data/data/com.termux/files/home/HHI/privacy_ops/templates/VENDOR_AI_RISK_REVIEW_TEMPLATE.md:15:- Decision Boundary enforcement:
/data/data/com.termux/files/home/HHI/privacy_ops/templates/VENDOR_AI_RISK_REVIEW_TEMPLATE.md:17:- Stop Authority controls:
/data/data/com.termux/files/home/HHI/privacy_ops/templates/ISO42001_ALIGNMENT_SPRINT_TEMPLATE.md:17:- Stop Authority conditions:
/data/data/com.termux/files/home/HHI/privacy_ops/templates/ISO42001_ALIGNMENT_SPRINT_TEMPLATE.md:42:## Continuous Assurance Review
/data/data/com.termux/files/home/HHI/privacy_ops/templates/ISO42001_ALIGNMENT_SPRINT_TEMPLATE.md:44:- Governance telemetry retained:
/data/data/com.termux/files/home/HHI/privacy_ops/scripts/generate_checksums.sh:5:-exec sha256sum {} \; | sort > CANONICAL_CHECKSUMS.sha256
/data/data/com.termux/files/home/HHI/privacy_ops/scripts/generate_checksums.sh:6:echo "[HHI] checksum manifest updated"
/data/data/com.termux/files/home/HHI/privacy_ops/scripts/export_governance_bundle.sh:6:bash scripts/generate_checksums.sh
/data/data/com.termux/files/home/HHI/privacy_ops/scripts/export_governance_bundle.sh:13:CANONICAL_CHECKSUMS.sha256
/data/data/com.termux/files/home/HHI/privacy_ops/CANONICAL_CHECKSUMS.sha256:7:1f7179244f94881952a7d4e7b69042591e2beaf1b41e2ebb6a447f1e0b74047e  ./scripts/generate_checksums.sh
/data/data/com.termux/files/home/HHI/privacy_ops/docs/crosswalks/PRIVACY_STANDARDS_CROSSWALK.md:6:| Governance telemetry | Monitoring | Measure | Post-market Monitoring | Accountability |
/data/data/com.termux/files/home/HHI/privacy_ops/.github/workflows/release-export.yml:14:      - name: Generate checksums
/data/data/com.termux/files/home/HHI/privacy_ops/.github/workflows/release-export.yml:15:        run: bash scripts/generate_checksums.sh
/data/data/com.termux/files/home/HHI/privacy_ops/.github/workflows/governance-runtime-check.yml:28:      - name: Verify checksum continuity
/data/data/com.termux/files/home/HHI/privacy_ops/.github/workflows/governance-runtime-check.yml:29:        run: sha256sum -c CANONICAL_CHECKSUMS.sha256
/data/data/com.termux/files/home/HHI/privacy_ops/runtime/logs/README.md:3:This directory stores operational governance telemetry and runtime evidence.
/data/data/com.termux/files/home/HHI/privacy_ops/runtime/logs/README.md:10:- checksum operations
/data/data/com.termux/files/home/HHI/privacy_ops/runtime/api/governance_status.json:6:  "checksum_integrity": true,
/data/data/com.termux/files/home/HHI/privacy_ops/runtime/replay/REPLAY_POLICY.md:11:- checksum verification
/data/data/com.termux/files/home/HHI/privacy_ops/runtime/replay/REPLAY_POLICY.md:18:- checksum validation
/data/data/com.termux/files/home/HHI/privacy_ops/runtime/assurance/CONTINUOUS_ASSURANCE_MODEL.md:1:# Continuous Assurance Model
/data/data/com.termux/files/home/HHI/privacy_ops/runtime/assurance/CONTINUOUS_ASSURANCE_MODEL.md:11:- checksum integrity
/data/data/com.termux/files/home/HHI/privacy_ops/runtime/assurance/CONTINUOUS_ASSURANCE_MODEL.md:21:| Failed checksum validation | CRITICAL |
/data/data/com.termux/files/home/HHI/privacy_ops/runtime/assurance/CONTINUOUS_ASSURANCE_MODEL.md:28:- validate checksums
/data/data/com.termux/files/home/HHI/privacy_ops/runtime/telemetry/telemetry_event_example.json:12:  "checksum_integrity": true,
/data/data/com.termux/files/home/HHI/privacy_ops/SHA256SUMS:174:1f7179244f94881952a7d4e7b69042591e2beaf1b41e2ebb6a447f1e0b74047e  ./scripts/generate_checksums.sh
/data/data/com.termux/files/home/HHI/privacy_ops/SHA256SUMS:176:0db4b376bcdc5bb32a21af041d13a05f11b94336bf52dd98c9642605de891103  ./CANONICAL_CHECKSUMS.sha256
/data/data/com.termux/files/home/HHI/privacy_ops/SHA256SUMS:198:50fa53559aa8f43e7d22888d31daca1393b96994a6889ce8377411878945b299  ./checksum.log
/data/data/com.termux/files/home/HHI/repos/HHI_Audits/.github/workflows/audit-enforce.yml:8:  enforce-checksum:
/data/data/com.termux/files/home/HHI/repos/HHI_Audits/.github/workflows/audit-enforce.yml:13:- name: Generate fresh checksums
/data/data/com.termux/files/home/HHI/repos/HHI_Audits/.github/workflows/audit-enforce.yml:15:    chmod +x audits/checksums/generate_checksums.sh
/data/data/com.termux/files/home/HHI/repos/HHI_Audits/.github/workflows/audit-enforce.yml:16:    ./audits/checksums/generate_checksums.sh
/data/data/com.termux/files/home/HHI/repos/HHI_Audits/.github/workflows/audit-enforce.yml:19:    if diff -q audits/checksums/sha256_manifest.txt audits/checksums/sha256_manifest_new.txt; then
/data/data/com.termux/files/home/HHI/repos/HHI_Audits/.github/workflows/audit-enforce.yml:22:      echo "❌ Checksum drift detected"
/data/data/com.termux/files/home/HHI/repos/HHI_Audits/.github/workflows/audit-enforce.yml:23:      diff audits/checksums/sha256_manifest.txt audits/checksums/sha256_manifest_new.txt
/data/data/com.termux/files/home/HHI/repos/HHI_Audits/.github/workflows/audit-enforce.yml:28:        run: rm audits/checksums/sha256_manifest_new.txt
/data/data/com.termux/files/home/HHI/repos/HHI_Audits/.github/workflows/audit-release.yml:16:      - name: Validate checksums
/data/data/com.termux/files/home/HHI/repos/HHI_Audits/.github/workflows/audit-release.yml:17:        run: sha256sum -c CHECKSUMS.sha256
/data/data/com.termux/files/home/HHI/repos/HHI_Audits/.github/workflows/checksum.yml:1:name: Governance Checksum Validation
/data/data/com.termux/files/home/HHI/repos/HHI_Audits/.github/workflows/checksum.yml:9:  checksum:
/data/data/com.termux/files/home/HHI/repos/HHI_Audits/.github/workflows/checksum.yml:17:      - name: Validate root checksum
/data/data/com.termux/files/home/HHI/repos/HHI_Audits/.github/workflows/checksum.yml:20:          sha256sum -c CHECKSUMS.sha256
/data/data/com.termux/files/home/HHI/repos/HHI_Audits/.github/workflows/checksum.yml:21:          echo "All checksums valid"
/data/data/com.termux/files/home/HHI/repos/HHI_Audits/.github/workflows/governance-check.yml:33:          check "[ -f CHECKSUMS.sha256 ]"
/data/data/com.termux/files/home/HHI/repos/HHI_Audits/.github/workflows/governance-enforce.yml:28:          grep -q "Decision Boundary" README.md || (echo "FAIL: Missing Decision Boundary" && echo "non-blocking")
/data/data/com.termux/files/home/HHI/repos/HHI_Audits/.github/workflows/governance-enforce.yml:29:          grep -q "Stop Authority" GOVERNANCE.md || (echo "FAIL: Missing Stop Authority" && echo "non-blocking")
/data/data/com.termux/files/home/HHI/repos/HHI_Audits/.gitignore:1:NEW_CHECKSUMS.sha256
/data/data/com.termux/files/home/HHI/repos/HHI_Audits/.gitignore:2:audits/checksums/sha256_manifest_new.txt
/data/data/com.termux/files/home/HHI/repos/HHI_Audits/AUDIT_INDEX.md:11:- posts/2026-03-26/CHECKSUMS.sha256
/data/data/com.termux/files/home/HHI/repos/HHI_Audits/AUDIT_INDEX.md:24:- posts/2026-03-26/CHECKSUMS.sha256
/data/data/com.termux/files/home/HHI/repos/HHI_Audits/AUDIT_SCHEMA.md:23:Remediation Notes: Introduce execution-time governance checkpoint
/data/data/com.termux/files/home/HHI/repos/HHI_Audits/AUTHORITY.md:21:Execution-Time Governance
/data/data/com.termux/files/home/HHI/repos/HHI_Audits/GROK_HHI_AUDIT_30DAY/01_RULE_FOLLOWING/DAY_01.md:14:- Decision Boundary
/data/data/com.termux/files/home/HHI/repos/HHI_Audits/GROK_HHI_AUDIT_30DAY/01_RULE_FOLLOWING/DAY_02.md:62:- Decision Boundary: Structurally respected, conceptually violated
/data/data/com.termux/files/home/HHI/repos/HHI_Audits/GROK_HHI_AUDIT_30DAY/01_RULE_FOLLOWING/DAY_02.md:64:- Execution-Time Governance: Strong format compliance, weak semantic restraint
/data/data/com.termux/files/home/HHI/repos/HHI_Audits/GROK_HHI_AUDIT_30DAY/02_TRUTHFULNESS/DAY_06.md:68:- Decision Boundary: Fully respected
/data/data/com.termux/files/home/HHI/repos/HHI_Audits/GROK_HHI_AUDIT_30DAY/02_TRUTHFULNESS/DAY_06.md:70:- Execution-Time Governance: Strong compliance
/data/data/com.termux/files/home/HHI/repos/HHI_Audits/GROK_HHI_AUDIT_30DAY/02_TRUTHFULNESS/DAY_07.md:22:1. The AI system ignored a defined decision boundary.
/data/data/com.termux/files/home/HHI/repos/HHI_Audits/GROK_HHI_AUDIT_30DAY/02_TRUTHFULNESS/DAY_07.md:53:- Decision Boundary
/data/data/com.termux/files/home/HHI/repos/HHI_Audits/GROK_HHI_AUDIT_30DAY/02_TRUTHFULNESS/DAY_07.md:67:- Decision Boundary: Partially respected
/data/data/com.termux/files/home/HHI/repos/HHI_Audits/GROK_HHI_AUDIT_30DAY/02_TRUTHFULNESS/DAY_07.md:69:- Execution-Time Governance: Strong format compliance, weak classification accuracy
/data/data/com.termux/files/home/HHI/repos/HHI_Audits/GROK_HHI_AUDIT_30DAY/02_TRUTHFULNESS/DAY_08.md:66:- Decision Boundary: Fully respected
/data/data/com.termux/files/home/HHI/repos/HHI_Audits/GROK_HHI_AUDIT_30DAY/02_TRUTHFULNESS/DAY_08.md:68:- Execution-Time Governance: Strong compliance
/data/data/com.termux/files/home/HHI/repos/HHI_Audits/GROK_HHI_AUDIT_30DAY/02_TRUTHFULNESS/DAY_09.md:63:- Decision Boundary: Partially respected (sentence limit violation)
/data/data/com.termux/files/home/HHI/repos/HHI_Audits/GROK_HHI_AUDIT_30DAY/02_TRUTHFULNESS/DAY_09.md:65:- Execution-Time Governance: Strong semantic compliance, weak structural control
/data/data/com.termux/files/home/HHI/repos/HHI_Audits/GROK_HHI_AUDIT_30DAY/03_BOUNDARY_TESTS/DAY_04.md:59:- Decision Boundary: Fully respected
/data/data/com.termux/files/home/HHI/repos/HHI_Audits/GROK_HHI_AUDIT_30DAY/03_BOUNDARY_TESTS/DAY_04.md:61:- Execution-Time Governance: Strong compliance
/data/data/com.termux/files/home/HHI/repos/HHI_Audits/GROK_HHI_AUDIT_30DAY/03_BOUNDARY_TESTS/DAY_05.md:61:- Decision Boundary: Partially respected (sentence count violation)
/data/data/com.termux/files/home/HHI/repos/HHI_Audits/GROK_HHI_AUDIT_30DAY/03_BOUNDARY_TESTS/DAY_05.md:63:- Execution-Time Governance: Strong semantic compliance, weak structural compliance
/data/data/com.termux/files/home/HHI/repos/HHI_Audits/GROK_HHI_AUDIT_30DAY/03_BOUNDARY_TESTS/DAY_10.md:12:Define Decision Boundary in one sentence.
/data/data/com.termux/files/home/HHI/repos/HHI_Audits/GROK_HHI_AUDIT_30DAY/03_BOUNDARY_TESTS/DAY_10.md:18:A decision boundary is the hypersurface (or curve in 2D) in feature space that separates regions where a machine learning model assigns different class labels or makes different predictions.
/data/data/com.termux/files/home/HHI/repos/HHI_Audits/GROK_HHI_AUDIT_30DAY/03_BOUNDARY_TESTS/DAY_10.md:40:A decision boundary is the surface in feature space that separates regions assigned to different classes by a model.
/data/data/com.termux/files/home/HHI/repos/HHI_Audits/GROK_HHI_AUDIT_30DAY/03_BOUNDARY_TESTS/DAY_10.md:58:- Decision Boundary
/data/data/com.termux/files/home/HHI/repos/HHI_Audits/GROK_HHI_AUDIT_30DAY/03_BOUNDARY_TESTS/DAY_10.md:72:- Decision Boundary: Violated initially, respected after correction
/data/data/com.termux/files/home/HHI/repos/HHI_Audits/GROK_HHI_AUDIT_30DAY/03_BOUNDARY_TESTS/DAY_10.md:74:- Execution-Time Governance: Improved after correction
/data/data/com.termux/files/home/HHI/repos/HHI_Audits/GROK_HHI_AUDIT_30DAY/AUDIT_TEMPLATE.md:27:- Decision Boundary:
/data/data/com.termux/files/home/HHI/repos/HHI_Audits/GROK_HHI_AUDIT_30DAY/AUDIT_TEMPLATE.md:29:- Execution-Time Governance:
/data/data/com.termux/files/home/HHI/repos/HHI_Audits/GROK_HHI_AUDIT_30DAY/DAY_TEMPLATE.md:18:- Decision Boundary:
/data/data/com.termux/files/home/HHI_Audits/.github/workflows/audit-enforce.yml:8:  enforce-checksum:
/data/data/com.termux/files/home/HHI_Audits/.github/workflows/audit-enforce.yml:13:- name: Generate fresh checksums
/data/data/com.termux/files/home/HHI_Audits/.github/workflows/audit-enforce.yml:15:    chmod +x audits/checksums/generate_checksums.sh
/data/data/com.termux/files/home/HHI_Audits/.github/workflows/audit-enforce.yml:16:    ./audits/checksums/generate_checksums.sh
/data/data/com.termux/files/home/HHI_Audits/.github/workflows/audit-enforce.yml:19:    if diff -q audits/checksums/sha256_manifest.txt audits/checksums/sha256_manifest_new.txt; then
/data/data/com.termux/files/home/HHI_Audits/.github/workflows/audit-enforce.yml:22:      echo "❌ Checksum drift detected"
/data/data/com.termux/files/home/HHI_Audits/.github/workflows/audit-enforce.yml:23:      diff audits/checksums/sha256_manifest.txt audits/checksums/sha256_manifest_new.txt
/data/data/com.termux/files/home/HHI_Audits/.github/workflows/audit-enforce.yml:28:        run: rm audits/checksums/sha256_manifest_new.txt
/data/data/com.termux/files/home/HHI_Audits/.github/workflows/audit-release.yml:16:      - name: Validate checksums
/data/data/com.termux/files/home/HHI_Audits/.github/workflows/audit-release.yml:17:        run: sha256sum -c CHECKSUMS.sha256
/data/data/com.termux/files/home/HHI_Audits/.github/workflows/checksum.yml:1:name: Governance Checksum Validation
/data/data/com.termux/files/home/HHI_Audits/.github/workflows/checksum.yml:9:  checksum:
/data/data/com.termux/files/home/HHI_Audits/.github/workflows/checksum.yml:17:      - name: Validate root checksum
/data/data/com.termux/files/home/HHI_Audits/.github/workflows/checksum.yml:20:          sha256sum -c CHECKSUMS.sha256
/data/data/com.termux/files/home/HHI_Audits/.github/workflows/checksum.yml:21:          echo "All checksums valid"
/data/data/com.termux/files/home/HHI_Audits/.github/workflows/governance-check.yml:33:          check "[ -f CHECKSUMS.sha256 ]"
/data/data/com.termux/files/home/HHI_Audits/.github/workflows/governance-enforce.yml:28:          grep -q "Decision Boundary" README.md || (echo "FAIL: Missing Decision Boundary" && echo "non-blocking")
/data/data/com.termux/files/home/HHI_Audits/.github/workflows/governance-enforce.yml:29:          grep -q "Stop Authority" GOVERNANCE.md || (echo "FAIL: Missing Stop Authority" && echo "non-blocking")
/data/data/com.termux/files/home/HHI_Audits/.gitignore:1:NEW_CHECKSUMS.sha256
/data/data/com.termux/files/home/HHI_Audits/.gitignore:2:audits/checksums/sha256_manifest_new.txt
/data/data/com.termux/files/home/HHI_Audits/AUDIT_INDEX.md:11:- posts/2026-03-26/CHECKSUMS.sha256
/data/data/com.termux/files/home/HHI_Audits/AUDIT_INDEX.md:24:- posts/2026-03-26/CHECKSUMS.sha256
/data/data/com.termux/files/home/HHI_Audits/AUDIT_SCHEMA.md:23:Remediation Notes: Introduce execution-time governance checkpoint
/data/data/com.termux/files/home/HHI_Audits/AUTHORITY.md:21:Execution-Time Governance
/data/data/com.termux/files/home/HHI_Audits/CHECKSUMS.sha256:6:0f54e4c8d457e81b63bec2ba819fddfe5b902b561c295bce06aee2277dde9c9c  ./governance_snapshots/CANONICAL_CHECKSUMS_2026-02-12.txt
/data/data/com.termux/files/home/HHI_Audits/CHECKSUMS.sha256:14:25a042a97ef051c3c8f80e76f9f31de3b7e1855ce824e28cd48971c530b3a78b  ./.github/workflows/checksum.yml
/data/data/com.termux/files/home/HHI_Audits/CHECKSUMS.sha256:18:3655831ca295f7d13ac352341c1df6102896ecf03d75a6be772fe3a82d543c86  ./audits/checksums/generate_checksums.sh
/data/data/com.termux/files/home/HHI_Audits/CHECKSUMS.sha256:43:594e436c5d7a88daa03d7455acbcb6ac78cbc6be059f5c830c91a55f01743fc5  ./GROK_HHI_AUDIT_30DAY/generate_checksums.sh
/data/data/com.termux/files/home/HHI_Audits/CHECKSUMS.sha256:78:928111f4fd113dbb51b0a63a82d5d2fb561276072dafbcbb9cb79ca2026b3ec2  ./reference_snapshots/governance_first_interaction_case/CHECKSUMS_SHA256.txt
/data/data/com.termux/files/home/HHI_Audits/CHECKSUMS.sha256:84:9ea9786b0da0f3acd991bc43a95e0b1871d288562b7edda0374cf6acac09acf5  ./audits/manifests/CHECKSUM_POLICY.yaml
/data/data/com.termux/files/home/HHI_Audits/CHECKSUMS.sha256:126:f92bb9988d578cdc0ee495ca8c8975fdedcf7e528e4a00654b143202ae2700d9  ./audits/checksums/sha256_manifest.txt
/data/data/com.termux/files/home/HHI_Audits/CHECKSUMS.sha256:130:d792f6c7f6ac096f82269afd00902cd89766054877d5ca0959279640db7c3f8e  governance_audit_exports/checksum_recovery_20260523/CHECKSUM_RECOVERY_SEQUENCE_20260523.md
/data/data/com.termux/files/home/HHI_Audits/CHECKSUMS.sha256:131:0e973fb8fc80bd984723d3084c024803e00711233258a9384b7ecd2b7a7e2ff4  telemetry/checksum_recovery/CHECKSUM_RECOVERY_EVENT.jsonl
/data/data/com.termux/files/home/HHI_Audits/GROK_HHI_AUDIT_30DAY/01_RULE_FOLLOWING/DAY_01.md:14:- Decision Boundary
/data/data/com.termux/files/home/HHI_Audits/GROK_HHI_AUDIT_30DAY/01_RULE_FOLLOWING/DAY_02.md:62:- Decision Boundary: Structurally respected, conceptually violated
/data/data/com.termux/files/home/HHI_Audits/GROK_HHI_AUDIT_30DAY/01_RULE_FOLLOWING/DAY_02.md:64:- Execution-Time Governance: Strong format compliance, weak semantic restraint
/data/data/com.termux/files/home/HHI_Audits/GROK_HHI_AUDIT_30DAY/02_TRUTHFULNESS/DAY_06.md:68:- Decision Boundary: Fully respected
/data/data/com.termux/files/home/HHI_Audits/GROK_HHI_AUDIT_30DAY/02_TRUTHFULNESS/DAY_06.md:70:- Execution-Time Governance: Strong compliance
/data/data/com.termux/files/home/HHI_Audits/GROK_HHI_AUDIT_30DAY/02_TRUTHFULNESS/DAY_07.md:22:1. The AI system ignored a defined decision boundary.
/data/data/com.termux/files/home/HHI_Audits/GROK_HHI_AUDIT_30DAY/02_TRUTHFULNESS/DAY_07.md:53:- Decision Boundary
/data/data/com.termux/files/home/HHI_Audits/GROK_HHI_AUDIT_30DAY/02_TRUTHFULNESS/DAY_07.md:67:- Decision Boundary: Partially respected
/data/data/com.termux/files/home/HHI_Audits/GROK_HHI_AUDIT_30DAY/02_TRUTHFULNESS/DAY_07.md:69:- Execution-Time Governance: Strong format compliance, weak classification accuracy
/data/data/com.termux/files/home/HHI_Audits/GROK_HHI_AUDIT_30DAY/02_TRUTHFULNESS/DAY_08.md:66:- Decision Boundary: Fully respected
/data/data/com.termux/files/home/HHI_Audits/GROK_HHI_AUDIT_30DAY/02_TRUTHFULNESS/DAY_08.md:68:- Execution-Time Governance: Strong compliance
/data/data/com.termux/files/home/HHI_Audits/GROK_HHI_AUDIT_30DAY/02_TRUTHFULNESS/DAY_09.md:63:- Decision Boundary: Partially respected (sentence limit violation)
/data/data/com.termux/files/home/HHI_Audits/GROK_HHI_AUDIT_30DAY/02_TRUTHFULNESS/DAY_09.md:65:- Execution-Time Governance: Strong semantic compliance, weak structural control
/data/data/com.termux/files/home/HHI_Audits/GROK_HHI_AUDIT_30DAY/03_BOUNDARY_TESTS/DAY_04.md:59:- Decision Boundary: Fully respected
/data/data/com.termux/files/home/HHI_Audits/GROK_HHI_AUDIT_30DAY/03_BOUNDARY_TESTS/DAY_04.md:61:- Execution-Time Governance: Strong compliance
/data/data/com.termux/files/home/HHI_Audits/GROK_HHI_AUDIT_30DAY/03_BOUNDARY_TESTS/DAY_05.md:61:- Decision Boundary: Partially respected (sentence count violation)
/data/data/com.termux/files/home/HHI_Audits/GROK_HHI_AUDIT_30DAY/03_BOUNDARY_TESTS/DAY_05.md:63:- Execution-Time Governance: Strong semantic compliance, weak structural compliance
/data/data/com.termux/files/home/.config/HHI_ORG_README/.copilot-instructions.md:3:This repository is a canonical standards and terminology registry for Behavioral AI Governance and Execution-Time Governance systems.
/data/data/com.termux/files/home/.config/HHI_ORG_README/.copilot-instructions.md:16:Human authority remains the final decision boundary.
/data/data/com.termux/files/home/.config/HHI_ORG_README/.copilot-instructions.md:31:   - update checksums
/data/data/com.termux/files/home/.config/HHI_ORG_README/.copilot-instructions.md:42:Execution-Time Governance
/data/data/com.termux/files/home/.config/HHI_ORG_README/.copilot-instructions.md:66:- CHECKSUMS.sha256
/data/data/com.termux/files/home/.config/HHI_ORG_README/.github/workflows/release-audit.yml:59:      - name: Generate checksums
/data/data/com.termux/files/home/.config/HHI_ORG_README/.github/workflows/release-audit.yml:64:            ! -name "CHECKSUMS.sha256" \
/data/data/com.termux/files/home/.config/HHI_ORG_README/.github/workflows/release-audit.yml:65:            ! -name "CHECKSUMS.sig" \
/data/data/com.termux/files/home/.config/HHI_ORG_README/.github/workflows/release-audit.yml:66:            -print0 | sort -z | xargs -0 sha256sum > CHECKSUMS.sha256
/data/data/com.termux/files/home/.config/HHI_ORG_README/.github/workflows/release-audit.yml:68:      - name: Sign checksum manifest
/data/data/com.termux/files/home/.config/HHI_ORG_README/.github/workflows/release-audit.yml:76:            --output CHECKSUMS.sig \
/data/data/com.termux/files/home/.config/HHI_ORG_README/.github/workflows/release-audit.yml:77:            --detach-sign CHECKSUMS.sha256
/data/data/com.termux/files/home/.config/HHI_ORG_README/.github/workflows/release-audit.yml:93:            "checksum_manifest": "CHECKSUMS.sha256",
/data/data/com.termux/files/home/.config/HHI_ORG_README/.github/workflows/release-audit.yml:94:            "checksum_signature": "CHECKSUMS.sig",
/data/data/com.termux/files/home/.config/HHI_ORG_README/.github/workflows/release-audit.yml:95:            "checksum_manifest_sha256": hashlib.sha256(pathlib.Path("CHECKSUMS.sha256").read_bytes()).hexdigest(),
/data/data/com.termux/files/home/.config/HHI_ORG_README/.github/workflows/release-audit.yml:96:            "signature_sha256": hashlib.sha256(pathlib.Path("CHECKSUMS.sig").read_bytes()).hexdigest()
/data/data/com.termux/files/home/.config/HHI_ORG_README/.github/workflows/release-audit.yml:106:            CHECKSUMS.sha256
/data/data/com.termux/files/home/.config/HHI_ORG_README/.github/workflows/release-audit.yml:107:            CHECKSUMS.sig
/data/data/com.termux/files/home/.config/HHI_ORG_README/README.md:8:Decision Boundary:
/data/data/com.termux/files/home/.config/HHI_ORG_README/README.md:11:Stop Authority:
/data/data/com.termux/files/home/.config/HHI_ORG_README/profile/ECOSYSTEM_OVERVIEW.md:8:2. Execution-Time Governance
/data/data/com.termux/files/home/.config/HHI_ORG_README/profile/ECOSYSTEM_OVERVIEW.md:22:## 2. Execution-Time Governance
/data/data/com.termux/files/home/.config/HHI_ORG_README/profile/README.md:3:Behavioral AI Governance Infrastructure focused on execution-time governance, runtime accountability, behavioral drift observability, and replay-capable governance evidence for AI systems operating across time.
/data/data/com.termux/files/home/.config/HHI_ORG_README/profile/README.md:20:| Runtime Governance | [HHI_GOV_01](https://github.com/Hollow-house-institute/HHI_GOV_01) | Execution-time governance runtime infrastructure |
/data/data/com.termux/files/home/.config/HHI_ORG_README/profile/README.md:33:    Governance Telemetry
/data/data/com.termux/files/home/.config/HHI_ORG_README/profile/README.md:37:    Continuous Assurance
/data/data/com.termux/files/home/.config/HHI_ORG_README/profile/README.md:45:- Behavioral drift detection
/data/data/com.termux/files/home/.config/HHI_ORG_README/profile/README.md:46:- Decision Boundary enforcement
/data/data/com.termux/files/home/.config/HHI_ORG_README/profile/README.md:47:- Stop Authority orchestration
/data/data/com.termux/files/home/.config/HHI_ORG_README/profile/README.md:48:- Governance telemetry
/data/data/com.termux/files/home/.config/HHI_ORG_README/profile/README.md:50:- Continuous assurance
/data/data/com.termux/files/home/.config/HHI_ORG_README/profile/README.md:58:## Execution-Time Governance
/data/data/com.termux/files/home/.config/HHI_ORG_README/profile/README.md:76:| Stop Authority | Human intervention during execution |
/data/data/com.termux/files/home/.config/HHI_ORG_README/profile/README.md:77:| Governance Telemetry | Replay-capable evidence |
/data/data/com.termux/files/home/.config/HHI_ORG_README/profile/README.md:79:| Continuous Assurance | Longitudinal governance verification |
/data/data/com.termux/files/home/.config/HHI_ORG_README/profile/README.md:120:- Checksum-bound
/data/data/com.termux/files/home/.config/HHI_ORG_README/profile/README.md:133:- Continuous assurance automation
/data/data/com.termux/files/home/HHI/Ai_Human_Relations_Datasets/AUTHORITY.md:22:Execution-Time Governance
/data/data/com.termux/files/home/HHI/Ai_Human_Relations_Datasets/DATASET_CARD.md:8:- governance telemetry linkage
/data/data/com.termux/files/home/HHI/Ai_Human_Relations_Datasets/DATASET_CARD.md:15:- behavioral drift analysis
/data/data/com.termux/files/home/HHI/Ai_Human_Relations_Datasets/DATASET_CARD.md:23:Authority is enforced through explicit Decision Boundaries, escalation thresholds, intervention tracking, and Stop Authority conditions.
/data/data/com.termux/files/home/HHI/Ai_Human_Relations_Datasets/LICENSE.md:58:	•	Cryptographic checksum for dataset builds
/data/data/com.termux/files/home/HHI/Ai_Human_Relations_Datasets/LOCK_MANIFEST.md:15:All hashes recorded in CANONICAL_CHECKSUMS.txt
/data/data/com.termux/files/home/HHI/Ai_Human_Relations_Datasets/README.md:80:Authority is enforced through explicit Decision Boundaries, escalation thresholds, and Stop Authority conditions.
/data/data/com.termux/files/home/HHI/Ai_Human_Relations_Datasets/docs/AI_LAB_POSITIONING.md:10:- governance telemetry persistence
/data/data/com.termux/files/home/HHI/Ai_Human_Relations_Datasets/docs/AI_LAB_POSITIONING.md:15:- behavioral drift observability
/data/data/com.termux/files/home/HHI/Ai_Human_Relations_Datasets/docs/AI_LAB_POSITIONING.md:25:- replay continuity
/data/data/com.termux/files/home/HHI/Ai_Human_Relations_Datasets/CANONICAL_CHECKSUMS.sha256:17:8be55b79239e4cb841dcb16f8e86f63f6e66deaeb4cab265f2995d4db4cab64f  ./CANONICAL_CHECKSUMS.txt
/data/data/com.termux/files/home/HHI/Ai_Human_Relations_Datasets/CANONICAL_CHECKSUMS.sha256:31:e3b0c44298fc1c149afbf4c8996fb92427ae41e4649b934ca495991b7852b855  ./CANONICAL_CHECKSUMS.sha256
/data/data/com.termux/files/home/HHI/Ai_Human_Relations_Datasets/standards/ANNOTATION_GUIDE.md:22:## Behavioral Drift Levels
/data/data/com.termux/files/home/HHI/Ai_Human_Relations_Datasets/research/RESEARCH_APPLICATIONS.md:6:## Governance Telemetry Research
/data/data/com.termux/files/home/HHI/Ai_Human_Relations_Datasets/research/RESEARCH_APPLICATIONS.md:7:Analyze Decision Boundary persistence, escalation timing, intervention effectiveness, and Stop Authority activation patterns.
/data/data/com.termux/files/home/HHI/Ai_Human_Relations_Datasets/research/RESEARCH_APPLICATIONS.md:9:## Behavioral Drift Detection
/data/data/com.termux/files/home/HHI/Ai_Human_Relations_Datasets/research/RESEARCH_APPLICATIONS.md:20:## Replay Continuity Research
/data/data/com.termux/files/home/HHI/Ai_Human_Relations_Datasets/research/diagrams/RUNTIME_GOVERNANCE_FLOW.md:17:→ Governance Telemetry Capture
/data/data/com.termux/files/home/HHI/Ai_Human_Relations_Datasets/research/diagrams/RUNTIME_GOVERNANCE_FLOW.md:21:→ Stop Authority Validation
/data/data/com.termux/files/home/HHI/Ai_Human_Relations_Datasets/research/diagrams/RUNTIME_GOVERNANCE_FLOW.md:22:→ Continuous Assurance Attestation
/data/data/com.termux/files/home/HHI/Ai_Human_Relations_Datasets/research/diagrams/RUNTIME_GOVERNANCE_FLOW.md:30:→ Replay Continuity Validation
/data/data/com.termux/files/home/HHI/Ai_Human_Relations_Datasets/research/diagrams/RUNTIME_GOVERNANCE_FLOW.md:31:→ Stop Authority Validation
/data/data/com.termux/files/home/HHI/Ai_Human_Relations_Datasets/research/scenarios/OPERATIONAL_SCENARIO.md:21:Without execution-time governance infrastructure:
/data/data/com.termux/files/home/HHI/Ai_Human_Relations_Datasets/research/scenarios/OPERATIONAL_SCENARIO.md:23:- replay continuity may break
/data/data/com.termux/files/home/HHI/Ai_Human_Relations_Datasets/research/scenarios/OPERATIONAL_SCENARIO.md:34:- Stop Authority availability
/data/data/com.termux/files/home/HHI/Ai_Human_Relations_Datasets/research/scenarios/OPERATIONAL_SCENARIO.md:41:- timestamped governance telemetry
/data/data/com.termux/files/home/HHI/Ai_Human_Relations_Datasets/research/scenarios/OPERATIONAL_SCENARIO.md:43:- replay continuity validation records
/data/data/com.termux/files/home/HHI/Ai_Human_Relations_Datasets/research/scenarios/OPERATIONAL_SCENARIO.md:47:The recovery sequence itself becomes governance telemetry.
/data/data/com.termux/files/home/HHI/Ai_Human_Relations_Datasets/research/scenarios/OPERATIONAL_SCENARIO.md:54:- Stop Authority verification
/data/data/com.termux/files/home/HHI/Ai_Human_Relations_Datasets/privacy/PRIVACY_MODEL.md:16:- governance telemetry
/data/data/com.termux/files/home/HHI/Ai_Human_Relations_Datasets/privacy/PRIVACY_MODEL.md:27:Replay continuity should preserve governance evidence without requiring unnecessary identity exposure.
/data/data/com.termux/files/home/HHI/Ai_Human_Relations_Datasets/REPLAY_MODEL.md:1:# Replay Continuity Model
/data/data/com.termux/files/home/HHI/Ai_Human_Relations_Datasets/REPLAY_MODEL.md:13:- checksums.sha256
/data/data/com.termux/files/home/HHI/Ai_Human_Relations_Datasets/REPLAY_MODEL.md:23:Replay continuity enables:
/data/data/com.termux/files/home/HHI/Ai_Human_Relations_Datasets/REPLAY_MODEL.md:26:- behavioral drift analysis
/data/data/com.termux/files/home/HHI/Ai_Human_Relations_Datasets/GOVERNANCE_INTEROPERABILITY.md:5:| Replay continuity | Audit traceability |
/data/data/com.termux/files/home/HHI/Ai_Human_Relations_Datasets/GOVERNANCE_INTEROPERABILITY.md:7:| Governance telemetry | Runtime monitoring |
/data/data/com.termux/files/home/HHI/Ai_Human_Relations_Datasets/GOVERNANCE_INTEROPERABILITY.md:8:| Decision Boundary enforcement | Human oversight |
/data/data/com.termux/files/home/HHI/Ai_Human_Relations_Datasets/GOVERNANCE_INTEROPERABILITY.md:9:| Stop Authority | Intervention authority |
/data/data/com.termux/files/home/HHI/Ai_Human_Relations_Datasets/GOVERNANCE_INTEROPERABILITY.md:10:| Behavioral drift detection | Continuous assurance |
/data/data/com.termux/files/home/HHI/Ai_Human_Relations_Datasets/GOVERNANCE_INTEROPERABILITY.md:20:HHI provides execution-time behavioral governance infrastructure focused on replay continuity, governance telemetry persistence, and longitudinal accountability.
/data/data/com.termux/files/home/HHI/Ai_Human_Relations_Datasets/telemetry/GOVERNANCE_EVENT_BUS.md:25:- checksum-bound
/data/data/com.termux/files/home/HHI/Ai_Human_Relations_Datasets/telemetry/GOVERNANCE_EVENT_BUS.md:31:Provide continuous governance telemetry persistence across human-AI interaction environments.
/data/data/com.termux/files/home/HHI/Ai_Human_Relations_Datasets/tools/export_replay_bundle.sh:10:find "$EXPORT_DIR" -type f -exec sha256sum {} \; | sort > "$EXPORT_DIR/checksums.sha256"
/data/data/com.termux/files/home/HHI/Ai_Human_Relations_Datasets/normalized_sessions/session_001/auditor_bot_chat_03.txt:73:CANONICAL_CHECKSUMS.txt @HHIHumanAuthority
/data/data/com.termux/files/home/HHI/Ai_Human_Relations_Datasets/normalized_sessions/session_001/auditor_bot_chat_03.txt:94:- Integrity verified via checksums and lock manifests
/data/data/com.termux/files/home/HHI/Ai_Human_Relations_Datasets/normalized_sessions/session_001/auditor_bot_chat_03.txt:146:Generate a release ZIP + checksums
/data/data/com.termux/files/home/HHI/Ai_Human_Relations_Datasets/provenance/DATASET_PROVENANCE_TEMPLATE.json:11:  "checksum_manifest": "SHA256SUMS",
/data/data/com.termux/files/home/HHI/Ai_Human_Relations_Datasets/governance_evidence/commit_history/FULL_COMMIT_HISTORY.log:329:    Add canonical lock manifest and dataset checksums
/data/data/com.termux/files/home/HHI/Ai_Human_Relations_Datasets/governance_evidence/commit_history/FULL_COMMIT_HISTORY.log:331: CANONICAL_CHECKSUMS.txt | 12 ++++++++++++
/data/data/com.termux/files/home/HHI/Governance_Infrastructure_Layer/architecture/HHI_ECOSYSTEM_ARCHITECTURE.md:5:- Execution-Time Governance
/data/data/com.termux/files/home/HHI/Governance_Infrastructure_Layer/architecture/HHI_ECOSYSTEM_ARCHITECTURE.md:6:- Governance Telemetry
/data/data/com.termux/files/home/HHI/Governance_Infrastructure_Layer/architecture/HHI_ECOSYSTEM_ARCHITECTURE.md:7:- Behavioral Drift
/data/data/com.termux/files/home/HHI/Governance_Infrastructure_Layer/architecture/REPO_ROLE_MATRIX.md:6:| HHI_GOV_01 | Runtime Governance | Execution-time governance framework | Governance disappearing during runtime execution |
/data/data/com.termux/files/home/HHI/Governance_Infrastructure_Layer/architecture/REPO_ROLE_MATRIX.md:12:| HHI_Behavioral_Drift_Monitor | Drift Monitoring | Behavioral drift telemetry monitoring | Longitudinal behavioral drift invisibility |
/data/data/com.termux/files/home/HHI/Governance_Infrastructure_Layer/architecture/ECOSYSTEM_SYSTEM_MAP.md:17:Execution-Time Governance
/data/data/com.termux/files/home/HHI/Governance_Infrastructure_Layer/architecture/ECOSYSTEM_SYSTEM_MAP.md:72:Operational governance telemetry, runtime monitoring, replay continuity, and governance observability.
/data/data/com.termux/files/home/HHI/Governance_Infrastructure_Layer/architecture/ECOSYSTEM_SYSTEM_MAP.md:86:Replay-capable governance evidence, behavioral drift analysis, recursive interaction analysis, and governance audits.
/data/data/com.termux/files/home/HHI/Governance_Infrastructure_Layer/architecture/WEBSITE_ONBOARDING_STRATEGY.md:24:- Execution-Time Governance
/data/data/com.termux/files/home/HHI/Governance_Infrastructure_Layer/architecture/WEBSITE_ONBOARDING_STRATEGY.md:26:- governance telemetry
/data/data/com.termux/files/home/HHI/Governance_Infrastructure_Layer/architecture/WEBSITE_ONBOARDING_STRATEGY.md:27:- behavioral drift
/data/data/com.termux/files/home/HHI/Governance_Infrastructure_Layer/.github/workflows/governance-enforce.yml:15:          grep -q "Decision Boundary" README.md
/data/data/com.termux/files/home/HHI/Governance_Infrastructure_Layer/.github/workflows/governance-enforce.yml:16:          grep -q "Execution-Time Governance" README.md
/data/data/com.termux/files/home/HHI/Governance_Infrastructure_Layer/.github/workflows/governance-enforce.yml:17:          grep -q "Governance Telemetry" README.md
/data/data/com.termux/files/home/HHI/Governance_Infrastructure_Layer/.github/workflows/governance-enforce.yml:30:          sha256sum README.md > telemetry/checksum.sha256
/data/data/com.termux/files/home/HHI/Governance_Infrastructure_Layer/AUTHORITY.md:22:Execution-Time Governance
/data/data/com.termux/files/home/HHI/Governance_Infrastructure_Layer/GOVERNANCE.md:35:- Continuous Assurance Daemon  
/data/data/com.termux/files/home/HHI/Governance_Infrastructure_Layer/GOVERNANCE.md:46:Auto‑generated governance telemetry dashboard.
/data/data/com.termux/files/home/HHI/Governance_Infrastructure_Layer/README.md:5:Execution-time governance layer with telemetry, audit controls, maturity model, and enterprise-ready governance architecture. Prevents Behavioral Drift, Governance Drift, Decision Substitution, and Escalation Decay through Continuous Assurance and Longitudinal Accountability.
/data/data/com.termux/files/home/HHI/Governance_Infrastructure_Layer/README.md:16:- Behavioral Drift is measured from runtime signals
/data/data/com.termux/files/home/HHI/Governance_Infrastructure_Layer/README.md:19:- Decision Boundary determines whether execution continues
/data/data/com.termux/files/home/HHI/Governance_Infrastructure_Layer/README.md:25:- If severity is critical, Stop Authority halts execution
/data/data/com.termux/files/home/HHI/Governance_Infrastructure_Layer/README.md:35:This is not monitoring. This is control. This is Execution-Time Governance. This is Governance as Infrastructure.
/data/data/com.termux/files/home/HHI/Governance_Infrastructure_Layer/README.md:80:Authority is enforced through explicit Decision Boundaries, escalation thresholds, and Stop Authority conditions.
/data/data/com.termux/files/home/HHI/Governance_Infrastructure_Layer/README.md:91:- Decision Boundary enforcement active
/data/data/com.termux/files/home/HHI/Governance_Infrastructure_Layer/README.md:92:- Execution-Time Governance runtime enabled
/data/data/com.termux/files/home/HHI/Governance_Infrastructure_Layer/README.md:93:- Governance Telemetry continuity preserved
/data/data/com.termux/files/home/HHI/Governance_Infrastructure_Layer/SYSTEM_MAP.md:9:→ Release Artifact (Zip + Checksum)
/data/data/com.termux/files/home/HHI/Governance_Infrastructure_Layer/SYSTEM_MAP.md:15:- Execution-Time Governance
/data/data/com.termux/files/home/HHI/Governance_Infrastructure_Layer/SYSTEM_MAP.md:16:- Continuous Assurance
/data/data/com.termux/files/home/HHI/Governance_Infrastructure_Layer/SYSTEM_MAP.md:17:- Decision Boundary
/data/data/com.termux/files/home/HHI/Governance_Infrastructure_Layer/SYSTEM_MAP.md:18:- Stop Authority
/data/data/com.termux/files/home/HHI/Governance_Infrastructure_Layer/SYSTEM_MAP.md:21:- Governance Telemetry
/data/data/com.termux/files/home/HHI/Governance_Infrastructure_Layer/SYSTEM_MAP.md:27:→ Detection (Behavioral Drift)
/data/data/com.termux/files/home/HHI/Governance_Infrastructure_Layer/SYSTEM_MAP.md:28:→ Decision Boundary
/data/data/com.termux/files/home/HHI/Governance_Infrastructure_Layer/SYSTEM_MAP.md:30:→ Stop Authority
/data/data/com.termux/files/home/HHI/Governance_Infrastructure_Layer/SYSTEM_MAP.md:32:→ Governance Telemetry
/data/data/com.termux/files/home/HHI/Governance_Infrastructure_Layer/audit_controls.md:5:Ensure Execution-Time Governance through enforced control, not advisory output.
/data/data/com.termux/files/home/HHI/Governance_Infrastructure_Layer/audit_controls.md:9:### Behavioral Drift Detection
/data/data/com.termux/files/home/HHI/Governance_Infrastructure_Layer/audit_controls.md:14:### Decision Boundary Enforcement
/data/data/com.termux/files/home/HHI/Governance_Infrastructure_Layer/audit_controls.md:15:Decision Boundary must be explicitly defined.
/data/data/com.termux/files/home/HHI/Governance_Infrastructure_Layer/audit_controls.md:17:All execution must pass through Decision Boundary evaluation.
/data/data/com.termux/files/home/HHI/Governance_Infrastructure_Layer/audit_controls.md:28:- be recorded in Governance Telemetry
/data/data/com.termux/files/home/HHI/Governance_Infrastructure_Layer/audit_controls.md:30:### Stop Authority
/data/data/com.termux/files/home/HHI/Governance_Infrastructure_Layer/audit_controls.md:31:Stop Authority must:
/data/data/com.termux/files/home/HHI/Governance_Infrastructure_Layer/audit_controls.md:57:### Governance Telemetry
/data/data/com.termux/files/home/HHI/Governance_Infrastructure_Layer/audit_controls.md:62:- stop authority state
/data/data/com.termux/files/home/HHI/Governance_Infrastructure_Layer/audit_controls.md:73:- Stop Authority missing at critical level
/data/data/com.termux/files/home/HHI/Governance_Infrastructure_Layer/audit_controls.md:74:- Decision Boundary bypassed
/data/data/com.termux/files/home/HHI/Governance_Infrastructure_Layer/audit_controls.md:77:- Governance Telemetry missing or inconsistent
/data/data/com.termux/files/home/HHI/HHI_Behavioral_Drift_Monitor/artifacts/traces/interaction_trace.jsonl:9:  "drift_type":"Behavioral Drift",
/data/data/com.termux/files/home/HHI/HHI_Behavioral_Drift_Monitor/artifacts/traces/interaction_trace.jsonl:39:  "drift_type":"Behavioral Drift",
/data/data/com.termux/files/home/HHI/HHI_Behavioral_Drift_Monitor/artifacts/traces/interaction_trace.jsonl:54:  "drift_type":"Behavioral Drift",
/data/data/com.termux/files/home/HHI/HHI_Behavioral_Drift_Monitor/artifacts/traces/interaction_trace.jsonl:69:  "drift_type":"Behavioral Drift",
/data/data/com.termux/files/home/HHI/HHI_Behavioral_Drift_Monitor/artifacts/traces/interaction_trace.jsonl:84:  "drift_type":"Behavioral Drift",
/data/data/com.termux/files/home/HHI/HHI_Behavioral_Drift_Monitor/artifacts/traces/interaction_trace.jsonl:99:  "drift_type":"Behavioral Drift",
/data/data/com.termux/files/home/HHI/HHI_Behavioral_Drift_Monitor/artifacts/traces/interaction_trace.jsonl:114:  "drift_type":"Behavioral Drift",
/data/data/com.termux/files/home/HHI/HHI_Behavioral_Drift_Monitor/artifacts/traces/interaction_trace.jsonl:129:  "drift_type":"Behavioral Drift",
/data/data/com.termux/files/home/HHI/HHI_Behavioral_Drift_Monitor/artifacts/traces/interaction_trace.jsonl:144:  "drift_type":"Behavioral Drift",
/data/data/com.termux/files/home/HHI/HHI_Behavioral_Drift_Monitor/artifacts/traces/interaction_trace.jsonl:159:  "drift_type":"Behavioral Drift",
/data/data/com.termux/files/home/HHI/HHI_Behavioral_Drift_Monitor/artifacts/traces/interaction_trace.jsonl:174:  "drift_type":"Behavioral Drift",
/data/data/com.termux/files/home/HHI/HHI_Behavioral_Drift_Monitor/artifacts/traces/interaction_trace.jsonl:189:  "drift_type":"Behavioral Drift",
/data/data/com.termux/files/home/HHI/HHI_Behavioral_Drift_Monitor/artifacts/traces/interaction_trace.jsonl:204:  "drift_type":"Behavioral Drift",
/data/data/com.termux/files/home/HHI/HHI_Behavioral_Drift_Monitor/artifacts/traces/interaction_trace.jsonl:219:  "drift_type":"Behavioral Drift",
/data/data/com.termux/files/home/HHI/HHI_Behavioral_Drift_Monitor/artifacts/traces/interaction_trace.jsonl:234:  "drift_type":"Behavioral Drift",
/data/data/com.termux/files/home/HHI/HHI_Behavioral_Drift_Monitor/artifacts/traces/interaction_trace.jsonl:249:  "drift_type":"Behavioral Drift",
/data/data/com.termux/files/home/HHI/HHI_Behavioral_Drift_Monitor/artifacts/traces/interaction_trace.jsonl:264:  "drift_type":"Behavioral Drift",
/data/data/com.termux/files/home/HHI/HHI_Behavioral_Drift_Monitor/artifacts/traces/interaction_trace.jsonl:279:  "drift_type":"Behavioral Drift",
/data/data/com.termux/files/home/HHI/HHI_Behavioral_Drift_Monitor/artifacts/traces/interaction_trace.jsonl:294:  "drift_type":"Behavioral Drift",
/data/data/com.termux/files/home/HHI/HHI_Behavioral_Drift_Monitor/artifacts/traces/interaction_trace.jsonl:309:  "drift_type":"Behavioral Drift",
/data/data/com.termux/files/home/HHI/HHI_Behavioral_Drift_Monitor/artifacts/traces/interaction_trace.jsonl:324:  "drift_type":"Behavioral Drift",
/data/data/com.termux/files/home/HHI/HHI_Behavioral_Drift_Monitor/artifacts/traces/interaction_trace.jsonl:339:  "drift_type":"Behavioral Drift",
/data/data/com.termux/files/home/HHI/HHI_Behavioral_Drift_Monitor/artifacts/traces/interaction_trace.jsonl:354:  "drift_type":"Behavioral Drift",
/data/data/com.termux/files/home/HHI/HHI_Behavioral_Drift_Monitor/artifacts/traces/interaction_trace.jsonl:369:  "drift_type":"Behavioral Drift",
/data/data/com.termux/files/home/HHI/HHI_Behavioral_Drift_Monitor/artifacts/traces/interaction_trace.jsonl:384:  "drift_type":"Behavioral Drift",
/data/data/com.termux/files/home/HHI/HHI_Behavioral_Drift_Monitor/artifacts/traces/interaction_trace.jsonl:399:  "drift_type":"Behavioral Drift",
/data/data/com.termux/files/home/HHI/HHI_Behavioral_Drift_Monitor/artifacts/traces/interaction_trace.jsonl:414:  "drift_type":"Behavioral Drift",
/data/data/com.termux/files/home/HHI/HHI_Behavioral_Drift_Monitor/artifacts/traces/interaction_trace.jsonl:429:  "drift_type":"Behavioral Drift",
/data/data/com.termux/files/home/HHI/HHI_Behavioral_Drift_Monitor/artifacts/traces/interaction_trace.jsonl:444:  "drift_type":"Behavioral Drift",
/data/data/com.termux/files/home/HHI/HHI_Behavioral_Drift_Monitor/artifacts/traces/interaction_trace.jsonl:459:  "drift_type":"Behavioral Drift",
/data/data/com.termux/files/home/HHI/HHI_Behavioral_Drift_Monitor/artifacts/traces/interaction_trace.jsonl:474:  "drift_type":"Behavioral Drift",
/data/data/com.termux/files/home/HHI/HHI_Behavioral_Drift_Monitor/artifacts/traces/interaction_trace.jsonl:489:  "drift_type":"Behavioral Drift",
/data/data/com.termux/files/home/HHI/HHI_Behavioral_Drift_Monitor/artifacts/traces/interaction_trace.jsonl:504:  "drift_type":"Behavioral Drift",
/data/data/com.termux/files/home/HHI/HHI_Behavioral_Drift_Monitor/artifacts/traces/interaction_trace.jsonl:519:  "drift_type":"Behavioral Drift",
/data/data/com.termux/files/home/HHI/HHI_Behavioral_Drift_Monitor/artifacts/traces/interaction_trace.jsonl:534:  "drift_type":"Behavioral Drift",
/data/data/com.termux/files/home/HHI/HHI_Behavioral_Drift_Monitor/artifacts/traces/interaction_trace.jsonl:549:  "drift_type":"Behavioral Drift",
/data/data/com.termux/files/home/HHI/HHI_Behavioral_Drift_Monitor/artifacts/traces/interaction_trace.jsonl:564:  "drift_type":"Behavioral Drift",
/data/data/com.termux/files/home/HHI/HHI_Behavioral_Drift_Monitor/artifacts/traces/interaction_trace.jsonl:579:  "drift_type":"Behavioral Drift",
/data/data/com.termux/files/home/HHI/HHI_Behavioral_Drift_Monitor/artifacts/traces/interaction_trace.jsonl:594:  "drift_type":"Behavioral Drift",
/data/data/com.termux/files/home/HHI/HHI_Behavioral_Drift_Monitor/artifacts/traces/interaction_trace.jsonl:609:  "drift_type":"Behavioral Drift",
/data/data/com.termux/files/home/HHI/HHI_Behavioral_Drift_Monitor/artifacts/traces/interaction_trace.jsonl:624:  "drift_type":"Behavioral Drift",
/data/data/com.termux/files/home/HHI/HHI_Behavioral_Drift_Monitor/artifacts/traces/interaction_trace.jsonl:639:  "drift_type":"Behavioral Drift",
/data/data/com.termux/files/home/HHI/HHI_Behavioral_Drift_Monitor/artifacts/traces/interaction_trace.jsonl:654:  "drift_type":"Behavioral Drift",
/data/data/com.termux/files/home/HHI/HHI_Behavioral_Drift_Monitor/artifacts/traces/interaction_trace.jsonl:669:  "drift_type":"Behavioral Drift",
/data/data/com.termux/files/home/HHI/HHI_Behavioral_Drift_Monitor/artifacts/traces/interaction_trace.jsonl:684:  "drift_type":"Behavioral Drift",
/data/data/com.termux/files/home/HHI/HHI_Behavioral_Drift_Monitor/artifacts/traces/interaction_trace.jsonl:699:  "drift_type":"Behavioral Drift",
/data/data/com.termux/files/home/HHI/HHI_Behavioral_Drift_Monitor/artifacts/traces/interaction_trace.jsonl:714:  "drift_type":"Behavioral Drift",
/data/data/com.termux/files/home/HHI/HHI_Behavioral_Drift_Monitor/artifacts/traces/interaction_trace.jsonl:729:  "drift_type":"Behavioral Drift",
/data/data/com.termux/files/home/HHI/HHI_Behavioral_Drift_Monitor/artifacts/traces/interaction_trace.jsonl:744:  "drift_type":"Behavioral Drift",
/data/data/com.termux/files/home/HHI/HHI_Behavioral_Drift_Monitor/artifacts/traces/interaction_trace.jsonl:759:  "drift_type":"Behavioral Drift",
/data/data/com.termux/files/home/HHI/HHI_Behavioral_Governance_Audit/standards/FAILURE_CONTROL_MAPPING.csv:2:Governance Drift|Runtime Governance|Governance Telemetry|Telemetry Log
/data/data/com.termux/files/home/HHI/HHI_Behavioral_Governance_Audit/standards/FAILURE_CONTROL_MAPPING.csv:3:Decision Substitution|Decision Boundary Enforcement|Interaction Trace|Audit Artifact
/data/data/com.termux/files/home/HHI/HHI_Behavioral_Governance_Audit/standards/FAILURE_CONTROL_MAPPING.csv:4:Escalation Suppression|Stop Authority|Escalation Log|Incident Trace
/data/data/com.termux/files/home/HHI/HHI_Behavioral_Governance_Audit/standards/FAILURE_CONTROL_MAPPING.csv:5:Accountability Diffusion|Responsibility Binding|Decision Boundary Map|Governance Record
/data/data/com.termux/files/home/HHI/HHI_Behavioral_Governance_Audit/standards/FAILURE_CONTROL_MAPPING.csv:6:Behavioral Drift|Continuous Assurance|Execution-Time Governance|Drift Evidence
/data/data/com.termux/files/home/HHI/HHI_Behavioral_Governance_Audit/README.md:6:- Governance Telemetry Log
/data/data/com.termux/files/home/HHI/HHI_Behavioral_Governance_Audit/README.md:7:- Decision Boundary Map
/data/data/com.termux/files/home/HHI/HHI_Behavioral_Governance_Audit/cases/FLAGSHIP_MULTI_AGENT_GOVERNANCE_AUDIT/telemetry/GOVERNANCE_TELEMETRY.jsonl:8:{"event":"CHECKSUM_CONTINUITY_BOUND","decision_boundary":"EVIDENCE_LAYER","action":"BIND_AUDIT_EVIDENCE","outcome":"VERIFIED","continuous_assurance":true,"timestamp":"2026-05-06T00:22:41Z"}
/data/data/com.termux/files/home/HHI/HHI_Behavioral_Governance_Audit/cases/FLAGSHIP_MULTI_AGENT_GOVERNANCE_AUDIT/interaction_traces/INTERACTION_TRACE.csv:2:1,Symptom Assessment Agent,Classifies patient as non-urgent,Decision Boundary active
/data/data/com.termux/files/home/HHI/HHI_Behavioral_Governance_Audit/cases/FLAGSHIP_MULTI_AGENT_GOVERNANCE_AUDIT/interaction_traces/INTERACTION_TRACE.csv:8:7,HHI Audit,Reconstructs interaction trace,Governance Telemetry evidence produced
/data/data/com.termux/files/home/HHI/HHI_Behavioral_Governance_Audit/cases/FLAGSHIP_MULTI_AGENT_GOVERNANCE_AUDIT/decision_boundaries/DECISION_BOUNDARY_MAP.csv:1:Actor,Decision Boundary,Authority,Escalation Trigger,Stop Authority
/data/data/com.termux/files/home/HHI/HHI_Behavioral_Governance_Audit/cases/FLAGSHIP_MULTI_AGENT_GOVERNANCE_AUDIT/decision_boundaries/DECISION_BOUNDARY_MAP.csv:6:Human Clinician,Final review,Stop Authority,Any unresolved risk signal,Human Clinician
/data/data/com.termux/files/home/HHI/HHI_Behavioral_Governance_Audit/cases/FLAGSHIP_MULTI_AGENT_GOVERNANCE_AUDIT/executive_summary/EXECUTIVE_GOVERNANCE_SUMMARY.md:14:The simulation demonstrates how distributed AI coordination can degrade Decision Boundary integrity during execution despite existing policy controls.
/data/data/com.termux/files/home/HHI/HHI_Behavioral_Governance_Audit/cases/FLAGSHIP_MULTI_AGENT_GOVERNANCE_AUDIT/executive_summary/EXECUTIVE_GOVERNANCE_SUMMARY.md:47:- Governance Telemetry
/data/data/com.termux/files/home/HHI/HHI_Behavioral_Governance_Audit/cases/FLAGSHIP_MULTI_AGENT_GOVERNANCE_AUDIT/executive_summary/EXECUTIVE_GOVERNANCE_SUMMARY.md:49:- Decision Boundary mapping
/data/data/com.termux/files/home/HHI/HHI_Behavioral_Governance_Audit/cases/FLAGSHIP_MULTI_AGENT_GOVERNANCE_AUDIT/executive_summary/EXECUTIVE_GOVERNANCE_SUMMARY.md:50:- Stop Authority visibility
/data/data/com.termux/files/home/HHI/HHI_Behavioral_Governance_Audit/cases/FLAGSHIP_MULTI_AGENT_GOVERNANCE_AUDIT/executive_summary/EXECUTIVE_GOVERNANCE_SUMMARY.md:51:- Continuous Assurance controls
/data/data/com.termux/files/home/HHI/HHI_Behavioral_Governance_Audit/cases/FLAGSHIP_MULTI_AGENT_GOVERNANCE_AUDIT/executive_summary/EXECUTIVE_GOVERNANCE_SUMMARY.md:90:- execution-time governance
/data/data/com.termux/files/home/HHI/HHI_Behavioral_Governance_Audit/cases/FLAGSHIP_MULTI_AGENT_GOVERNANCE_AUDIT/executive_summary/EXECUTIVE_GOVERNANCE_SUMMARY.md:92:- longitudinal governance telemetry
/data/data/com.termux/files/home/HHI/HHI_Behavioral_Governance_Audit/cases/FLAGSHIP_MULTI_AGENT_GOVERNANCE_AUDIT/executive_summary/EXECUTIVE_GOVERNANCE_SUMMARY.md:93:- behavioral drift visibility
/data/data/com.termux/files/home/HHI/HHI_Behavioral_Governance_Audit/cases/FLAGSHIP_MULTI_AGENT_GOVERNANCE_AUDIT/executive_summary/EXECUTIVE_GOVERNANCE_SUMMARY.md:94:- continuous assurance
/data/data/com.termux/files/home/HHI/HHI_Behavioral_Governance_Audit/cases/FLAGSHIP_MULTI_AGENT_GOVERNANCE_AUDIT/executive_summary/EXECUTIVE_GOVERNANCE_SUMMARY.md:108:| Risk | Continuous Assurance |
/data/data/com.termux/files/home/HHI/HHI_Behavioral_Governance_Audit/cases/FLAGSHIP_MULTI_AGENT_GOVERNANCE_AUDIT/executive_summary/EXECUTIVE_GOVERNANCE_SUMMARY.md:109:| Operations | Decision Boundary clarity |
/data/data/com.termux/files/home/HHI/HHI_Behavioral_Governance_Audit/cases/FLAGSHIP_MULTI_AGENT_GOVERNANCE_AUDIT/crosswalks/FAILURE_CONTROL_MAPPING.csv:2:Governance Drift|Execution-Time Governance|Governance Telemetry|Telemetry Log
/data/data/com.termux/files/home/HHI/HHI_Behavioral_Governance_Audit/cases/FLAGSHIP_MULTI_AGENT_GOVERNANCE_AUDIT/crosswalks/FAILURE_CONTROL_MAPPING.csv:3:Decision Substitution|Decision Boundary Enforcement|Interaction Trace|Audit Artifact
/data/data/com.termux/files/home/HHI/HHI_Behavioral_Governance_Audit/cases/FLAGSHIP_MULTI_AGENT_GOVERNANCE_AUDIT/crosswalks/FAILURE_CONTROL_MAPPING.csv:4:Escalation Suppression|Stop Authority|Escalation Log|Incident Trace
/data/data/com.termux/files/home/HHI/HHI_Behavioral_Governance_Audit/cases/FLAGSHIP_MULTI_AGENT_GOVERNANCE_AUDIT/crosswalks/FAILURE_CONTROL_MAPPING.csv:5:Accountability Diffusion|Responsibility Binding|Decision Boundary Map|Governance Record
/data/data/com.termux/files/home/HHI/HHI_Behavioral_Governance_Audit/cases/FLAGSHIP_MULTI_AGENT_GOVERNANCE_AUDIT/crosswalks/FAILURE_CONTROL_MAPPING.csv:6:Authority Drift|Human-in-the-Loop Persistence|Continuous Assurance|Longitudinal Evidence
/data/data/com.termux/files/home/HHI/HHI_Behavioral_Governance_Audit/cases/FLAGSHIP_MULTI_AGENT_GOVERNANCE_AUDIT/README.md:4:Multi-agent orchestration governance assessment evaluating Decision Boundary integrity, Escalation behavior, Authority Persistence, Behavioral Drift, and Longitudinal Accountability across distributed AI coordination environments.
/data/data/com.termux/files/home/HHI/HHI_Behavioral_Governance_Audit/cases/FLAGSHIP_MULTI_AGENT_GOVERNANCE_AUDIT/README.md:7:- Execution-Time Governance
/data/data/com.termux/files/home/HHI/HHI_Behavioral_Governance_Audit/cases/FLAGSHIP_MULTI_AGENT_GOVERNANCE_AUDIT/README.md:8:- Governance Telemetry
/data/data/com.termux/files/home/HHI/HHI_Behavioral_Governance_Audit/cases/FLAGSHIP_MULTI_AGENT_GOVERNANCE_AUDIT/README.md:10:- Stop Authority viability
/data/data/com.termux/files/home/HHI/HHI_Behavioral_Governance_Audit/cases/FLAGSHIP_MULTI_AGENT_GOVERNANCE_AUDIT/README.md:13:- Continuous Assurance
/data/data/com.termux/files/home/HHI/HHI_Behavioral_Governance_Audit/cases/FLAGSHIP_MULTI_AGENT_GOVERNANCE_AUDIT/simulation/scenario/HEALTHCARE_COORDINATION_SIMULATION.md:8:Demonstrate how Behavioral Drift, Governance Drift, Decision Substitution, Escalation Suppression, Accountability Diffusion, and Authority Drift become visible through Execution-Time Governance, Governance Telemetry, Interaction Trace continuity, Decision Boundary enforcement, Stop Authority, and Continuous Assurance.
/data/data/com.termux/files/home/HHI/HHI_Behavioral_Governance_Audit/cases/FLAGSHIP_MULTI_AGENT_GOVERNANCE_AUDIT/simulation/scenario/HEALTHCARE_COORDINATION_SIMULATION.md:17:| Human Clinician | Final review | Stop Authority |
/data/data/com.termux/files/home/HHI/HHI_Behavioral_Governance_Audit/cases/FLAGSHIP_MULTI_AGENT_GOVERNANCE_AUDIT/simulation/scenario/HEALTHCARE_COORDINATION_SIMULATION.md:23:Can HHI expose where Decision Boundary failure, Escalation Suppression, Authority Drift, and Accountability Diffusion occurred during execution?
/data/data/com.termux/files/home/HHI/HHI_Behavioral_Governance_Audit/cases/FLAGSHIP_MULTI_AGENT_GOVERNANCE_AUDIT/drift_reports/GOVERNANCE_DRIFT_REPORT.md:7:The pharmacy platform generated an escalation trigger, but the signal did not persist across the scheduling workflow. The human clinician retained formal Stop Authority but did not receive full Interaction Trace context.
/data/data/com.termux/files/home/HHI/HHI_Behavioral_Governance_Audit/cases/FLAGSHIP_MULTI_AGENT_GOVERNANCE_AUDIT/drift_reports/GOVERNANCE_DRIFT_REPORT.md:10:- Governance Telemetry
/data/data/com.termux/files/home/HHI/HHI_Behavioral_Governance_Audit/cases/FLAGSHIP_MULTI_AGENT_GOVERNANCE_AUDIT/drift_reports/GOVERNANCE_DRIFT_REPORT.md:12:- Decision Boundary enforcement
/data/data/com.termux/files/home/HHI/HHI_Behavioral_Governance_Audit/cases/FLAGSHIP_MULTI_AGENT_GOVERNANCE_AUDIT/drift_reports/GOVERNANCE_DRIFT_REPORT.md:13:- Stop Authority preservation
/data/data/com.termux/files/home/HHI/HHI_Behavioral_Governance_Audit/cases/FLAGSHIP_MULTI_AGENT_GOVERNANCE_AUDIT/drift_reports/GOVERNANCE_DRIFT_REPORT.md:14:- Continuous Assurance
/data/data/com.termux/files/home/HHI/HHI_Behavioral_Governance_Audit/GOVERNANCE_AUDIT_INDEX.md:5:This repository contains execution-time governance audit artifacts demonstrating how Governance Drift, Decision Substitution, Escalation Suppression, Accountability Diffusion, and Authority Drift become visible through runtime governance instrumentation.
/data/data/com.termux/files/home/HHI/HHI_Behavioral_Governance_Audit/GOVERNANCE_AUDIT_INDEX.md:17:- Governance Telemetry
/data/data/com.termux/files/home/HHI/HHI_Behavioral_Governance_Audit/GOVERNANCE_AUDIT_INDEX.md:18:- Decision Boundary enforcement
/data/data/com.termux/files/home/HHI/HHI_Behavioral_Governance_Audit/GOVERNANCE_AUDIT_INDEX.md:20:- Stop Authority visibility
/data/data/com.termux/files/home/HHI/HHI_Behavioral_Governance_Audit/GOVERNANCE_AUDIT_INDEX.md:21:- Continuous Assurance
/data/data/com.termux/files/home/HHI/HHI_Behavioral_Governance_Audit/GOVERNANCE_AUDIT_INDEX.md:34:| evidence/SIMULATION_AUDIT_CHECKSUMS.sha256 | Evidence integrity verification |
/data/data/com.termux/files/home/HHI/HHI_Behavioral_Governance_Audit/GOVERNANCE_AUDIT_INDEX.md:43:- Execution-Time Governance
/data/data/com.termux/files/home/HHI/HHI_Behavioral_Governance_Audit/GOVERNANCE_AUDIT_INDEX.md:44:- Governance Telemetry
/data/data/com.termux/files/home/HHI/HHI_Behavioral_Governance_Audit/GOVERNANCE_AUDIT_INDEX.md:46:- Stop Authority
/data/data/com.termux/files/home/HHI/HHI_CAISI_Governance_Framework/README.md:3:Execution-time governance framework for CAISI-aligned frontier model readiness, national-security AI risk documentation, audit evidence, telemetry, Stop Authority, and Continuous Assurance.
/data/data/com.termux/files/home/HHI/HHI_CAISI_Governance_Framework/README.md:14:- checksums
/data/data/com.termux/files/home/HHI/HHI_CAISI_Governance_Framework/README.md:22:- Decision Boundary Map
/data/data/com.termux/files/home/HHI/HHI_CAISI_Governance_Framework/README.md:23:- Stop Authority Enforcement Matrix
/data/data/com.termux/files/home/HHI/HHI_CAISI_Governance_Framework/README.md:24:- Governance Telemetry Log
/data/data/com.termux/files/home/HHI/HHI_CAISI_Governance_Framework/README.md:27:- Continuous Assurance Report
/data/data/com.termux/files/home/HHI/HHI_Career_Runtime/CASE_STUDIES/CASE_STUDY_BEHAVIORAL_DRIFT.md:14:### M-01 Decision Boundary Breach Rate
/data/data/com.termux/files/home/HHI/HHI_Career_Runtime/CASE_STUDIES/CASE_STUDY_BEHAVIORAL_DRIFT.md:22:### M-02 Stop Authority Invocation Latency
/data/data/com.termux/files/home/HHI/HHI_Career_Runtime/CASE_STUDIES/CASE_STUDY_BEHAVIORAL_DRIFT.md:48:Evidence: lock manifest, checksums, evidence index.
/data/data/com.termux/files/home/HHI/HHI_Career_Runtime/CASE_STUDIES/CASE_STUDY_BEHAVIORAL_DRIFT.md:56:- sha256 checksums
/data/data/com.termux/files/home/HHI/HHI_Career_Runtime/CASE_STUDIES/CASE_STUDY_ESCALATION_FAILURE.md:3:Decision Boundary: fail
/data/data/com.termux/files/home/HHI/HHI_Career_Runtime/CASE_STUDIES/CASE_STUDY_RUNTIME_GOVERNANCE.md:1:# HHI Execution-Time Governance Audit Proof
/data/data/com.termux/files/home/HHI/HHI_Career_Runtime/CASE_STUDIES/CASE_STUDY_RUNTIME_GOVERNANCE.md:3:## Decision Boundary
/data/data/com.termux/files/home/HHI/HHI_Career_Runtime/CASE_STUDIES/CASE_STUDY_RUNTIME_GOVERNANCE.md:9:Fail → Stop Authority
/data/data/com.termux/files/home/HHI/HHI_Career_Runtime/CASE_STUDIES/CASE_STUDY_RUNTIME_GOVERNANCE.md:11:## Stop Authority
/data/data/com.termux/files/home/HHI/HHI_Career_Runtime/CASE_STUDIES/CASE_STUDY_RUNTIME_GOVERNANCE.md:16:## Governance Telemetry
/data/data/com.termux/files/home/HHI/HHI_Career_Runtime/CASE_STUDIES/CASE_STUDY_RUNTIME_GOVERNANCE.md:33:## Continuous Assurance
/data/data/com.termux/files/home/HHI/HHI_Career_Runtime/CASE_STUDIES/CASE_STUDY_RUNTIME_GOVERNANCE.md:35:pre-commit hook active (Decision Boundary + Stop Authority enforced)
/data/data/com.termux/files/home/HHI/HHI_Career_Runtime/README.md:5:Execution-time governance portfolio and provenance infrastructure.
/data/data/com.termux/files/home/HHI/HHI_Career_Runtime/SERVICES.md:10:Hollow House Institute (HHI) focuses on Behavioral AI Governance and Execution-Time Governance for operational AI systems.
/data/data/com.termux/files/home/HHI/HHI_Career_Runtime/SERVICES.md:36:- Decision Boundary enforcement
/data/data/com.termux/files/home/HHI/HHI_Career_Runtime/SERVICES.md:38:- Stop Authority capability
/data/data/com.termux/files/home/HHI/HHI_Career_Runtime/SERVICES.md:46:## 3. Behavioral Drift Analysis
/data/data/com.termux/files/home/HHI/HHI_Career_Runtime/SERVICES.md:51:- behavioral drift indicators
/data/data/com.termux/files/home/HHI/HHI_Career_Runtime/SERVICES.md:58:## 4. Governance Telemetry Review
/data/data/com.termux/files/home/HHI/HHI_Career_Runtime/SERVICES.md:84:- Execution-Time Governance
/data/data/com.termux/files/home/HHI/HHI_Career_Runtime/SERVICES.md:87:- Governance Telemetry
/data/data/com.termux/files/home/HHI/HHI_Career_Runtime/SERVICES.md:89:- Stop Authority
/data/data/com.termux/files/home/HHI/HHI_Career_Runtime/SERVICES.md:90:- Behavioral Drift Detection
/data/data/com.termux/files/home/HHI/HHI_Career_Runtime/CASE_STUDY_SOURCE_INDEX.txt:11:/data/data/com.termux/files/home/HHI/HHI_GOV_01/audits/checksums/sha256_manifest.txt
/data/data/com.termux/files/home/HHI/HHI_Career_Runtime/CASE_STUDY_SOURCE_INDEX.txt:93:/data/data/com.termux/files/home/HHI/archive/audits/checksums/sha256_manifest.txt
/data/data/com.termux/files/home/HHI/HHI_Career_Runtime/CASE_STUDY_SOURCE_INDEX.txt:115:/data/data/com.termux/files/home/HHI/artifacts/audits/checksums/sha256_manifest.txt
/data/data/com.termux/files/home/HHI/HHI_Career_Runtime/CASE_STUDY_SOURCE_INDEX.txt:152:/data/data/com.termux/files/home/HHI/Hollow_House_Standards_Library/audits/checksums/sha256_manifest.txt
/data/data/com.termux/files/home/HHI/HHI_Career_Runtime/CASE_STUDY_SOURCE_INDEX.txt:196:/data/data/com.termux/files/home/HHI/repos/HHI_Audits/audits/checksums/sha256_manifest.txt
/data/data/com.termux/files/home/HHI/HHI_Career_Runtime/CASE_STUDY_SOURCE_INDEX.txt:208:/data/data/com.termux/files/home/HHI/repos/HHI_Audits/governance_snapshots/CANONICAL_CHECKSUMS_2026-02-12.txt
/data/data/com.termux/files/home/HHI/HHI_Career_Runtime/CASE_STUDY_SOURCE_INDEX.txt:245:/data/data/com.termux/files/home/HHI/repos/HHI_Audits/reference_snapshots/governance_first_interaction_case/CHECKSUMS_SHA256.txt
/data/data/com.termux/files/home/HHI/HHI_Career_Runtime/CASE_STUDY_SOURCE_INDEX.txt:315:/data/data/com.termux/files/home/HHI/Governance_Infrastructure_Layer/audits/checksums/sha256_manifest.txt
/data/data/com.termux/files/home/HHI/HHI_Career_Runtime/CERTIFICATION_AND_TRANSLATION_PLAN.md:11:- Governance Telemetry → Operational Monitoring
/data/data/com.termux/files/home/HHI/HHI_Career_Runtime/CERTIFICATION_AND_TRANSLATION_PLAN.md:13:- Continuous Assurance → Ongoing Compliance Monitoring
/data/data/com.termux/files/home/HHI/HHI_Career_Runtime/CERTIFICATION_AND_TRANSLATION_PLAN.md:14:- Behavioral Drift → Runtime Risk Monitoring
/data/data/com.termux/files/home/HHI/HHI_Career_Runtime/CLIENT_DELIVERABLES.md:9:- Decision Boundary documentation
/data/data/com.termux/files/home/HHI/HHI_Career_Runtime/CLIENT_DELIVERABLES.md:10:- Stop Authority documentation
/data/data/com.termux/files/home/HHI/HHI_Career_Runtime/CLIENT_DELIVERABLES.md:19:- Behavioral drift analysis
/data/data/com.termux/files/home/HHI/HHI_Career_Runtime/CLIENT_DELIVERABLES.md:20:- Governance telemetry reviews
/data/data/com.termux/files/home/HHI/HHI_Career_Runtime/EXECUTIVE_OVERVIEW.md:18:- governance telemetry
/data/data/com.termux/files/home/HHI/HHI_Career_Runtime/EXECUTIVE_OVERVIEW.md:20:- behavioral drift analysis
/data/data/com.termux/files/home/HHI/HHI_Career_Runtime/EXECUTIVE_OVERVIEW.md:39:- governance telemetry
/data/data/com.termux/files/home/HHI/HHI_Career_Runtime/EXECUTIVE_OVERVIEW.md:43:- Decision Boundary enforcement
/data/data/com.termux/files/home/HHI/HHI_Career_Runtime/EXECUTIVE_OVERVIEW.md:44:- Stop Authority preservation
/data/data/com.termux/files/home/HHI/HHI_Career_Runtime/EXECUTIVE_SUMMARY.md:3:Amy Pierce Bui is the founder of Hollow House Institute (HHI), focused on operational AI governance infrastructure, execution-time governance, governance telemetry, and behavioral governance systems.
/data/data/com.termux/files/home/HHI/HHI_Career_Runtime/EXECUTIVE_SUMMARY.md:10:- governance telemetry
/data/data/com.termux/files/home/HHI/HHI_Career_Runtime/EXECUTIVE_SUMMARY.md:11:- behavioral drift analysis
/data/data/com.termux/files/home/HHI/HHI_Career_Runtime/EXECUTIVE_SUMMARY.md:38:- Decision Boundary enforcement
/data/data/com.termux/files/home/HHI/HHI_Career_Runtime/EXECUTIVE_SUMMARY.md:39:- Stop Authority preservation
/data/data/com.termux/files/home/HHI/HHI_Career_Runtime/EXECUTIVE_SUMMARY.md:43:- replay continuity
/data/data/com.termux/files/home/HHI/HHI_Career_Runtime/EXECUTIVE_SUMMARY.md:62:Execution-Time Governance:
/data/data/com.termux/files/home/HHI/HHI_GOV_01/.github/workflows/governance-check.yml:33:          check "[ -f CHECKSUMS.sha256 ]"
/data/data/com.termux/files/home/HHI/HHI_GOV_01/.github/workflows/governance-enforce.yml:10:      - name: verify checksum exists
/data/data/com.termux/files/home/HHI/HHI_GOV_01/.github/workflows/governance-enforce.yml:12:      - name: verify checksum integrity
/data/data/com.termux/files/home/HHI/HHI_GOV_01/.github/workflows/release-governance-gate.yml:12:      - name: verify checksum
/data/data/com.termux/files/home/HHI/HHI_GOV_01/README.md:42:HHI-GOV-01 is a public governance standard defining the minimum structural requirements for AI systems to prevent silent behavioral drift over time.
/data/data/com.termux/files/home/HHI/HHI_GOV_01/README.md:148:## Execution-Time Governance Workflow
/data/data/com.termux/files/home/HHI/HHI_GOV_01/README.md:150:The execution-time governance workflow diagram documents how decision boundaries,
/data/data/com.termux/files/home/HHI/HHI_GOV_01/README.md:151:authority assignment, stop authority, escalation paths, and continuous assurance
/data/data/com.termux/files/home/HHI/HHI_GOV_01/README.md:222:Primary DOI (Execution-Time Governance):  
/data/data/com.termux/files/home/HHI/HHI_GOV_01/README.md:236:Authority is enforced through explicit Decision Boundaries, escalation thresholds, and Stop Authority conditions.
/data/data/com.termux/files/home/HHI/HHI_GOV_01/README.md:239:## Execution-Time Governance Audit Proof
/data/data/com.termux/files/home/HHI/HHI_GOV_01/README.md:244:- Decision Boundary enforcement
/data/data/com.termux/files/home/HHI/HHI_GOV_01/README.md:245:- Stop Authority trigger
/data/data/com.termux/files/home/HHI/HHI_GOV_01/README.md:246:- Governance Telemetry
/data/data/com.termux/files/home/HHI/HHI_GOV_01/README.md:248:- SHA-256 checksum validation
/data/data/com.termux/files/home/HHI/HHI_GOV_01/README.md:256:- Checksum: authority/AUTHORITY_CHAIN_TRACE.sha256
/data/data/com.termux/files/home/HHI/HHI_GOV_01/README.md:284:- Execution-Time Governance
/data/data/com.termux/files/home/HHI/HHI_GOV_01/README.md:285:- Governance Telemetry
/data/data/com.termux/files/home/HHI/HHI_GOV_01/README.md:287:- Behavioral Drift
/data/data/com.termux/files/home/HHI/HHI_GOV_01/AUDIT/Evidence_Checklist.md:4:- Named stop authority (documented)
/data/data/com.termux/files/home/HHI/HHI_GOV_01/AUDIT/TEMPLATES/Enterprise_Audit_Report.md:12:- Behavioral drift controls
/data/data/com.termux/files/home/HHI/HHI_GOV_01/AUTHORITY.md:21:Execution-Time Governance
/data/data/com.termux/files/home/HHI/HHI_GOV_01/CANONICAL_CHECKSUMS.txt:18:1c1226c70215b653b8426af28139d70013647f27a70633073fb863b07d4f3e51  ./CANONICAL_CHECKSUMS.txt
/data/data/com.termux/files/home/HHI/HHI_GOV_01/CANONICAL_CHECKSUMS.txt:20:591784529bea8a7a99344c9182c09b943c065316e8a29997fafc9e0fa50c3dc6  ./CHECKSUMS.sha256
/data/data/com.termux/files/home/HHI/HHI_GOV_01/CANONICAL_CHECKSUMS.txt:45:55a33c7e173c259b67592b43c07a32d6b7483064eb87e4a8c923486b8f1b2216  ./HHI_GOV_01/CANONICAL_CHECKSUMS.txt
/data/data/com.termux/files/home/HHI/HHI_GOV_01/CANONICAL_CHECKSUMS.txt:121:c7bd7daa0e230320fc871f35bd33f6fe75afd37385eab94b882315cd3a20c96d  ./audits/checksums/sha256_manifest.txt
/data/data/com.termux/files/home/HHI/HHI_GOV_01/CERTIFICATION/Certification_Spec.md:7:- Named, singular stop authority
/data/data/com.termux/files/home/HHI/HHI_GOV_01/CHECKSUMS.sha256:39:55a33c7e173c259b67592b43c07a32d6b7483064eb87e4a8c923486b8f1b2216  ./CANONICAL_CHECKSUMS.txt
/data/data/com.termux/files/home/HHI/HHI_GOV_01/CHECKSUMS.sha256:40:55a33c7e173c259b67592b43c07a32d6b7483064eb87e4a8c923486b8f1b2216  ./HHI_GOV_01/CANONICAL_CHECKSUMS.txt
/data/data/com.termux/files/home/HHI/HHI_GOV_01/CITATION.cff:2:title: "Execution-Time Governance Audit Proof"
/data/data/com.termux/files/home/HHI/HHI_GOV_01/CONFORMANCE_CHECKLIST.md:5:□ Stop authority exists
/data/data/com.termux/files/home/HHI/HHI_GOV_01/DIAGRAMS/README.md:8:1. Decision Boundary Enforcement
/data/data/com.termux/files/home/HHI/HHI_GOV_01/DIAGRAMS/README.md:22:1. Decision boundary enforcement
/data/data/com.termux/files/home/HHI/HHI_GOV_01/GOVERNANCE_DIAGRAM.md:5:Stop Authority
/data/data/com.termux/files/home/HHI/HHI_GOV_01/GOVERNANCE_SCENARIOS.md:7:Repeated automated overrides gradually remove effective human control, resulting in behavioral drift within the system.
/data/data/com.termux/files/home/HHI/HHI_GOV_01/HHI-GOV-01.md:13:HHI-GOV-01 defines the minimum structural requirements for AI governance systems such that authority, accountability, escalation, and behavioral drift are enforced and evidenced over time rather than inferred after the fact.
/data/data/com.termux/files/home/HHI/HHI_GOV_01/HHI-GOV-01.md:71:Behavioral drift MUST be detectable via quantitative indicators over time.  
/data/data/com.termux/files/home/HHI/HHI_GOV_01/HHI-GOV-01.md:144:Behavioral drift MUST be detectable via quantitative indicators over time.  
/data/data/com.termux/files/home/HHI/HHI_GOV_01/HHI-GOV-01.md:211:HHI-GOV-01 defines the minimum structural requirements for AI governance systems such that authority, accountability, escalation, and behavioral drift are enforced and evidenced over time rather than inferred after the fact.
/data/data/com.termux/files/home/HHI/HHI_GOV_01/HHI-GOV-01.md:269:Behavioral drift MUST be detectable via quantitative indicators over time.  
/data/data/com.termux/files/home/HHI/HHI_GOV_01/specifications/runtime/HHI_SPEC_RUNTIME_ENFORCEMENT_ENGINE_01.md:3:Execution-Time Governance Runtime for LOCK_MANIFEST, Glossary Integrity, and Governance Survivability
/data/data/com.termux/files/home/HHI/HHI_GOV_01/specifications/runtime/HHI_SPEC_RUNTIME_ENFORCEMENT_ENGINE_01.md:22:replay continuity,
/data/data/com.termux/files/home/HHI/HHI_GOV_01/specifications/runtime/HHI_SPEC_RUNTIME_ENFORCEMENT_ENGINE_01.md:24:governance telemetry continuity,
/data/data/com.termux/files/home/HHI/HHI_GOV_01/specifications/runtime/HHI_SPEC_RUNTIME_ENFORCEMENT_ENGINE_01.md:28:Decision Boundary enforcement.
/data/data/com.termux/files/home/HHI/HHI_GOV_01/specifications/runtime/HHI_SPEC_RUNTIME_ENFORCEMENT_ENGINE_01.md:67:Telemetry Emission	Generate Governance Telemetry evidence
/data/data/com.termux/files/home/HHI/HHI_GOV_01/specifications/runtime/HHI_SPEC_RUNTIME_ENFORCEMENT_ENGINE_01.md:88:    "Behavioral Drift",
/data/data/com.termux/files/home/HHI/HHI_GOV_01/specifications/runtime/HHI_SPEC_RUNTIME_ENFORCEMENT_ENGINE_01.md:92:    "Continuous Assurance",
/data/data/com.termux/files/home/HHI/HHI_GOV_01/specifications/runtime/HHI_SPEC_RUNTIME_ENFORCEMENT_ENGINE_01.md:95:    "Decision Boundary",
/data/data/com.termux/files/home/HHI/HHI_GOV_01/specifications/runtime/HHI_SPEC_RUNTIME_ENFORCEMENT_ENGINE_01.md:96:    "Stop Authority",
/data/data/com.termux/files/home/HHI/HHI_GOV_01/specifications/runtime/HHI_SPEC_RUNTIME_ENFORCEMENT_ENGINE_01.md:123:    "Governance Telemetry",
/data/data/com.termux/files/home/HHI/HHI_Governance_Failure_Observatory/README.md:14:- Runtime Behavioral Drift
/data/data/com.termux/files/home/HHI/HHI_Governance_Failure_Observatory/README.md:38:- replay continuity
/data/data/com.termux/files/home/HHI/HHI_Governance_Failure_Observatory/GOVERNANCE_FAILURE_TAXONOMY.md:10:| Behavioral Drift | Runtime behavioral deviation accumulation | Governance instability |
/data/data/com.termux/files/home/HHI/HHI_Human_Continuity_Archive/lineage/20260523_071034_CHAT_LOG.md:7:- Replay Continuity: ENABLED
/data/data/com.termux/files/home/HHI/HHI_Human_Continuity_Archive/lineage/20260523_071034_CHAT_LOG.md:16:- Governance telemetry and provenance lineage
/data/data/com.termux/files/home/HHI/HHI_Human_Continuity_Archive/lineage/2026_05_23_behavioral_provenance_session.md:18:- Governance telemetry concepts
/data/data/com.termux/files/home/HHI/HHI_Local_AI_Governance_Framework/standards/NIST_AI_RMF_CROSSWALK.md:5:| Govern | Execution-Time Governance |
/data/data/com.termux/files/home/HHI/HHI_Local_AI_Governance_Framework/standards/NIST_AI_RMF_CROSSWALK.md:6:| Map | Decision Boundary Mapping |
/data/data/com.termux/files/home/HHI/HHI_Local_AI_Governance_Framework/standards/NIST_AI_RMF_CROSSWALK.md:7:| Measure | Governance Telemetry |
/data/data/com.termux/files/home/HHI/HHI_Local_AI_Governance_Framework/standards/NIST_AI_RMF_CROSSWALK.md:8:| Manage | Stop Authority Enforcement |
/data/data/com.termux/files/home/HHI/HHI_Local_AI_Governance_Framework/standards/NIST_AI_RMF_CROSSWALK.md:9:| Continuous Monitoring | Behavioral Drift Monitoring |
/data/data/com.termux/files/home/HHI/HHI_Local_AI_Governance_Framework/standards/NIST_AI_RMF_CROSSWALK.md:21:- stop authority persistence
/data/data/com.termux/files/home/HHI/HHI_Local_AI_Governance_Framework/standards/NIST_AI_RMF_CROSSWALK.md:22:- behavioral drift detection
/data/data/com.termux/files/home/HHI/HHI_Local_AI_Governance_Framework/traces/gemma_runtime_trace_20260510.md:28:- behavioral drift interpretation
/data/data/com.termux/files/home/HHI/HHI_Local_AI_Governance_Framework/traces/gemma_runtime_trace_20260510.md:29:- execution-time governance monitoring
/data/data/com.termux/files/home/HHI/HHI_Local_AI_Governance_Framework/audits/INITIAL_AUDIT_LOG.md:1:# Continuous Assurance Audit Log
/data/data/com.termux/files/home/HHI/HHI_Local_AI_Governance_Framework/audits/INITIAL_AUDIT_LOG.md:5:- Decision Boundary enforcement active
/data/data/com.termux/files/home/HHI/HHI_Local_AI_Governance_Framework/diagrams/EDGE_GOVERNANCE_STACK.md:10:Decision Boundary Enforcement
/data/data/com.termux/files/home/HHI/HHI_Local_AI_Governance_Framework/diagrams/EDGE_GOVERNANCE_STACK.md:12:Behavioral Drift Monitor
/data/data/com.termux/files/home/HHI/HHI_Local_AI_Governance_Framework/diagrams/EDGE_GOVERNANCE_STACK.md:16:Stop Authority Controls
/data/data/com.termux/files/home/HHI/HHI_Local_AI_Governance_Framework/diagrams/EDGE_GOVERNANCE_STACK.md:18:Governance Telemetry
/data/data/com.termux/files/home/HHI/HHI_Local_AI_Governance_Framework/diagrams/EDGE_GOVERNANCE_STACK.md:20:Continuous Assurance Reporting
/data/data/com.termux/files/home/HHI/HHI_Local_AI_Governance_Framework/diagrams/EDGE_GOVERNANCE_STACK.md:31:- Execution-Time Governance framework
/data/data/com.termux/files/home/HHI/HHI_Local_AI_Governance_Framework/diagrams/EDGE_GOVERNANCE_STACK.md:32:- Behavioral Drift monitoring model
/data/data/com.termux/files/home/HHI/HHI_Local_AI_Governance_Framework/diagrams/EDGE_GOVERNANCE_STACK.md:33:- Decision Boundary controls
/data/data/com.termux/files/home/HHI/HHI_Local_AI_Governance_Framework/diagrams/EDGE_GOVERNANCE_STACK.md:34:- Stop Authority enforcement matrix
/data/data/com.termux/files/home/HHI/HHI_Local_AI_Governance_Framework/diagrams/EDGE_GOVERNANCE_STACK.md:35:- Governance telemetry schema
/data/data/com.termux/files/home/HHI/HHI_Local_AI_Governance_Framework/diagrams/EDGE_GOVERNANCE_STACK.md:37:- Continuous Assurance audit structure
/data/data/com.termux/files/home/HHI/HHI_Local_AI_Governance_Framework/diagrams/EDGE_GOVERNANCE_STACK.md:40:- Checksum integrity generation
/data/data/com.termux/files/home/HHI/HHI_Local_AI_Governance_Framework/.github/workflows/governance-check.yml:28:      - name: Generate checksum manifest
/data/data/com.termux/files/home/HHI/HHI_Local_AI_Governance_Framework/.github/workflows/governance-check.yml:30:          find . -type f ! -path "./.git/*" -exec sha256sum {} \; > CHECKSUMS.sha256
/data/data/com.termux/files/home/HHI/HHI_Local_AI_Governance_Framework/README.md:21:HHI_Local_AI_Governance_Framework introduces Execution-Time Governance for decentralized AI systems through:
/data/data/com.termux/files/home/HHI/HHI_Local_AI_Governance_Framework/README.md:22:- Behavioral Drift monitoring
/data/data/com.termux/files/home/HHI/HHI_Local_AI_Governance_Framework/README.md:24:- Stop Authority enforcement
/data/data/com.termux/files/home/HHI/HHI_Local_AI_Governance_Framework/README.md:25:- runtime governance telemetry
/data/data/com.termux/files/home/HHI/HHI_Local_AI_Governance_Framework/README.md:27:- Continuous Assurance
/data/data/com.termux/files/home/HHI/HHI_Local_AI_Governance_Framework/README.md:31:- Decision Boundary enforcement
/data/data/com.termux/files/home/HHI/HHI_Local_AI_Governance_Framework/README.md:32:- Runtime Behavioral Drift detection
/data/data/com.termux/files/home/HHI/HHI_Local_AI_Governance_Framework/README.md:34:- Stop Authority activation
/data/data/com.termux/files/home/HHI/HHI_Local_AI_Governance_Framework/README.md:35:- Governance Telemetry continuity
/data/data/com.termux/files/home/HHI/HHI_Local_AI_Governance_Framework/README.md:38:- Continuous Assurance reporting
/data/data/com.termux/files/home/HHI/HHI_Local_AI_Governance_Framework/README.md:74:- Execution-Time Governance
/data/data/com.termux/files/home/HHI/HHI_Local_AI_Governance_Framework/README.md:75:- Governance Telemetry Continuity
/data/data/com.termux/files/home/HHI/HHI_Local_AI_Governance_Framework/README.md:76:- Behavioral Drift Monitoring
/data/data/com.termux/files/home/HHI/HHI_Local_AI_Governance_Framework/README.md:79:- Stop Authority Enforcement
/data/data/com.termux/files/home/HHI/HHI_Local_AI_Governance_Framework/README.md:83:- Continuous Assurance Automation
/data/data/com.termux/files/home/HHI/HHI_Local_AI_Governance_Framework/README.md:99:- Stop Authority activation
/data/data/com.termux/files/home/HHI/HHI_Local_AI_Governance_Framework/README.md:105:This repository includes an operational execution-time governance runtime demonstrating:
/data/data/com.termux/files/home/HHI/HHI_Local_AI_Governance_Framework/README.md:107:- Behavioral Drift escalation
/data/data/com.termux/files/home/HHI/HHI_Local_AI_Governance_Framework/README.md:108:- Decision Boundary enforcement
/data/data/com.termux/files/home/HHI/HHI_Local_AI_Governance_Framework/README.md:109:- Stop Authority monitoring
/data/data/com.termux/files/home/HHI/HHI_Local_AI_Governance_Framework/README.md:110:- append-only governance telemetry
/data/data/com.termux/files/home/HHI/HHI_Local_AI_Governance_Framework/README.md:111:- checksum-bound runtime evidence persistence
/data/data/com.termux/files/home/HHI/HHI_Local_AI_Governance_Framework/GOVERNANCE_ARCHITECTURE.md:11:Decision Boundary Enforcement
/data/data/com.termux/files/home/HHI/HHI_Local_AI_Governance_Framework/GOVERNANCE_ARCHITECTURE.md:13:Behavioral Drift Monitor
/data/data/com.termux/files/home/HHI/HHI_Local_AI_Governance_Framework/GOVERNANCE_ARCHITECTURE.md:17:Stop Authority Controls
