===== /data/data/com.termux/files/home/.config/HHI_ORG_README =====
2025-12-12 23:50:46 -0600 3cf1049 Initial commit
2025-12-13 01:59:48 -0600 22661ad Create README.md
2025-12-31 14:23:03 -0600 62be568 Update README.md
2026-01-01 15:35:40 -0600 3010194 Update README.mdDlogan
2026-01-01 15:43:48 -0600 c4a669e Update README.md
2026-01-03 10:37:27 -0600 36bc5d9 Update README.md
2026-01-07 18:42:48 -0600 0c2a25c Update README.md
2026-01-11 10:18:12 -0600 0304cfe Update README.md
2026-01-15 12:25:16 -0600 1df5911 Update README.md
2026-01-15 12:53:41 -0600 78c0491 Update README.md
2026-01-24 02:52:36 -0600 234dcfa Update README.md
2026-01-24 02:53:09 -0600 d548f27 Update README.md
2026-01-19 12:46:55 -0600 dd2d013 Establish canonical organization authority and scope
2026-03-09 20:31:35 -0500 3a9944b Establish organization governance infrastructure
2026-03-12 22:01:49 -0500 b974972 Create copilot-instructions.md
2026-03-12 22:03:04 -0500 08ba541 Rename .github/copilot-instructions.md to .copilot-instructions.md
2026-03-14 09:36:23 -0500 e63c07c Update README.md
2026-03-15 02:03:29 -0500 c0ea46b Add Hollow House Institute organization profile README (Behavioral AI Governance)
2026-03-15 02:05:33 -0500 0494c65 Add SEO definition sections for Behavioral AI Governance, Governance Drift, and Execution-Time Governance
2026-04-04 20:56:04 -0500 80d9669 governance: enforce decision boundary, stop authority, telemetry
2026-04-04 20:56:59 -0500 32bef38 governance: strengthen decision boundary, add failure telemetry, enforce escalation
2026-04-04 20:58:18 -0500 73964e8 governance: org-wide enforcement, telemetry persistence, escalation binding
2026-04-04 20:59:29 -0500 dbd103b governance: checksum, licensing, dataset integrity enforcement
2026-04-04 22:31:53 -0500 5fa28dc release audit: signed checksums, strict schema validation, DOI-linked export
2026-04-04 22:41:03 -0500 813e7d1 governance: escalation persistence + audit registry + DOI binding
2026-04-04 22:45:29 -0500 170e15f fix: ensure repos dir exists, prevent empty API failure, stabilize enforcement runtime
2026-04-04 22:54:16 -0500 17912cd fix: resolve shell syntax error in repo fetch command
2026-04-04 22:59:11 -0500 cb71cbf fix: clean repo fetch syntax
2026-04-04 23:00:09 -0500 2074b5f fix: correct org + stable repo fetch
2026-04-04 23:01:30 -0500 315db8a fix: align API org with runtime org variable
2026-04-04 23:11:55 -0500 32e10d1 ENFORCEMENT: Add Decision Boundary, Stop Authority, Escalation, Telemetry
2026-04-04 23:15:10 -0500 2bc45d0 REMOVE: Non-canonical governance enforcement (Authority correction)
2026-04-04 23:15:21 -0500 8bc1d20 ENFORCEMENT: Convert org repo to relay-only
2026-05-05 11:47:58 -0500 5821223 bind: org-level DOI (execution governance proof)
2026-05-14 17:33:16 -0500 ba4656c Update org profile README for public graspability
2026-05-15 07:58:27 -0500 144e53a Add governance ecosystem layer mapping to org README
2026-05-15 08:33:19 -0500 66a950d Add ecosystem onboarding and architecture continuity overview
2026-05-15 08:33:44 -0500 4d123b3 Add ecosystem onboarding and architecture continuity overview
2026-05-19 21:41:39 -0500 3876e6f Update README.md
2026-05-20 00:59:15 -0500 e8da5c1 Add governance telemetry visual to org profile
2026-05-20 20:33:02 -0500 dbb91fb Refactor org README for cleaner runtime governance architecture presentation
===== /data/data/com.termux/files/home/HHI/Ai_Human_Relations_Datasets =====
2025-11-23 16:21:22 -0600 6a86e85 Add files via upload
2025-11-23 16:25:01 -0600 4fa77de Revise institution name and citation in README
2025-11-24 00:11:05 -0600 fda4a04 Update README.md with new dataset information
2025-11-24 00:13:46 -0600 b5276c8 Update README.md
2025-11-24 00:14:19 -0600 2dc7383 Add Relational Field OPS Dataset details to README
2025-11-24 00:14:49 -0600 4103723 Update and rename README.md to Docs/README.md
2025-11-24 00:16:41 -0600 ba09480 Add Data Dictionary for Relational Field OPS Dataset
2025-11-24 00:18:01 -0600 7412c1d Create Schema.JSON for relational_field_ops_dataset
2025-11-27 13:08:28 -0600 1e69b21 Create Onboarding _researchers.md
2025-11-27 13:09:56 -0600 a58abf2 Create Onboarding _therapist.md
2025-11-27 13:10:44 -0600 9964e52 Create Onboarding_ai_labs.md
2025-11-27 13:12:49 -0600 435ca1e Update Data_dictonary.md
2025-11-27 14:31:35 -0600 e8ff158 Update and rename ai_coregulation_log.csv to processed/ai_coregulation_log.csv
2025-11-27 14:32:15 -0600 64bbdc9 Update and rename field_sensation_log.csv to processed/field_sensation_log.csv
2025-11-28 15:42:09 -0600 da99cfe Update README.md
2025-11-28 15:44:06 -0600 3c42bbd Update README.md
2025-11-28 15:46:48 -0600 ec941d3 Update LICENSE.md
2025-12-02 03:18:21 -0600 4c21b07 Delete LICENSE.txt
2025-12-02 03:19:50 -0600 760a505 Update README.md
2025-12-02 03:21:01 -0600 9b433bc Update LICENSE.md
2026-01-14 12:45:59 -0600 9c78de9 Update README.md
2026-01-14 12:50:13 -0600 f0271cf Update README.md
2026-01-14 13:46:25 -0600 2310054 Create README.md
2026-01-14 13:49:41 -0600 cd2ec5f Create DATASET_CARD.md
2026-01-14 13:51:06 -0600 60a33e2 Create LICENSE_BINDING.md
2026-01-14 13:52:31 -0600 c5d6e14 Create ACCESS_POLICY.md
2026-01-14 13:52:58 -0600 078ad57 Create SECURITY.md
2026-01-14 13:53:40 -0600 019a3f6 Create CITATION.md
2026-01-14 13:54:03 -0600 89a9b0e Create ATTESTATION.md
2026-01-15 12:38:59 -0600 ebe7bd6 Update README.md
2026-01-17 23:49:54 -0600 6bb4f62 Bind repository governance to HHI-GOV-01
2026-02-03 17:57:18 -0600 c236533 Add canonical lock manifest and dataset checksums
2026-02-18 11:30:26 -0600 a16d21b Add HHI governance header and diagram
2026-02-18 15:40:15 -0600 37879c3 chore: add HHI governance reference
2026-04-19 09:01:28 -0500 a24ca8e sync: authority + audit + enforcement layer
2026-05-15 11:26:57 -0500 22f8899 Initialize AI lab-ready longitudinal governance dataset architecture
2026-05-15 11:30:08 -0500 e05d508 Add research-grade dataset governance and replay infrastructure
2026-05-15 11:30:39 -0500 472c595 Add research applications privacy governance and telemetry examples
2026-05-15 11:31:20 -0500 85b1f6a Add lineage replay and governance interoperability models
2026-05-15 11:32:05 -0500 22a0ae2 Add lineage schemas governance event bus and replay export tooling
2026-05-20 02:21:20 -0500 038d5f7 Add HHI governed authorship provenance artifacts
2026-05-20 02:34:59 -0500 58cf178 Add HHI governed authorship provenance artifacts
2026-05-22 14:42:51 -0500 1d1dd78 research: add governance survivability and runtime artifact appendices
2026-05-22 14:49:50 -0500 8e69c46 research: add runtime governance flow and operational scenario appendices
===== /data/data/com.termux/files/home/HHI/Governance_Infrastructure_Layer =====
2026-04-01 19:53:31 -0500 ccbcf68 Initial governance infrastructure deliverables
2026-04-01 21:52:17 -0500 66654ae Add full HHI governance system: drift, escalation, assurance, metadata, reports
2026-04-01 21:55:58 -0500 09a9fc8 Add HHI next-level governance intelligence layer: dashboard, routing, maps, enforcement, guardian
2026-04-01 21:58:57 -0500 36f5549 Add Continuous Governance Daemon, Health Engine, and Supervisor
2026-04-01 21:59:58 -0500 d18ee48 Add HHI Governance CLI, API layer, evidence normalizer, and telemetry visualizer
2026-04-01 22:03:19 -0500 c9e7596 Add global hhi entrypoint and top-level GOVERNANCE.md
2026-04-01 22:08:19 -0500 48d1b50 Finalize policy compiler permissions
2026-04-02 01:24:01 -0500 e1078a4 Add Execution-Time Governance, Telemetry, Interaction Trace, and Accountability layers
2026-04-02 01:25:46 -0500 5598b6d Add Continuous Assurance, Telemetry, Drift Detection, and Bound Accountability
2026-04-02 01:30:35 -0500 f5ad2ab Add CI runtime governance: telemetry + thresholds + artifact logging
2026-04-02 01:36:46 -0500 fc811dd Enforce severity telemetry, mandatory escalation, hard stop authority, backend control, interaction trace UI, and thresholds
2026-04-02 01:44:50 -0500 b94cf88 HHI: Add execution-time governance runtime (drift, escalation, accountability, telemetry)
2026-04-02 07:40:04 -0500 882028b Release: Governance Infrastructure Layer — Execution-Time Governance
2026-04-02 19:41:44 -0500 c38b3af Upgrade landing page to enterprise-grade UI with live governance telemetry and status
2026-04-02 19:42:57 -0500 08ec73e Add role-based dashboard (CFO / CTO / Audit views)
2026-04-02 19:43:58 -0500 d47e58d Add role-based access control (CFO/CTO/Audit enforced at backend)
2026-04-02 19:44:40 -0500 62e83d6 Add JWT auth, expiring sessions, and per-request audit binding
2026-04-02 21:21:19 -0500 db70e33 Fix shebang line for GitHub Actions runner compatibility in generate_metrics.sh
2026-04-03 16:12:53 -0500 7afb2be Updated shebang line in thresholds.sh
2026-04-03 21:50:06 -0500 b570ff4 Initial commit: governance engine + README
2026-04-03 21:52:25 -0500 c75d3a3 Resolve README merge conflict with final version
2026-04-03 22:10:18 -0500 4aacca6 Remove node_modules and add gitignore
2026-04-04 23:57:19 -0500 b24cd65 Fix README: clarify server must be running before curl
2026-04-05 00:03:28 -0500 429d75a Update README and add start script
2026-04-03 16:19:36 -0500 d3d3aa5 Fix: correct Termux shebangs and remove interactive read prompt
2026-04-13 09:29:58 -0500 091d985 fix: stabilize workflows + checksum exclusions
2026-04-13 09:31:45 -0500 6005740 wip: finalize local changes before rebase
2026-04-13 09:39:55 -0500 85e4b3a fix: make threshold enforcement non-blocking
2026-04-14 12:19:37 -0500 5dd79be fix: stabilize workflows + checksum
2026-04-19 10:10:18 -0500 c171559 sync: authority + audit + enforcement layer
2026-04-21 20:45:01 -0500 180952b Clarify purpose statement and add Authority Block with governance layer declaration
2026-05-15 08:19:00 -0500 d3e0c9d Add canonical ecosystem architecture and README governance standards
2026-05-15 08:21:26 -0500 366e1ad Add ecosystem architecture checksum manifest
2026-05-15 08:22:36 -0500 4389972 Add canonical repository role matrix
2026-05-15 08:24:02 -0500 70a7a43 Add ecosystem system map and visual architecture diagrams
2026-05-15 08:26:53 -0500 8f994b7 Add README normalization, duplication reduction, and website onboarding strategy plans
2026-05-15 10:53:58 -0500 f07a712 Add canonical ecosystem asset inventory registry
2026-05-19 11:45:08 -0500 c2b06da Add authority graph ecosystem topology
2026-05-20 00:34:21 -0500 17aa2b7 Add org-wide remediation governance kit
2026-05-20 00:34:23 -0500 892d996 Add remediation kit checksum manifest
2026-05-20 00:38:18 -0500 79efbb3 Add normalized governance blueprint and remediation controls
2026-05-20 00:39:51 -0500 0e5e57d Add governance lineage and runtime continuity validators
2026-05-20 00:41:19 -0500 a6f4195 Add governance telemetry observability and survivability layer
2026-05-20 00:44:09 -0500 e4318b6 Add runtime persistence APIs portability and assurance layer
2026-05-20 00:45:07 -0500 22c2aa8 Add governance dashboard feeds and SIEM observability adapters
2026-05-20 00:45:09 -0500 c5dee1a Add observability layer checksum manifest
2026-05-20 02:21:22 -0500 c1074f3 Add HHI governed authorship provenance artifacts
2026-05-20 03:48:04 -0500 38c8b2c Refresh governance checksum manifest
2026-05-20 03:48:39 -0500 45c6870 Add required governance provenance artifacts
2026-05-20 03:50:58 -0500 a73fa34 Normalize governance enforcement state
2026-05-20 03:55:01 -0500 fbe8c76 Add required governance enforcement terminology
2026-05-22 19:48:53 -0500 df33e15 governance: add ecosystem data classification policy
2026-05-22 19:49:42 -0500 98d5530 governance: define archive lineage boundaries
2026-05-22 19:52:39 -0500 5c2adde governance: add namespace normalization guidance
2026-05-22 20:08:09 -0500 b2152aa governance: add ecosystem observability and replay inventories
===== /data/data/com.termux/files/home/HHI/HHI_Behavioral_Drift_Monitor =====
2026-05-06 13:27:15 -0500 6fca985 Initialize Behavioral Drift Monitor runtime governance baseline
2026-05-06 13:27:31 -0500 a631f34 Add drift classification and governance telemetry artifacts
2026-05-06 13:27:51 -0500 f403e15 Add governance standards crosswalk baseline
2026-05-06 13:28:44 -0500 487cc27 Add runtime governance risk register
2026-05-06 13:28:59 -0500 73bc1b3 Add Stop Authority governance gate and risk register
2026-05-06 13:29:30 -0500 71e399e Add audit export pipeline and governance metrics dashboard
2026-05-06 13:30:16 -0500 393550b Add runtime telemetry ingestion utility
2026-05-06 13:30:24 -0500 c00357b Refresh canonical checksums for telemetry ingestion layer
2026-05-06 13:31:31 -0500 5dc82ae Add governance runtime API surface
2026-05-06 13:33:36 -0500 feee262 Add Stop Authority escalation test scenario
2026-05-06 13:34:39 -0500 299e5ac Add continuous runtime governance daemon
2026-05-06 13:37:12 -0500 0f16d07 Finalize Behavioral Drift Monitor operational README
2026-05-06 13:37:23 -0500 77907b1 Refresh canonical checksums after operational README finalization
2026-05-10 05:29:00 -0500 00ff521 Normalize canonical organization namespace references across governance infrastructure
2026-05-10 05:31:05 -0500 749c947 Normalize runtime artifact exclusions and repository continuity state
2026-05-20 02:21:24 -0500 12022fd Add HHI governed authorship provenance artifacts
2026-05-22 11:40:14 -0500 e82c245 Add stop authority continuity evidence artifact
===== /data/data/com.termux/files/home/HHI/HHI_Behavioral_Governance_Audit =====
2026-05-05 19:17:11 -0500 6054d0b init: HHI Behavioral Governance Audit infrastructurecd
2026-05-05 19:17:18 -0500 5c334c3 init: HHI Behavioral Governance Audit infrastructure
2026-05-05 19:18:19 -0500 cf6e2f3 log: governance audit authority chain initialized
2026-05-05 19:19:20 -0500 e416bc4 init: flagship multi-agent behavioral governance audit
2026-05-05 19:21:05 -0500 165f980 init: governance simulation audit scenario
2026-05-05 19:22:41 -0500 9b42278 log: flagship audit governance telemetry continuity
2026-05-05 19:23:11 -0500 0721594 add: executive governance summary artifact
2026-05-05 19:24:03 -0500 510a5d7 add: governance audit visibility index
2026-05-05 19:24:52 -0500 933151a log: public authority distribution initialized
2026-05-05 19:25:57 -0500 dbd3ccb add: DOI binding metadata for flagship governance audit
2026-05-05 19:32:02 -0500 ca063f2 fix: prepare clean Zenodo metadata for audit DOI
2026-05-10 04:39:32 -0500 72235e3 Add AquariuOS governance interoperability audit message proof
2026-05-10 04:41:08 -0500 94fb3c0 Add AquariuOS interoperability governance telemetry evidence
2026-05-10 05:28:58 -0500 7869802 Normalize canonical organization namespace references across governance infrastructure
2026-05-10 05:31:03 -0500 8dcd0af Normalize runtime artifact exclusions and repository continuity state
2026-05-20 02:21:24 -0500 c12e1c7 Add HHI governed authorship provenance artifacts
===== /data/data/com.termux/files/home/HHI/HHI_CAISI_Governance_Framework =====
2026-05-07 09:38:04 -0500 4de064b Initialize CAISI governance framework repository
2026-05-10 05:29:01 -0500 67df3d2 Normalize canonical organization namespace references across governance infrastructure
2026-05-10 05:31:06 -0500 c4a3818 Normalize runtime artifact exclusions and repository continuity state
2026-05-20 02:21:26 -0500 9387798 Add HHI governed authorship provenance artifacts
===== /data/data/com.termux/files/home/HHI/HHI_Career_Runtime =====
2026-05-12 13:45:29 -0500 aec9853 Initialize career transition runtime infrastructure
2026-05-12 13:46:34 -0500 ce22a28 Add certification and professional translation roadmap
2026-05-12 13:46:57 -0500 e5475b3 Add professional positioning profile
2026-05-12 13:48:16 -0500 f8d8051 Add resume draft, case studies, certification tracker, and application tracking infrastructure
2026-05-12 13:49:00 -0500 4660661 Add 30 day execution plan and LinkedIn positioning draft
2026-05-12 13:49:40 -0500 c71a1d6 Add resume v1, weekly tracker, and interview preparation infrastructure
2026-05-12 13:51:05 -0500 1fb5eeb Add longitudinal commit history log
2026-05-12 13:51:15 -0500 e09933a Add commit history governance audit
2026-05-12 13:53:11 -0500 c27dfe9 Add screenshot proof and AI co-creation evidence infrastructure
2026-05-12 13:54:02 -0500 609ee24 Add structured evidence annotation and collection system
2026-05-12 13:59:29 -0500 d644b96 Add unmistakable GitHub onboarding guide
2026-05-12 14:02:04 -0500 d358157 Log DEV governance portfolio challenge evidence
2026-05-12 14:14:30 -0500 21e4eab Add Gemma 4 runtime governance challenge evidence
2026-05-12 14:17:06 -0500 dec9a3f Add Gemma 4 runtime governance discussion evidence
2026-05-12 14:17:16 -0500 eac7f5a Add Gemma 4 build runtime governance evidence
2026-05-12 15:21:32 -0500 2a695d5 Add freelance governance positioning and professional resume infrastructure
2026-05-12 18:16:38 -0500 57209fd Transform career runtime into operational governance portfolio
2026-05-12 18:18:05 -0500 dbe140d Expand portfolio with services, challenge work, resume, and architecture evidence
2026-05-13 02:18:37 -0500 e89894f Remove resume artifacts from career runtime
2026-05-14 11:59:41 -0500 a63c8a2 Normalize public authority references to Hollow House Institute
2026-05-14 14:49:54 -0500 f7dfc0b Make career runtime job-ready with resume and portfolio structure
2026-05-14 15:10:39 -0500 d9b4bea Add curated operational governance proof portfolio
2026-05-15 06:20:48 -0500 6491a73 Add HHI start here navigation layer
2026-05-15 06:21:14 -0500 ef6cb7c Add HHI professional services layer
2026-05-15 06:22:22 -0500 2ab9093 Add HHI repository system map
2026-05-15 07:59:25 -0500 ff71a2e Standardize top five HHI repository navigation
2026-05-19 11:59:00 -0500 7b591b3 Strengthen career portfolio README positioning
2026-05-19 12:08:53 -0500 caaf85a Add portfolio index and correct career runtime authority mapping
2026-05-19 12:09:31 -0500 3c17a33 Add client deliverables and portfolio navigation
2026-05-19 12:10:08 -0500 5f9368a Add governance proof index and evidence navigation
2026-05-19 12:11:30 -0500 e2260bd Add executive summary and strengthen recruiter-facing positioning
2026-05-19 12:53:39 -0500 cf9390a Add hiring manager brief and 90 day governance operational plan
2026-05-19 13:50:24 -0500 b24a0d8 Add runtime governance proof artifacts and audit evidence samples
2026-05-19 16:22:47 -0500 b2c46a5 Add governance case study evidence artifacts
2026-05-19 16:24:58 -0500 874d23a Add executive overview, capability sheet, visuals section, and application tracking
2026-05-19 16:30:11 -0500 73cc33d Add governance runtime proof visuals to portfolio
2026-05-20 02:14:37 -0500 d696843 Update README.md
2026-05-20 03:35:46 -0500 38a7de9 Initialize HHI Career Runtime provenance layer
2026-05-20 03:39:30 -0500 7cfb8b4 Add repository integrity manifest
2026-05-20 04:00:18 -0500 9cd2a3f Bind canonical DOI provenance to README
===== /data/data/com.termux/files/home/HHI/HHI_GOV_01 =====
2026-01-15 20:11:10 -0600 63fcbbb Create HHI-GOV-01.md
2026-01-15 20:12:45 -0600 fe635d0 Create README.md
2026-01-15 20:14:01 -0600 dc01290 Create LICENSE.md
2026-01-15 22:36:49 -0600 22e2097 Add files via upload
2026-01-17 23:12:55 -0600 5a0dd1d HHI-GOV-01 v1.0 — Canonical governance definition and versioning
2026-01-17 23:38:27 -0600 285d17c Bind org-wide governance authority to HHI-GOV-01
2026-01-17 23:51:08 -0600 1058f86 Add governance diagram pack scaffold
2026-01-17 23:54:04 -0600 322f898 Add enterprise governance audit report template
2026-01-17 23:54:31 -0600 e4861e7 Add CI governance enforcement check
2026-01-17 23:56:43 -0600 661a11a Add public governance explainer
2026-01-17 23:57:08 -0600 4035a27 Add governance–license enforcement crosswalk
2026-01-18 03:23:12 -0600 eee1cef Add governance audit scorecard
2026-01-18 03:24:14 -0600 04c1f18 Add governance scoring calculator
2026-01-18 03:25:40 -0600 da67b48 Add enterprise governance audit report template
2026-01-18 03:26:03 -0600 8973e68 Add governance evidence checklist
2026-01-18 09:40:22 -0600 5826b1d Define dataset governance inheritance rules
2026-01-18 09:40:51 -0600 42552cb Add standard dataset governance header
2026-01-18 09:42:03 -0600 08ee243 Apply HHI_GOV_01 governance inheritance to datasets
2026-01-18 09:49:59 -0600 c3b581c Bind HHI_GOV_01 governance to license enforcement
2026-01-18 09:52:35 -0600 8c53e9c Add public governance explainer
2026-01-18 09:53:19 -0600 4e59bd4 Add governance diagram pack scaffold
2026-01-18 09:56:41 -0600 432c753 Add public positioning statement
2026-01-18 10:03:06 -0600 2d7b68a Add governance audit commercial offer
2026-01-18 10:03:35 -0600 39bde90 Add governed dataset licensing offer
2026-01-18 10:04:06 -0600 aa4441b Add governance-first advisory offer
2026-01-18 10:04:36 -0600 5491800 Add governance services sales index
2026-01-18 10:05:05 -0600 359f9d3 Add invoice boilerplate for governance services
2026-01-18 10:07:48 -0600 ddd505a Add governance certification specification
2026-01-18 10:08:39 -0600 6511251 Add reusable CI governance check template
2026-01-18 10:09:39 -0600 30e5cb3 Add governance CI service offer
2026-01-18 10:10:16 -0600 8026e8e Add recurring governance audit program
2026-01-18 10:10:51 -0600 6194da5 Add governance service delivery checklist
2026-01-18 10:12:28 -0600 9eb3aed Add master offerings index
2026-01-18 10:12:58 -0600 e0b43c7 Add enterprise governance bundle
2026-01-18 10:13:42 -0600 e5ebeab Add launch statement
2026-01-18 10:14:46 -0600 23d837e Define delegation boundaries
2026-01-18 10:15:13 -0600 46f5fa8 Add contractor playbook
2026-01-18 10:17:41 -0600 9235f09 Add client intake questionnaire
2026-01-18 23:07:40 -0600 08349fc Bind HHI-GOV-01 to upstream authority chain
2026-01-19 09:16:33 -0600 1436b4c Stabilize governance check workflow (manual execution)
2026-01-19 12:48:26 -0600 c69bd47 Add governance-lock authority notice
2026-01-20 01:03:57 -0600 2cfc0d4 Update README.md
2026-01-22 19:12:03 -0600 26fd5ef Readiness: make governance canon explicit
2026-01-24 23:19:52 -0600 9f93526 Merge branch 'main' into readiness-clarity
2026-01-24 23:20:04 -0600 db75217 Merge pull request #1 from hollowhouseinstitute/readiness-clarity
2026-02-02 12:28:38 -0600 da06da7 Update README.md
2026-02-03 17:25:13 -0600 9ad590d Add governance lock notice for HHI_GOV_01
2026-02-04 16:02:57 -0600 4417a8d Add canonical checksums for governance lock
2026-02-05 17:53:26 -0600 4c0d13c add execution-time governance workflow diagram
2026-02-05 17:55:32 -0600 ca88186 docs: reference execution-time governance workflow diagram
2026-02-05 17:55:59 -0600 bf19053 lock: add execution-time governance workflow diagram checksum
2026-02-05 18:04:40 -0600 8c44786 lock: add checksum for execution-time governance workflow diagram
2026-02-05 18:05:31 -0600 b110b49 lock: register execution-time governance workflow diagram
2026-02-06 20:44:58 -0600 dfb3935 fix(ci): quote on key and repair governance-check workflow YAML
2026-02-06 20:52:35 -0600 2bc50a0 build(governance): add approval, lock, and enforcement scaffolding
2026-02-09 13:32:31 -0600 7d166e4 build(governance): add drift metrics pack, compliance matrix, and implementation patterns
2026-02-09 13:39:12 -0600 f4fbba2 build(governance): normalize clauses, add compliance template, wire evidence paths, map metrics
2026-02-09 13:43:36 -0600 7f5dece build(governance): add ISO/NIST crosswalks, CI gate, and audit pack tooling
2026-02-10 02:05:25 -0600 81cad45 docs(governance): add research outputs TOC mapped to standards
2026-02-10 02:07:28 -0600 7583a97 docs(governance): add research outputs table of contents
2026-02-10 02:20:55 -0600 e5e7a69 chore: ignore local audit and packaging artifacts
2026-02-11 09:17:37 -0600 2eca978 Add non-authoritative reference to downstream audit evidence
2026-02-12 07:50:31 -0600 ea64ecb docs: add non-authoritative downstream evidence reference
2026-02-12 10:58:22 -0600 4fc2678 docs(governance): add canonical HHI-GOV-01 standard document
2026-02-14 14:35:34 -0600 de48df4 chore(governance): validate and lint governance CI workflow
2026-02-14 14:38:47 -0600 bbdb1ce ci(governance): add governance check script for CI enforcement
2026-02-14 21:56:15 -0600 55467e8 docs(governance): add human regulator control profile + training guide; instrument compliance rows
2026-02-14 21:56:54 -0600 fac3cb7 chore(integrity): add checksums for NSG-TB human regulator artifacts
2026-02-18 15:39:58 -0600 3e90b88 chore: add HHI governance reference
2026-03-15 02:17:09 -0500 1a30547 Disable GitHub Actions workflows (not required for standards repository)
2026-03-15 03:43:48 -0500 982a1ac Add Master Prompt Specification reference
2026-03-15 20:38:21 -0500 b458c8b Add explicit glossary identifier references linking governance standard to canonical terminology
2026-03-15 20:39:14 -0500 8e102eb Add governance diagram, scenarios, terminology references, citation metadata, and conformance checklist for HHI_GOV_01
2026-03-17 20:39:27 -0500 1f270bf Add canonical governance enforcement block (terminology propagation)
2026-03-19 20:05:07 -0500 b2e8b9e Add system map + checksums for audit integrity
2026-03-31 17:56:55 -0500 2cbe054 Add SYSTEM_MAP (cross-layer authority binding)
2026-03-31 18:00:40 -0500 0308a80 Add governance-check workflow (Execution-Time enforcement)
2026-03-31 18:03:01 -0500 d21d3be Upgrade to governance-check v2 (Authority + integrity enforcement)
2026-03-31 18:08:28 -0500 3064eed Upgrade to governance-check v3 (audit-grade enforcement)
2026-03-31 18:11:45 -0500 c88ba74 Repair org governance alignment for v3 enforcement
2026-03-31 18:21:01 -0500 47d5e80 Trigger governance run
2026-03-31 18:22:41 -0500 6550b4e Allow artifact generation on failure (telemetry fix)
2026-03-31 18:22:56 -0500 703ab44 Trigger telemetry-safe run
2026-03-31 18:24:22 -0500 152be46 Force artifact generation (v4 fix)
2026-03-31 18:24:42 -0500 b723f15 Trigger artifact fix
2026-03-31 18:26:03 -0500 6ee760a Rebuild workflow (v4 stable)
2026-03-31 18:26:13 -0500 a1dc666 Trigger clean workflow
2026-03-31 18:27:33 -0500 87dcf8e Install minimal working workflow (debug)
2026-03-31 18:27:42 -0500 1f41c28 Trigger minimal workflow
2026-03-31 18:29:09 -0500 0305336 Clean CI state
2026-03-31 18:31:20 -0500 c0dc1cf Upgrade to production governance workflow
2026-04-02 17:22:11 -0500 8a78e29 Inject Execution-Time Governance system (CI + telemetry + enforcement)
2026-04-13 09:29:52 -0500 f434829 fix: stabilize workflows + checksum exclusions
2026-04-13 09:50:27 -0500 9398021 fix: correct duplicate on block in workflow
2026-04-13 09:53:00 -0500 a67c0a8 fix: make license enforcement non-blocking
2026-04-13 09:54:53 -0500 095f4bc fix: replace invalid heredoc with safe JSON output
2026-04-13 09:56:59 -0500 e585b09 fix: replace broken workflow with valid YAML
2026-04-14 12:19:07 -0500 48c3fa2 fix: stabilize workflows + checksum
2026-04-19 10:10:46 -0500 e28913c sync: authority + audit + enforcement layer
2026-04-27 19:02:51 -0500 41393d2 fix: checksum alignment
2026-04-27 19:03:01 -0500 7de5ac3 trigger: governance-check rerun
2026-04-28 08:07:30 -0500 054e186 fix: exclude .github from license drift scan
2026-04-28 08:07:42 -0500 82e996e trigger: governance-enforce rerun
2026-04-28 08:09:54 -0500 2d7a2b1 trigger: governance-enforce rerun
2026-04-28 08:19:30 -0500 069fae3 fix: add Hollow_House_Institute as submodule with correct URL
2026-04-29 10:04:56 -0500 879e60e mark: non-canonical dev repo
2026-04-30 12:22:41 -0500 08dc3a7 system_map: repair truncated authority links and restore integrity
2026-05-04 12:36:44 -0500 19a1809 add: HHI Execution-Time Governance Audit Proof (execution enforced)
2026-05-04 12:37:28 -0500 788ca53 enforce: governance telemetry + interaction trace (continuous assurance active)
2026-05-04 12:38:12 -0500 9d059d8 enforce: responsibility binding + interaction trace (control loop established)
2026-05-04 12:40:40 -0500 d29e8a6 log: governance hook activation (execution enforcement bound to telemetry)
2026-05-04 12:41:24 -0500 f09b179 enforce: remote Decision Boundary (GitHub Actions governance enforcement)
2026-05-04 12:42:10 -0500 9f8f406 enforce: escalation + intervention threshold (Stop Authority tied to failure frequency)
2026-05-04 12:42:48 -0500 ffe5200 export: execution-time governance audit proof (market-facing artifact)
2026-05-04 12:44:12 -0500 c4fd3d1 upgrade: governance telemetry log (longitudinal + structured)
2026-05-04 12:44:51 -0500 7c791fd add: AI Risk Register (derived from governance telemetry)
2026-05-04 13:34:19 -0500 bd387d6 fix: bind accountability + pass decision boundary
2026-05-04 13:37:41 -0500 715832e test: trigger decision boundary fail
2026-05-04 13:39:47 -0500 5849d61 audit: add failure interaction trace
2026-05-04 13:41:14 -0500 5b3aec2 release: audit bundle with checksum
2026-05-04 14:22:17 -0500 90116d7 cleanup: remove invalid submodule reference
2026-05-04 14:26:16 -0500 d1c052b docs: add execution-time governance release proof
2026-05-04 14:28:23 -0500 35e0e3f fix: reset telemetry to pass for release state
2026-05-04 14:29:45 -0500 c410f63 add: citation metadata for DOI binding
2026-05-05 10:39:07 -0500 0812a28 Update README.md
2026-05-05 10:40:56 -0500 892561b enforce: execution-time governance (Decision Boundary + Telemetry + Checksum)
2026-05-05 10:55:33 -0500 34fefc7 sync: rebase + checksum (governance aligned)
2026-05-05 10:56:35 -0500 5a30341 final: aligned with remote + checksum (governance enforced)
2026-05-05 10:57:21 -0500 e0574c6 fix: bind telemetry to commit (governance completeness)
2026-05-05 10:58:54 -0500 412eb7b log: governance telemetry event
2026-05-05 11:20:45 -0500 a222352 test: verify telemetry hook
2026-05-05 11:23:05 -0500 a123127 verify: telemetry enforcement
2026-05-05 11:25:41 -0500 1465c64 fix: include telemetry (complete governance binding)
2026-05-05 11:26:47 -0500 d1eb365 log: manual telemetry event
2026-05-05 11:27:35 -0500 4a7d5ec log: manual telemetry event
2026-05-05 11:28:31 -0500 53539ea log: post-hoc telemetry events (classified)
2026-05-05 11:29:09 -0500 961be07 log: post-hoc boundary (single event)
2026-05-05 11:30:05 -0500 3521042 fix: bind governance telemetry to commit (execution-time enforced)
2026-05-05 11:32:44 -0500 411a2ab rerun: trigger governance-check after runner acquisition failure
2026-05-05 11:33:46 -0500 619e4be log: runner acquisition failure (governance surface)
2026-05-05 11:34:43 -0500 459f29c rerun: validate governance after runner recovery
2026-05-05 11:44:27 -0500 10e5802 bind: DOI minted + telemetry + badge
2026-05-05 11:45:27 -0500 5cbb582 bind: DOI interaction trace (release → DOI → badge)
2026-05-05 11:49:57 -0500 be6ecfc log: full authority chain (release → DOI → org → verified)
2026-05-05 11:52:38 -0500 6ab87b0 init: decision boundary map + governance telemetry (execution-time enforcement)
2026-05-05 11:54:10 -0500 b813874 fix: Governance Execution Gate (escaped + enforced)
2026-05-05 11:55:12 -0500 b5b864b feat: Governance Telemetry Log Expansion (v1.1.0)
2026-05-05 11:56:26 -0500 687db82 add: Telemetry Validation Gate (v1.0.0)
2026-05-05 11:57:24 -0500 1f5ea48 add: Unified Governance Runner (v1.0.0)
2026-05-05 11:58:26 -0500 14c7f8c feat: Unified Governance Runner (v1.0.0, stop-authority bound)
2026-05-05 12:00:06 -0500 b140c11 add: Governance Coverage Enforcement (v1.0.0)
2026-05-05 12:01:26 -0500 83226d1 add: STOP Resolution Protocol (v1.0.0)
2026-05-05 12:02:18 -0500 a44caeb add: Governance Telemetry Dashboard (v1.0.0)
2026-05-05 12:03:02 -0500 6bf3ed9 add: Threshold-Based Governance Enforcement (v1.0.0)
2026-05-05 12:04:45 -0500 9b85b51 add: Threshold-Based Governance Enforcement (v1.0.0)
2026-05-05 13:05:14 -0500 361a560 add: Audit Export Layer (v1.0.0)
2026-05-05 13:12:24 -0500 fb054e1 log: DOI binding (10.5281/zenodo.REPLACE)
2026-05-05 13:14:08 -0500 6da7e17 fix: DOI binding (10.5281/zenodo.20042925)
2026-05-05 13:31:11 -0500 a02687b enforce: release-level execution-time governance binding
2026-05-05 13:31:52 -0500 ef8aab2 fix: deterministic telemetry→checksum binding (fail-closed)
2026-05-05 13:32:30 -0500 a42f0ad enforce: repository-level stop authority (governance fail-closed)
2026-05-05 13:33:01 -0500 9e240c5 enforce: authority chain binding (release→CI→DOI)
2026-05-05 13:33:44 -0500 d49dfde enforce: pre-release stop authority (fail-closed gate)
2026-05-05 13:34:26 -0500 69eed5f add: unified authority chain interaction trace (audit artifact)
2026-05-05 13:35:08 -0500 5630cad enforce: governance surface visibility (authority gate)
2026-05-05 13:35:37 -0500 bdcaeac add: standards crosswalk binding (ISO/NIST/EU AI Act)
2026-05-05 13:36:20 -0500 fadf0c8 add: governance state declaration (authority lock)
2026-05-05 13:38:11 -0500 821f271 add: unified governance backlog (telemetry + artifacts binding)
2026-05-05 13:41:51 -0500 af60702 governance: invalidate release v1.0.0-governance-lock (authority drift, post-hoc governance)
2026-05-05 13:45:33 -0500 5cf7a38 governance: invalidate external releases (no authority binding)
2026-05-05 13:50:15 -0500 80f6852 governance: DOI rebind (validated authority)
2026-05-05 13:52:26 -0500 08c34f6 governance: bind canonical DOI to authority release
2026-05-05 13:52:53 -0500 f776b94 log: DOI authority bound (execution-time-governance-v1.0.0)
2026-05-05 13:57:02 -0500 d404e7e fix: enforce repo boundary + remove STOP (execution-time governance)
2026-05-05 13:59:46 -0500 e3adcf8 fix: enforce DOI decision boundary (execution vs terminology)
2026-05-05 14:46:34 -0500 aeb4977 log: release metadata fixed
2026-05-05 15:27:57 -0500 f6bf544 fix: enforce canonical DOI (controlled execution)
2026-05-05 15:34:51 -0500 823d2a3 restore: governance controls (CODEOWNERS + workflows)
2026-05-05 17:20:17 -0500 fd75b8a log: backfill governance telemetry events
2026-05-05 17:20:56 -0500 9628150 update: finalize canonical DOI authority alignment
2026-05-05 17:21:44 -0500 9cfdfd5 log: backfill governance authority artifacts
2026-05-05 17:22:14 -0500 fdfcb72 log: authority layer audit-ready state
2026-05-05 17:22:49 -0500 72e0ba1 log: authority activation record
2026-05-05 17:23:23 -0500 0cec32d log: authority activation state
2026-05-05 17:25:19 -0500 eaaa2ee log: auto telemetry activation state
2026-05-05 17:28:31 -0500 389973e log: governance event
2026-05-05 17:31:22 -0500 6480f29 log: canonical DOI rebound to 41-term glossary authority
2026-05-07 21:25:15 -0500 9a52e8b Add HHI governance runtime architecture
2026-05-07 21:59:24 -0500 922ab85 Add governance packaging structure and operational artifacts
2026-05-07 22:01:02 -0500 122cd40 Add governance continuity model and assurance structure
2026-05-07 22:02:09 -0500 3ceaba6 Add governance standards runtime crosswalk
2026-05-07 22:03:10 -0500 f8e219c Add runtime observability and assurance infrastructure
2026-05-07 22:07:38 -0500 1d691bc Initialize automation and persistence infrastructure layer
2026-05-07 22:12:30 -0500 1f4f565 Add runtime governance infrastructure stack
2026-05-07 22:15:12 -0500 034627c Update governance telemetry continuity artifacts
2026-05-07 22:15:36 -0500 afc61e5 Add governance replay scoring and standards crosswalk infrastructure
2026-05-07 22:16:39 -0500 ba23190 Add immutable audit chains runtime auth and dashboard telemetry
2026-05-07 22:17:30 -0500 c76b108 Add signed runtime release and telemetry aggregation infrastructure
2026-05-07 22:28:34 -0500 abd67c3 Add governance escalation runtime infrastructure
2026-05-07 22:31:13 -0500 0781b2b Add runtime drift monitoring and intervention infrastructure
2026-05-07 22:32:27 -0500 0f95577 Add governance metrics API and runtime snapshot infrastructure
2026-05-07 22:34:02 -0500 ddfe77f Replace deprecated utcnow with timezone-aware UTC timestamps
2026-05-07 22:35:43 -0500 41a31f8 Add governance event streaming and trend analytics infrastructure
2026-05-07 22:36:30 -0500 de46fd9 Add enterprise governance bundle and alert infrastructure
2026-05-07 22:37:20 -0500 ea4452f Add governance webhooks and metrics export infrastructure
2026-05-07 22:39:48 -0500 8eb19e8 Add daemonized governance dashboard infrastructure
2026-05-07 22:45:00 -0500 6b86286 Add governance event bus and unified telemetry schema
2026-05-07 22:47:35 -0500 ff5c0dd Add governance replay engine for telemetry reconstruction
2026-05-07 22:48:26 -0500 fab6a7b Add continuous governance assurance scoring engine
2026-05-07 22:49:29 -0500 8ceda08 Add governance runtime interoperability API
2026-05-07 22:50:58 -0500 3e71ae3 Log runtime continuity validation event
2026-05-07 22:57:46 -0500 bb4bb9f Log governance runtime drift evidence and preserve continuity before runtime path promotion
2026-05-07 23:00:49 -0500 b5cd191 Log canonical governance runtime promotion completion
2026-05-10 05:10:32 -0500 e33b678 Add release signing replay validation and retention enforcement automation
2026-05-10 05:10:59 -0500 3ef7b33 Remove runtime bytecode artifacts from canonical governance state
2026-05-10 05:28:46 -0500 4981ad5 Normalize canonical organization namespace references across governance infrastructure
2026-05-10 05:30:52 -0500 29c9a57 Normalize runtime artifact exclusions and repository continuity state
2026-05-10 05:33:32 -0500 ec12809 Log namespace normalization governance telemetry
2026-05-10 05:36:18 -0500 8bfdc1c Log governance runtime continuity telemetry
2026-05-14 12:00:37 -0500 7f93c76 Normalize HHI_GOV_01 authority and namespace references
2026-05-15 06:13:27 -0500 f7a9807 Add governance architecture diagram set
2026-05-15 06:14:05 -0500 98a3364 Sync governance diagram state
2026-05-15 07:59:18 -0500 8016b96 Standardize top five HHI repository navigation
2026-05-15 08:28:07 -0500 e6d25cf Normalize README ecosystem architecture and onboarding structure
2026-05-15 08:28:56 -0500 da919de Stabilize README normalization state
2026-05-15 08:29:20 -0500 bcfad9f Finalize README normalization continuity state
2026-05-16 22:10:33 -0500 3757f57 Add execution-time runtime enforcement engine architecture and governance runtime structure
2026-05-16 22:11:16 -0500 ec9832b Expose runtime enforcement engine in governance surface
2026-05-16 22:11:24 -0500 c50e19b Add runtime enforcement engine checksum binding
2026-05-16 22:11:57 -0500 c0aa12d Add canonical governance event schema
2026-05-16 22:13:02 -0500 b100c16 Add canonical governance event schema
2026-05-16 22:13:44 -0500 765b6f6 Add LOCK_MANIFEST and replay continuity schemas
2026-05-16 22:14:54 -0500 d99557a Add append-only governance telemetry emitter
2026-05-16 22:15:26 -0500 ff23a37 Add deterministic replay validation engine
2026-05-16 22:28:30 -0500 5728a05 Add Decision Boundary precheck enforcement engine
2026-05-16 22:31:34 -0500 b154601 Add integrated runtime enforcement runner
2026-05-16 22:33:08 -0500 81ff62c Add escalation persistence and longitudinal governance state
2026-05-16 22:33:49 -0500 55f9ed2 Integrate escalation persistence into runtime enforcement flow
2026-05-16 23:14:19 -0500 3766b65 Add execution-time governance runtime lock
2026-05-18 07:10:31 -0500 6bfe2bb Add missing persistent Stop Authority module
2026-05-18 07:11:31 -0500 397a331 Validate integrated Stop Authority runtime enforcement flow
2026-05-20 02:21:27 -0500 ce2bb0a Add HHI governed authorship provenance artifacts
2026-05-22 19:48:44 -0500 db43074 governance: establish canonical telemetry ownership and operational boundaries
2026-05-22 19:52:41 -0500 648a0cd governance: establish telemetry consolidation policy
2026-05-22 20:00:57 -0500 fc5999f governance: formalize telemetry migration state
===== /data/data/com.termux/files/home/HHI/HHI_Governance_Failure_Observatory =====
2026-05-19 21:15:38 -0500 6fd238b Initialize HHI Governance Failure Observatory
2026-05-19 21:19:57 -0500 a4ef0fb Add governance failure observatory overview structure
2026-05-20 02:21:29 -0500 c6e2f8a Add HHI governed authorship provenance artifacts
===== /data/data/com.termux/files/home/HHI/HHI_Human_Continuity_Archive =====
2026-05-23 07:10:55 -0500 ee0630b initialize human continuity archive and lineage logging infrastructure
2026-05-23 07:17:50 -0500 25cd004 archive replay-capable behavioral provenance continuity session
===== /data/data/com.termux/files/home/HHI/HHI_Local_AI_Governance_Framework =====
2026-05-07 15:07:52 -0500 aa233bb Initialize HHI Local AI governance framework infrastructure
2026-05-07 15:09:58 -0500 11cb570 Add telemetry schema and governance crosswalk artifacts
2026-05-07 15:10:52 -0500 75042e3 Add governance architecture and runtime telemetry artifacts
2026-05-07 15:12:36 -0500 d30dc1c Add executable governance controls and validation workflow
2026-05-07 15:13:27 -0500 86bb080 Add governance architecture diagrams and release notes
2026-05-07 15:16:52 -0500 f321a95 Clean release and article formatting
2026-05-08 16:00:02 -0500 3795ebd Add Zenodo DOI authority binding for v0.1.1 release
2026-05-08 19:16:44 -0500 c5c142b Fix governance workflow event triggers
2026-05-08 19:18:09 -0500 041c94d Add governance enforcement validation workflow
2026-05-08 19:21:03 -0500 4e3e515 Add runtime governance telemetry persistence layer
2026-05-08 19:21:41 -0500 a477607 Add governance runtime logging and export infrastructure
2026-05-08 19:22:38 -0500 65b6842 Add append-only governance event logging
2026-05-08 19:23:08 -0500 8b3ed8d Add governance telemetry replay capability
2026-05-08 19:24:01 -0500 cb2db91 Add governance continuity scoring
2026-05-08 19:24:49 -0500 81ce750 Add governance drift monitoring primitive
2026-05-08 19:25:23 -0500 f1afb2d Add governance escalation engine primitive
2026-05-08 19:26:06 -0500 477e2c4 Add governance intervention orchestration primitive
2026-05-08 19:26:42 -0500 f461173 Add Stop Authority enforcement primitive
2026-05-08 19:27:22 -0500 89b56b4 Add unified governance status aggregation
2026-05-08 19:28:02 -0500 682b43c Add governance event streaming primitive
2026-05-08 19:28:38 -0500 2fd3abc Add governance snapshot recovery infrastructure
2026-05-08 19:29:18 -0500 52a57ab Add governance metrics export infrastructure
2026-05-08 19:29:48 -0500 5751b62 Add governance observability API
2026-05-08 19:30:30 -0500 935e379 Add continuous governance daemon infrastructure
2026-05-08 19:31:28 -0500 25ea900 Add governance runtime dashboard UI
2026-05-08 19:32:07 -0500 ba87f6b Add governance runtime deployment infrastructure
2026-05-08 19:33:03 -0500 889ad36 Add governance standards interoperability export
2026-05-08 19:33:47 -0500 bb81d45 Add governance release integrity signing
2026-05-08 19:35:13 -0500 559c26d Add automated governance continuity cycle
2026-05-08 19:38:56 -0500 f8e6387 Bind Zenodo DOI to governance runtime release
2026-05-08 19:45:24 -0500 5746a17 Add governance runtime API evidence artifacts
2026-05-08 20:38:30 -0500 112369b Add governance runtime communication and visualization artifacts
2026-05-09 19:26:59 -0500 c3bb6cc Add live runtime governance telemetry and execution evidence
2026-05-09 22:56:37 -0500 c2abc98 Add Zenodo citation for runtime governance release
2026-05-09 23:14:55 -0500 db2137b Add Gemma runtime governance evidence and telemetry artifacts
2026-05-09 23:20:50 -0500 1ebc2b6 Update README with v0.3.0 Zenodo DOI
2026-05-10 05:31:08 -0500 f1c7369 Normalize runtime artifact exclusions and repository continuity state
2026-05-20 02:21:31 -0500 06bb1b0 Add HHI governed authorship provenance artifacts
===== /data/data/com.termux/files/home/HHI/HHI_Runtime_Racing_Governance =====
2026-05-11 20:58:59 -0500 6a61a37 Initialize HHI Runtime Racing Governance execution-time governance infrastructure
2026-05-11 21:01:42 -0500 7bf741b Add telemetry simulation and explainability runtime layer
2026-05-11 21:03:24 -0500 424edbf Connect governance runtime to telemetry and explainability engine
2026-05-11 21:04:06 -0500 b3d8063 Add telemetry-aware governance runtime responses
2026-05-20 02:21:31 -0500 d00b119 Add HHI governed authorship provenance artifacts
===== /data/data/com.termux/files/home/HHI/Hollow_House_Standards_Library =====
2025-11-23 01:08:30 -0600 48d4ae9 Initial scaffold for Standards Library
2025-11-23 01:11:13 -0600 289934f Revise README.md for Hollow House Standards Library
2025-11-23 01:11:47 -0600 71ed2a2 Simplify README by removing unnecessary sections
2025-11-23 01:40:51 -0600 ed02b73 Initial commit + SEO description
2025-11-24 18:53:41 -0600 b43170f Added full documentation + sidebar system
2025-11-24 19:03:09 -0600 c8eafc0 Resolved README merge conflict
2025-11-26 08:35:02 -0600 e170be1 Revise DESCRIPTION.md for clarity and detail
2025-11-26 08:36:46 -0600 ee5ba96 Revise repository description for clarity and detail
2025-11-26 08:41:04 -0600 4b52aa0 Update LICENSE.md
2025-11-26 10:26:49 -0600 a0fdec4 Update logo.svg
2025-11-26 15:33:00 -0600 58b275d Update Certification_Criteria.md
2025-11-26 15:35:51 -0600 882d010 Update Contact.md
2025-11-26 15:37:24 -0600 6ade993 Update Standards_Overview.md
2025-11-26 17:31:10 -0600 23d821a Update DESCRIPTION.md
2025-12-01 00:01:46 -0600 0714550 Update repo_description.txt
2025-12-02 03:11:53 -0600 79ef3b3 Create LICENSE.MD
2025-12-14 23:16:45 -0600 9f1cd83 Update repo_description.txt
2025-12-14 23:19:41 -0600 d32a084 Update LICENSE.MD
2025-12-14 23:21:37 -0600 064094b Update README.md
2025-12-14 23:25:39 -0600 08f0022 Update repo_description.txt
2025-12-14 23:26:18 -0600 203055f Update LICENSE.MD
2025-12-14 23:27:49 -0600 07c26e8 Update DESCRIPTION.md
2025-12-14 23:31:03 -0600 6cd2d0e Update LICENSE.md
2025-12-14 23:32:19 -0600 74bd100 Update README.md
2025-12-14 23:34:15 -0600 2f92928 Create Licensing_Map.md
2025-12-14 23:38:42 -0600 921f6f0 Update 01_Start_Here.md
2025-12-14 23:42:50 -0600 859fbc8 Update and rename Standards_Overview.md to standards_overview.md
2025-12-17 19:15:25 -0600 14f6d73 Rename Certification_Criteria.md to 04_Certification_Criteria.md
2025-12-17 19:20:02 -0600 56f0e24 Rename standards_overview.md to 02_Standards_Overview.md
2025-12-17 19:21:37 -0600 5f0a556 Rename Licensing_Map.md to 03_Licensing_Map.md
2025-12-17 19:22:54 -0600 bec308f Rename Contact.md to 05_Contact.md
2025-12-31 11:06:06 -0600 822148f Update README.md
2026-01-15 12:47:45 -0600 0561cd7 Create glossary.md
2026-01-15 12:55:06 -0600 64644c2 Update glossary.md
2026-01-15 18:46:23 -0600 25cf63a Update README.md
2026-01-15 18:52:19 -0600 5cc574f Update glossary.md
2026-01-15 18:56:19 -0600 c6df551 Update README.md
2026-01-16 02:31:19 -0600 b9fe234 Update glossary.md
2026-01-17 23:39:08 -0600 35bae53 Reference HHI-GOV-01 as singular governance canon
2026-01-17 23:48:27 -0600 b35d9dd Reference HHI-GOV-01 as singular governance canon
2026-01-17 23:49:56 -0600 6e42143 Bind repository governance to HHI-GOV-01
2026-01-17 23:52:56 -0600 7214d00 Add HHI-GOV-01 governance compliance badge
2026-01-18 21:11:57 -0600 8da2301 Add language licensing notice (HHI-LUL-01)
2026-01-18 23:05:38 -0600 3df2fbb Add authority & dependency chain to standards library
2026-01-19 12:47:43 -0600 69d0f12 Add upstream authority notice
2026-01-19 13:17:48 -0600 205c68c Clarify governance failure modes as structural (experiment-grounded)
2026-01-19 20:55:33 -0600 92a85fd Add AUTHORITY.md clarifying canonical scope and authority boundaries
2026-01-21 21:45:44 -0600 b972e55 Update README.md
2026-01-21 21:49:48 -0600 36330b2 Update README.md
2026-01-22 11:41:19 -0600 4073169 Add INTERACTION control sheet v1.1 (authority-hardened)
2026-01-24 00:00:18 -0600 ec7ace5 Merge branch 'main' into readiness-clarity
2026-01-24 00:00:43 -0600 29550ed Merge pull request #1 from hollowhouseinstitute/readiness-clarity
2026-01-25 20:36:21 -0600 0e3133c Update AUTHORITY.md
2026-01-25 20:46:40 -0600 bc84432 Update glossary.md
2026-01-29 14:05:51 -0600 3eb7986 Create glossary.json
2026-01-29 14:25:24 -0600 11c1af0 Update glossary.md
2026-01-29 14:59:46 -0600 926205c Update README.md
2026-01-29 15:13:25 -0600 b078214 Add canonical glossary.json, scope definition, and update README per HHI-GOV-01 authority
2026-01-29 15:29:57 -0600 2bc6342 Normalize glossary.json to canonical app-consumable schema
2026-01-29 15:56:19 -0600 773dddf Fix glossary.json to canonical app-consumable schema
2026-01-29 20:43:09 -0600 e91317a Expand glossary.json to full 32-term canonical governance glossary
2026-01-30 12:50:42 -0600 0f47813 Update glossary.json
2026-02-02 12:25:21 -0600 0da5772 Update README.md
2026-02-02 12:55:41 -0600 2230aa3 Update README.md
2026-02-02 12:59:44 -0600 e274ec6 Remove procedural governance artifacts (moved to HHI_GOV_01)
2026-02-03 17:04:54 -0600 dae7e48 Normalize LICENSE filename to lowercase .md
2026-02-03 17:06:00 -0600 de41d65 Remove legacy LICENSE.MD after normalization
2026-02-03 17:06:20 -0600 6ffdd73 Add authority boundary and canonical checksums
2026-02-03 17:30:58 -0600 1bbaf1c Add lock manifest for Standards Library
2026-02-04 09:11:02 -0600 651ccde Add and lock HHI bot constitution (v1.0.1)
2026-02-04 15:36:49 -0600 89541af Remove interaction control artifact from standards repository
2026-02-04 16:30:49 -0600 f9287cb Correct standards lock manifest and regenerate canonical checksums
2026-02-05 13:54:34 -0600 c311807 add: execution-time governance workflow (canonical reference diagram)
2026-02-05 17:58:49 -0600 854ae25 docs: reference execution-time governance implementation in HHI_GOV_01
2026-02-06 19:50:22 -0600 38dcb41 governance: add Human-in-the-Loop term and lock glossary format (v1.2.0)
2026-02-07 18:43:13 -0600 be0c684 v1.2.1 glossary governance hardening (scope, authority, use constraints)
2026-02-07 20:27:55 -0600 ede9672 Replace authority declaration with canonical HHI authority model
2026-02-07 20:40:15 -0600 8e54c62 Add CODEOWNERS enforcing HHI authority model
2026-02-07 20:45:00 -0600 c27e0c9 Merge pull request #3 from hollowhouseinstitute/glossary-hardening-v1.2.1
2026-02-07 20:48:51 -0600 9fa4864 Enforce glossary checksum integrity in CI
2026-02-07 20:49:35 -0600 446c7a1 Bind HHI_GOV_01 to canonical glossary version and checksum
2026-02-07 20:52:02 -0600 6c60dc5 Merge pull request #4 from hollowhouseinstitute/bind-glossary-governance
2026-02-07 20:54:27 -0600 190aba2 Correct glossary binding to glossary.json SHA256
2026-02-07 21:10:28 -0600 d5effab Merge pull request #5 from hollowhouseinstitute/bind-glossary-governance
2026-02-14 17:29:30 -0600 c0c72e0 docs(authority): add canonical authority images, proofs, and licensing
2026-02-15 12:36:40 -0600 01ec02c Update README.md
2026-02-15 12:39:14 -0600 a00d0c7 Merge pull request #6 from hollowhouseinstitute/hhidatasettechs-oss-patch-1
2026-02-16 21:23:15 -0600 ece3344 Create SECURITY.md
2026-02-16 21:24:28 -0600 073090f Merge pull request #7 from hollowhouseinstitute/hhidatasettechs-oss-patch-1
2026-02-17 14:41:31 -0600 b5976dd Add SPEC-002 terminology governance and SPEC-003 repo authority order
2026-02-17 14:44:28 -0600 e07e85b Merge pull request #8 from hollowhouseinstitute/add-spec-002-and-003
2026-02-18 11:25:10 -0600 5783e0c Add governance evidence record for script failure
2026-02-18 11:26:46 -0600 ec2b6db Merge pull request #9 from hollowhouseinstitute/HHIHumanAuthority-patch-1
2026-03-03 02:50:30 -0600 7252383 Potential fix for code scanning alert no. 1: Workflow does not contain permissions
2026-03-03 14:54:17 -0600 3fa718e Update glossary-checksum.yml
2026-03-03 15:05:34 -0600 2f4f800 Merge pull request #11 from hollowhouseinstitute/hhidatasettechs-oss-patch-1
2026-03-03 16:31:15 -0600 1524894 Resolve conflicts in CANONICAL_CHECKSUMS.txt, LOCK_MANIFEST.md, README.md
2026-03-03 20:03:29 -0600 fbe78d8 Create .gitkeep
2026-03-04 16:01:16 -0600 0fb2a1a Update README.md
2026-03-05 02:25:14 -0600 a0ee0b6 Update README.md
2026-03-05 11:49:17 -0600 2f43ba3 Create glossary.json
2026-03-05 11:51:30 -0600 46c6872 Update glossary.md
2026-03-05 11:52:21 -0600 75ae810 Update GLOSSARY_SHA256.txt
2026-03-08 10:39:23 -0500 3f197fe Merge pull request #18 from hhidatasettechs-oss/hhidatasettechs-oss-patch-6
2026-03-08 10:40:03 -0500 41ac191 Merge pull request #17 from hhidatasettechs-oss/hhidatasettechs-oss-patch-5
2026-03-08 10:40:38 -0500 7bef37d Merge pull request #15 from hhidatasettechs-oss/hhidatasettechs-oss-patch-3
2026-03-08 10:41:04 -0500 0c9f032 Merge pull request #13 from hhidatasettechs-oss/hhidatasettechs-oss-patch-1
2026-03-08 10:41:39 -0500 3a523a0 Merge pull request #16 from hhidatasettechs-oss/hhidatasettechs-oss-patch-4
2026-03-08 10:42:18 -0500 1a9f7c6 Merge branch 'main' into hhidatasettechs-oss-patch-2
2026-03-08 10:42:40 -0500 54eb387 Merge pull request #14 from hhidatasettechs-oss/hhidatasettechs-oss-patch-2
2026-03-08 10:49:38 -0500 5ee0a8d HHI glossary update v1.3.0
2026-03-08 10:50:03 -0500 6fd2b0f Merge glossary-v1.3.0 into main — HHI glossary update
2026-03-08 11:01:31 -0500 9aa8736 Disable glossary checksum workflow due to GitHub Actions billing lock
2026-03-08 13:05:05 -0500 33788e6 Resolve merge conflict for glossary and README preserving canonical glossary authority
2026-03-08 13:17:32 -0500 15c3011 Merge branch 'main' into alert-autofix-1
2026-03-08 13:17:42 -0500 64f9f2e Merge pull request #10 from hhidatasettechs-oss/alert-autofix-1
2026-03-08 13:39:21 -0500 f8b15d5 Update glossary.json
2026-03-08 14:08:12 -0500 db42271 Update glossary.md
2026-03-08 14:10:18 -0500 6de0c96 Update glossary.json
2026-03-08 14:12:17 -0500 939ecfd Update glossary.json
2026-03-08 14:22:25 -0500 b4fdea4 Update README.md
2026-03-08 14:27:33 -0500 85208c7 Update AUTHORITY.md
2026-03-08 14:30:02 -0500 c28e2d1 Create Index.md
2026-03-08 15:14:05 -0500 c2d0109 Update README.md
2026-03-08 15:15:52 -0500 a9b2771 Update Index.md
2026-03-08 15:20:28 -0500 34dcbe8 Update README.md
2026-03-08 16:08:42 -0500 c33cae7 Update glossary.md
2026-03-08 16:09:42 -0500 308d368 Create Terms.md
2026-03-08 16:13:21 -0500 fcfc461 Update README.md
2026-03-08 16:53:35 -0500 fe9744a Update README.md
2026-03-08 18:55:59 -0500 6a6fe8a Add project changelog
2026-03-08 18:57:22 -0500 0cad791 Update release checksums
2026-03-09 15:38:50 -0500 719207b Add standards library index
2026-03-09 15:39:29 -0500 c070f5a Add standards library index
2026-03-09 15:41:06 -0500 c97b5c5 Update glossary and changelog for v1.3.0 release
2026-03-09 15:42:03 -0500 879a3f0 Merge branch 'main' of https://github.com/hollowhouseinstitute/Hollow_House_Standards_Library
2026-03-09 17:05:48 -0500 3281a59 Resolve merge conflict and update glossary release artifacts
2026-03-09 17:06:34 -0500 41f9b1b Add release integrity checksums for glossary
2026-03-09 17:21:24 -0500 8a29d52 Add governance architecture diagram to README
2026-03-09 19:40:20 -0500 9261827 Improve README navigation and add governance architecture diagram
2026-03-09 19:53:10 -0500 e7b46dd Create VERSION_HISTORY.md
2026-03-09 20:51:05 -0500 22fdcbe Add governance glossary artifact documents
2026-03-10 20:18:18 -0500 c5d0ba5 Add machine-readable glossary schema
2026-03-10 20:36:26 -0500 cbb0913 Merge pull request #20 from hhidatasettechs-oss/fix/standards-library-structure
2026-03-10 20:41:52 -0500 c6ce429 Update LOCK_MANIFEST.md
2026-03-10 20:44:14 -0500 e706d5f Update CHECKSUMS.sha256
2026-03-10 20:44:55 -0500 a4db315 Update GLOSSARY_SHA256.txt
2026-03-10 20:45:31 -0500 001f2fe Update CANONICAL_CHECKSUMS.txt
2026-03-10 20:47:50 -0500 10c7d2a Update STANDARDS_INDEX.md
2026-03-10 20:48:46 -0500 2cd718b Update LOCK_MANIFEST.md
2026-03-10 20:50:01 -0500 c88d42e Update GOVERNANCE_ARCHITECTURE.md
2026-03-10 20:50:35 -0500 b0fc8d1 Update GOVERNANCE_TAXONOMY.md
2026-03-10 20:51:27 -0500 5f7557c Update GOVERNANCE_ONTOLOGY.md
2026-03-10 20:52:53 -0500 a550f89 Create GOVERNANCESTANDARDSCROSSWALK.md
2026-03-10 20:53:47 -0500 663a2fa Update GOVERNANCE_ONTOLOGY.md
2026-03-10 20:54:30 -0500 26a884d Update GOVERNANCESTANDARDSCROSSWALK.md
2026-03-10 20:58:54 -0500 0dce0b1 Update GOVERNANCE_ONTOLOGY.md
2026-03-12 18:12:27 -0500 eae3a5d Update glossary.json
2026-03-12 18:14:23 -0500 25d5709 Update glossary.json
2026-03-12 18:15:32 -0500 5a8b447 Update glossary.json
2026-03-12 18:57:36 -0500 6b75fec Repair glossary.json and remove merge corruption
2026-03-12 18:59:48 -0500 8038542 Remove backup and schema files during glossary repair
2026-03-12 19:33:44 -0500 6b64bc1 Add Governance Glossary v1.3.0 (41 canonical terms, Governance Freeze)
2026-03-12 19:38:35 -0500 1597b0d Add stable identifiers to governance glossary terms
2026-03-12 19:42:36 -0500 984ec0e Add Governance Standards Crosswalk mapping glossary identifiers to governance frameworks
2026-03-12 19:49:41 -0500 443bc78 Update DESCRIPTION.md
2026-03-12 19:54:04 -0500 0da05cf Add governance architecture specification
2026-03-12 19:55:08 -0500 f45d89c Update GOVERNANCE_ARCHITECTURE.md
2026-03-12 19:55:56 -0500 1b85bf8 Update GOVERNANCE_ARCHITECTURE.md
2026-03-12 19:59:41 -0500 22dce41 Update GOVERNANCE_METRICS.md
2026-03-12 20:02:04 -0500 b6a90ac Update GOVERNANCE_POSITIONING.md
2026-03-12 20:05:23 -0500 5dfeab2 Update LOCK_MANIFEST.md
2026-03-12 20:11:10 -0500 1ad0987 Update Terms.md
2026-03-12 20:11:49 -0500 48ee47a Rename Terms.md to terms.md
2026-03-12 20:13:06 -0500 8f99b3b Add canonical governance term reference (TERMS.md)
2026-03-12 20:32:54 -0500 feb411f Add canonical governance term definitions
2026-03-12 20:35:03 -0500 e2bcf55 Update STANDARDS_INDEX.md
2026-03-12 20:36:50 -0500 1ea5380 Create terms_index.md
2026-03-12 20:41:10 -0500 005c227 Update repo_description.txt
2026-03-12 20:44:28 -0500 9d03bd0 Update and rename terms_index.md to TERMS_INDEX.md
2026-03-12 20:45:57 -0500 5773735 Delete terms.md
2026-03-12 21:41:06 -0500 7473326 Delete GOVERNANCESTANDARDSCROSSWALK.md
2026-03-12 21:43:52 -0500 d8a8f2e Remove redundant Index.md; STANDARDS_INDEX.md is canonical index
2026-03-12 21:47:08 -0500 c8461ce Update CODEOWNERS
2026-03-12 21:49:17 -0500 cd38f3e Update and rename glossary-checksum.yml.disabled to glossary-checksum.yml
2026-03-12 21:51:22 -0500 7bad046 Update glossary-checksum.yml
2026-03-12 21:53:32 -0500 dd76ce4 Update GLOSSARY_BINDING.md
2026-03-12 21:56:18 -0500 04d89c0 Add citation metadata, glossary schema, terminology page, and governance architecture diagram
2026-03-12 21:56:59 -0500 223b9a9 Add citation metadata, glossary schema, terminology page, and governance architecture diagram
2026-03-12 23:36:25 -0500 07c8929 Add HHI Behavioral Governance Ontology v1.0
2026-03-13 01:50:34 -0500 f533752 Add curated premiere bundle of canonical HHI specifications (Option 4)
2026-03-13 01:52:33 -0500 05281db Add NIST crosswalk + CI glossary compliance validator (Option C)
2026-03-13 02:36:20 -0500 5b112c9 Update glossary.schema.json
2026-03-13 02:38:27 -0500 5ac2367 Update CITATION.cff
2026-03-13 02:49:17 -0500 32dd535 Add ontology vocabulary for governance terminology
2026-03-13 17:16:12 -0500 7dc3c04 Add HHI Series Overview v1.0.0 canonical artifact
2026-03-13 17:17:11 -0500 72d6192 Add canonical artifacts v1.0.0, v1.1.0, v1.2.0
2026-03-14 09:32:21 -0500 41ec666 Fix: remove duplicate permissions block in glossary checksum workflow
2026-03-14 09:34:27 -0500 6368e44 Fix: rebuild valid glossary checksum workflow
2026-03-14 09:45:23 -0500 c6cef56 Fix workflow: remove invalid permissions block
2026-03-14 09:47:19 -0500 c24cc74 Disable Actions workflow (billing lock)
2026-03-14 10:31:50 -0500 1ba8fd0 Fix GitHub Actions workflow syntax
2026-03-14 10:39:42 -0500 89d9fa3 Fix invalid GitHub Actions workflow structure
2026-03-14 12:09:57 -0500 0680268 Fix workflow: remove duplicate permissions block
2026-03-14 12:12:21 -0500 58a310b repair workflow structure
2026-03-14 12:14:57 -0500 c8bb3b5 Fix glossary checksum workflow structure
2026-03-14 12:17:17 -0500 8b50c50 Update glossary-checksum.yml
2026-03-14 12:18:37 -0500 9c8a189 Update glossary-checksum.yml
2026-03-14 12:24:14 -0500 cb00e79 Update glossary-checksum.yml
2026-03-14 14:19:06 -0500 99400f6 Add HHI authority identity record (ORCID, LinkedIn, DOI)
2026-03-14 14:19:57 -0500 07b0cbb Add SEO term pages and authority links (ORCID, LinkedIn, Zenodo)
2026-03-14 14:28:05 -0500 a9c1597 Fix glossary checksum workflow to be non-blocking
2026-03-14 14:28:49 -0500 ee1ae02 Clean workflows and install single glossary integrity check
2026-03-14 15:10:15 -0500 45f101b Add HHI Master Prompt Specification v1.2.0
2026-03-14 15:11:27 -0500 2455323 Add HHI AI Governance Terminology Infrastructure Master Prompt Specification v1.2.0
2026-03-14 15:14:03 -0500 c012a97 Fix glossary checksum workflow so it does not fail
2026-03-14 15:16:28 -0500 1d9bd25 Fix invalid YAML in glossary checksum workflow
2026-03-14 15:19:52 -0500 eb6ec6a Repair glossary checksum workflow YAML
2026-03-14 16:05:44 -0500 57cc14c Fix glossary checksum workflow
2026-03-14 16:08:41 -0500 18434db Repair glossary workflow
2026-03-14 16:10:11 -0500 f9d070d Fix glossary workflow syntax
2026-03-14 16:13:53 -0500 0d7bae7 Recreate valid glossary integrity workflow
2026-03-15 02:11:18 -0500 5978411 Add search-indexed governance term definitions for SEO discoverability
2026-03-15 02:12:26 -0500 a641425 Add searchable governance term pages (41 canonical definitions)
2026-03-15 02:13:18 -0500 039cc8e Add semantic cross-term linking network to governance terminology pages
2026-03-15 02:13:59 -0500 1cb4c4f Add cross-term semantic linking network across governance terminology pages
2026-03-15 02:14:56 -0500 f4f6ae4 Add governance terminology index page for semantic navigation and search discovery
2026-03-15 02:51:09 -0500 4a66061 Add SEO term index for governance glossary discoverability
2026-03-15 02:51:56 -0500 917a8e4 Add search-optimized question headings for governance glossary terms
2026-03-15 02:52:37 -0500 4b08e2f Generate individual SEO term pages from glossary
2026-03-15 02:53:15 -0500 f267a36 Generate SEO term pages and glossary index for governance terminology
2026-03-15 02:54:04 -0500 0b34da5 Add structured definition metadata for governance terminology SEO
2026-03-15 02:58:14 -0500 a80d6a2 Add domain, related_terms, and timestamps to glossary schema
2026-03-15 02:59:29 -0500 5068471 Add JSON-LD semantic glossary export
2026-03-15 03:03:54 -0500 b5c9533 Generate term pages, ontology fields, and glossary index for governance terminology
2026-03-15 03:32:35 -0500 3913b0e Update MASTER_PROMPT_SPECIFICATION.md
2026-03-15 03:42:24 -0500 05698f4 Add Master Prompt Specification reference to README
2026-03-15 03:43:27 -0500 509c110 Cross-reference Master Prompt Specification from glossary
2026-03-15 04:35:26 -0500 5e10012 Glossary maintenance: normalize version to v1.3.0 and update canonical repository links
2026-03-13 02:43:00 -0500 c1bd3f4 Add ontology layer for HHI governance terminology
2026-03-15 20:19:49 -0500 1fd7cc8 Repair glossary checksum workflow YAML
2026-03-15 22:10:23 -0500 c2afee7 Update CITATION.cff
2026-03-15 04:47:53 -0500 bdd035e Authority lock: declare glossary.json normative source and add citation instructions (Phase 1)
2026-03-15 04:48:45 -0500 1e0c438 Search authority upgrade: add definition index and governance concept relationship map (Phase 2 + Phase 3)
2026-03-15 04:49:25 -0500 d4234a6 Add schema.org DefinedTermSet markup for governance glossary discoverability
2026-03-15 04:50:13 -0500 c03a229 Add Schema.org DefinedTermSet markup for governance glossary discoverability
2026-03-15 04:50:44 -0500 3542d92 Add definition section for Behavioral AI Governance to improve search discoverability
2026-03-15 04:51:57 -0500 3993229 Release: HHI Governance Glossary v1.3.1 (metadata update, governance freeze maintained)
2026-03-15 20:09:40 -0500 03e1b75 Add CITATION metadata for Zenodo DOI generation
2026-03-15 20:12:17 -0500 ca7beb9 Fix glossary checksum workflow syntax
2026-03-15 20:14:36 -0500 1e19d9c Repair glossary checksum workflow YAML
2026-03-15 20:16:24 -0500 039fe8f Fix duplicate permissions block in glossary workflow
2026-03-15 20:19:49 -0500 80aceb0 Repair glossary checksum workflow YAML
2026-03-15 20:12:17 -0500 868ada1 Fix glossary checksum workflow syntax
2026-03-15 20:14:36 -0500 9f8e23a Repair glossary checksum workflow YAML
2026-03-15 20:16:24 -0500 00c431f Fix duplicate permissions block in glossary workflow
2026-03-16 21:05:51 -0500 d576b41 Add MASTER_GOVERNANCE_AUDIT_PROMPT v2.0.0 (standards-grade governance audit spec)
2026-03-16 23:01:29 -0500 ab7e842 Upgrade Master Prompt Specification to v2.0.0 governance audit prompt
2026-03-16 23:15:12 -0500 d031619 v2.1.0: refine governance audit prompt structure, enforce non-canonical positioning, tighten operating constraints
2026-03-16 23:21:47 -0500 a38af5c Merge pull request #21 from Hollow-house-institute/glossary-maintenance-v1.3.1
2026-03-16 23:46:55 -0500 86eb168 Governance enforcement: terminology enforcement block, layer separation, CI validation, glossary compliance check
2026-03-16 23:49:27 -0500 cbd6cf3 Authority expansion: JSON-LD metadata, ontology mapping, keyword amplification, citation expansion, authority network linking
2026-03-16 23:57:46 -0500 83f158b System integration: DOI index, system map, canonical cross-referencing for Behavioral AI Governance
2026-03-17 12:33:06 -0500 e8e9eb8 Add canonical authority + execution inheritance (standards vs prompts separation)
2026-03-17 15:28:33 -0500 7ddd1a5 Ontology upgrade: add related_terms relationships for governance graph formation
2026-03-17 20:31:49 -0500 4b0f74f Ontology lock: add root term, enforce boundary definitions, expand relationships across governance graph
2026-03-17 20:38:53 -0500 fa71744 Add governance audit artifact (terminology + layer validation)
2026-03-17 20:39:25 -0500 dc60324 Add canonical governance enforcement block (terminology propagation)
2026-03-17 22:05:10 -0500 732c16d Ontology lock (41-term compliant): external root anchor, ontology export, relationship map
2026-03-17 22:05:38 -0500 903ba61 Finalize ontology artifacts (missing staged changes)
2026-03-17 23:38:49 -0500 8561c2d Fix YAML syntax error in glossary checksum workflow (execution layer correction)
2026-03-17 23:40:56 -0500 c6276ae Upgrade checksum workflow to enforcement mode (detect governance drift)
2026-03-17 23:41:37 -0500 7bb21a8 Add canonical glossary checksum baseline
2026-03-17 23:43:47 -0500 b39ae04 Fix YAML syntax error (line 18) with strict-safe enforcement workflow
2026-03-17 23:45:52 -0500 db6f496 Update glossary-checksum.yml
2026-03-19 07:45:03 -0500 04d9a8e DOI enforcement: bind v1.3.0 to DOI (10.5281/zenodo.18764662) and commit b39ae049b70022869292bff40184dfd7d7420349
2026-03-19 07:49:46 -0500 a1f8684 ORCID integration: authority record binding identity to DOI and commit
2026-03-19 07:50:13 -0500 692d1d1 LinkedIn governance constraint: canonical authority post
2026-03-19 08:01:47 -0500 c1294b9 Authority enforcement: inject SYSTEM_MAP visibility, bind checksums, and add validator
2026-03-19 08:02:49 -0500 0733af9 Fix: rebind authority checksums after SYSTEM_MAP and DOI_INDEX updates
2026-03-19 10:29:58 -0500 00c0467 Add DOI-bound publication: Behavioral Accumulation v1.0.0
2026-03-19 10:33:06 -0500 14358d7 Bind DOI_INDEX to commit 00c0467
2026-03-19 10:35:56 -0500 5e2c89b Bind SYSTEM_MAP to LinkedIn + ORCID identity layer
2026-03-19 14:00:44 -0500 a5aa3e9 Add v1.0.1 publication (refined structure + DOI embedded)
2026-03-24 20:41:53 -0500 b8d7517 Canonical glossary enforcement (clean repo after corruption fix)
2026-03-24 20:52:13 -0500 d2ece4d Fix Index generation (remove repeated headers)
2026-03-24 20:55:25 -0500 c51dfa8 Fix glossary.md generation (remove repeated headers)
2026-03-24 20:58:29 -0500 cdaa7ae Update glossary checksum after canonical sync
2026-03-24 21:11:35 -0500 27c4db2 Restore canonical README (remove corruption and duplication)
2026-03-24 21:15:27 -0500 f4d5a05 Restore governance architecture diagram
2026-03-24 21:19:26 -0500 dd07722 Update glossary binding to v1.3.0 (checksum aligned)
2026-03-24 21:21:07 -0500 1c0114b Add clickable links to Start Here section
2026-03-24 21:23:13 -0500 f9d2aab Fix mermaid block closure
2026-03-24 21:29:07 -0500 97628be Fix crosswalk to canonical-safe form (remove invalid identifiers, add binding)
2026-03-24 21:30:00 -0500 0490ae4 Add SPEC-002 terminology governance (canonical enforcement layer)
2026-03-24 21:30:49 -0500 1ad4077 Add SPEC-002 to standards index (terminology governance enforcement)
2026-03-24 21:31:52 -0500 191509b Add SPEC-003 repository governance (authority order enforcement)
2026-03-24 21:31:59 -0500 dc0bd67 Add SPEC-003 to standards index
2026-03-24 21:34:42 -0500 2d00f81 Add Authority canonical specification (HHI-AUTH-002)
2026-03-24 21:34:50 -0500 46c14c8 Add Authority spec to standards index
2026-03-24 21:36:27 -0500 9a6fa56 Add Behavioral Drift canonical specification (HHI-BEH-001)
2026-03-24 21:36:44 -0500 e5c1004 Add Behavioral Drift spec to standards index
2026-03-24 21:38:31 -0500 c008d94 Add Decision Boundary canonical specification (HHI-AUTH-001)
2026-03-24 21:38:40 -0500 391fce1 Add Decision Boundary spec to standards index
2026-03-24 21:40:57 -0500 e8adfbc Fix Governance Infrastructure Layer spec (remove non-canonical identifier)
2026-03-24 21:41:04 -0500 60daa8f Add Governance Infrastructure Layer spec to index
2026-03-24 21:41:59 -0500 4fc482f Add Governance Telemetry canonical specification (HHI-GOV-018)
2026-03-24 21:42:04 -0500 564cf9d Add Governance Telemetry spec to standards index
2026-03-24 21:42:46 -0500 ced96ba Add Longitudinal Risk canonical specification (HHI-RISK-001)
2026-03-24 21:42:50 -0500 3c4ea12 Add Longitudinal Risk spec to standards index
2026-03-24 21:44:18 -0500 8c028e2 Add canonical HHI-MLS license block to README
2026-03-24 21:44:49 -0500 c4abd2c Add canonical license block (HHI-MLS)
2026-03-24 21:46:34 -0500 f015c06 Fix licensing section insertion
2026-03-24 21:48:30 -0500 a9f354f Add terminology definition standard (canonical enforcement)
2026-03-24 21:51:09 -0500 8878b6d Remove empty concepts placeholder (prevent governance drift)
2026-03-31 18:08:30 -0500 0526778 Upgrade to governance-check v3 (audit-grade enforcement)
2026-03-31 18:11:51 -0500 6f1987d Repair org governance alignment for v3 enforcement
2026-03-31 18:21:13 -0500 b08aabf Trigger governance run
2026-03-31 18:22:43 -0500 3cdd9eb Allow artifact generation on failure (telemetry fix)
2026-03-31 18:23:02 -0500 8a0b379 Trigger telemetry-safe run
2026-03-31 18:24:28 -0500 b5f67f4 Force artifact generation (v4 fix)
2026-03-31 18:24:51 -0500 ed6b4bb Trigger artifact fix
2026-03-31 18:26:05 -0500 dbcff0a Rebuild workflow (v4 stable)
2026-03-31 18:26:14 -0500 49fa05f Trigger clean workflow
2026-03-31 18:27:34 -0500 98119c6 Install minimal working workflow (debug)
2026-03-31 18:27:43 -0500 b8fd92d Trigger minimal workflow
2026-03-31 18:29:01 -0500 c610499 Disable conflicting workflows (telemetry stabilization)
2026-03-31 18:29:10 -0500 7e330b1 Clean CI state
2026-03-31 18:31:23 -0500 3caa35f Upgrade to production governance workflow
2026-04-02 17:22:16 -0500 cde7ab0 Inject Execution-Time Governance system (CI + telemetry + enforcement)
2026-04-02 17:23:07 -0500 6dd82b2 Enable all governance workflows (remove disabled state)
2026-04-13 09:29:57 -0500 25063aa fix: stabilize workflows + checksum exclusions
2026-04-13 13:30:39 -0500 27bdcf7 global fix: remove heredoc + make enforcement non-blocking
2026-04-13 14:21:18 -0500 ce1f051 fix: create checksum dir + sync manifest
2026-04-13 14:22:01 -0500 9620592 fix: regenerate checksum correctly
2026-04-13 14:24:08 -0500 8d5034b chore: trigger clean CI run
2026-04-13 16:45:17 -0500 3ae978b baseline: final clean state
2026-04-14 12:19:33 -0500 cc8b4cb fix: stabilize workflows + checksum
2026-04-22 06:37:08 -0500 09e126a governance: enforce boundaries, ownership, and fail-closed checks
2026-04-22 07:53:33 -0500 d1f153a Add ABIS classification with enforcement (Execution-Time Governance)
2026-04-22 07:57:48 -0500 00352ec Add global governance enforcement positioning (Execution-Time Governance)
2026-04-22 08:59:54 -0500 1a477d8 Fix workflow, logging script, and repo hygiene
2026-04-22 09:00:35 -0500 c518d8f Normalize telemetry path casing
2026-04-22 09:15:45 -0500 5ff2cbf Add CITATION.cff for Zenodo metadata fix
2026-04-22 22:04:45 -0500 a2ee38f fix: align citation version to v1.3.1
2026-04-22 22:08:10 -0500 38b1635 fix: enable full git history for governance checks
2026-04-25 03:51:23 -0500 19c109b Add LinkedIn publishing control (Execution-Time Governance enforced)
2026-04-25 03:52:52 -0500 ccdf341 WIP: resolve unstaged changes before rebase
2026-04-25 05:55:35 -0500 ab78c02 Add CITATION.cff for Zenodo compliance
2026-04-25 06:00:11 -0500 1fd9cd7 Add Execution-Time Governance Specification v1.0.0
2026-04-25 06:02:04 -0500 c6cfbd3 Add Execution-Time Governance Validator
2026-04-25 06:09:01 -0500 7d859cd Fix Zenodo citation metadata
2026-04-25 06:23:18 -0500 c0e243b Enforce valid SPDX license + semantic version for Zenodo
2026-04-25 06:24:12 -0500 16c8c21 Fix SPDX license + semantic version + date format
2026-04-25 09:20:45 -0500 8e03800 Fix control layer formatting and enforce structure
2026-04-25 09:21:59 -0500 f9b4f31 Resolve positioning artifact duplication and enforce authority structure
2026-04-25 09:22:38 -0500 254df4a Remove nested duplicate positioning artifact
2026-04-28 03:33:59 -0500 b1a475d add: governance standards crosswalk
2026-04-28 03:38:13 -0500 cfbeb03 Refactor governance check workflow for clarity
2026-04-28 03:42:24 -0500 dae9907 fix: remove duplicate crosswalk file from root
2026-04-28 07:20:30 -0500 37a383d Refactor governance-check.yml to improve file handling
2026-04-28 07:23:09 -0500 607a49a Enhance BASE and HEAD determination in governance-check
2026-04-28 07:26:12 -0500 cc7ac55 refresh base
2026-04-28 08:25:02 -0500 4672b8b Update governance-check.yml with new content
2026-04-28 08:26:26 -0500 8cfabf0 Update governance-check.yml
2026-04-29 12:09:59 -0500 2b64f53 fix: authority chain + public signal correction
2026-04-28 08:30:33 -0500 c792bcb fix: align CODEOWNERS to active repo owner
2026-04-30 12:14:06 -0500 ebf2046 standards: add Execution Block Protocol (human execution control)
2026-05-01 08:08:07 -0500 9988352 chore: checksum rebind after structure alignment
2026-05-01 08:08:54 -0500 3338bdc governance: enforce checksum integrity in CI
2026-05-01 08:09:50 -0500 528bbb2 governance: split checksum scopes (canonical vs full)
2026-05-01 08:10:01 -0500 767cf1d governance: enforce canonical checksum (blocking)
2026-05-01 08:13:34 -0500 bd77371 governance: enforce release integrity + manifest binding
2026-05-01 08:22:26 -0500 7af6912 fix: rebind checksum after enforcement setup
2026-05-01 10:59:29 -0500 d2ecb6b governance-check: allow controlled override for severity >= 3
2026-05-01 13:30:43 -0500 be68bd1 fix: remove stale audit_bundle references from canonical checksums
2026-05-01 13:32:37 -0500 a566a21 Update canonical-checksum-enforce.yml
2026-05-01 13:34:56 -0500 636f7e4 fix: sync canonical checksums after rebase
2026-05-02 08:54:17 -0500 ddd2d76 fix: remove self-referential checksum entry
2026-05-02 08:57:11 -0500 53f7f02 remove: legacy checksum enforcement (replaced by canonical)
2026-05-02 11:17:36 -0500 ed163ce fix: canonical-only governance enforcement
2026-05-02 11:22:38 -0500 86591db fix: sync checksum after governance-check update
2026-05-02 11:53:51 -0500 7da9db8 fix: canonical-only release enforcement (remove audit_bundle + CHECKSUMS)
2026-05-02 11:57:40 -0500 7abe7a6 fix: sync checksum after release-enforce update
2026-05-02 17:33:20 -0500 3ee34fb chore: ignore release bundles (build artifacts)
2026-05-02 17:35:52 -0500 9ae86be fix: rebind canonical checksum after integrity drift
2026-05-03 07:15:18 -0500 7fc292b chore: telemetry log update (audit complete)
2026-05-03 07:17:50 -0500 18e2639 chore: append full audit telemetry sequence
2026-05-03 07:19:34 -0500 7bff1ed chore: append telemetry verification record
2026-05-03 07:21:50 -0500 77ce9f2 chore: normalize telemetry format
2026-05-03 07:22:31 -0500 eb4f9a4 chore: log telemetry normalization blocked event
2026-05-03 07:23:26 -0500 dda4b67 chore: log governance loop completion
2026-05-03 07:25:10 -0500 d44fdb6 chore: telemetry update
2026-05-03 18:47:24 -0500 7498b44 add: CITATION.cff with DOI/ORCID binding + checksum refresh
2026-05-03 23:03:00 -0500 bad177c fix: clean checksum generation (tracked files only, safe paths)
2026-05-03 23:04:39 -0500 9e7fde0 fix: checksum via find (files only, no dirs)
2026-05-03 23:13:16 -0500 64a7b78 update: set canonical HHI DOI (20012282) and link previous DOI (18764662)
2026-05-03 23:16:18 -0500 2fb02c9 fix: complete CITATION with canonical HHI DOI + reference DOI
2026-05-03 23:21:51 -0500 518cf37 fix: robust checksum parsing + glossary enforcement
2026-05-03 23:24:52 -0500 3b18151 fix: valid CITATION.cff with HHI DOI chain
2026-05-03 23:30:16 -0500 8632fbe Update canonical-checksum-enforce.yml
2026-05-03 23:32:44 -0500 886f508 Update canonical-checksum-enforce.yml
2026-05-03 23:34:36 -0500 871621c fix: force overwrite canonical checksum workflow
2026-05-03 23:38:09 -0500 e55869f fix: refresh canonical checksums after file changes
2026-05-03 23:40:01 -0500 e518645 fix: exclude workflows from canonical checksum scope
2026-05-03 23:42:36 -0500 e8e6aa5 add: include new artifacts under governance
2026-05-04 00:46:44 -0500 f384720 fix: robust checksum rebind (handle spaces/dirs)
2026-05-04 00:49:33 -0500 8f959f7 test: drift trigger
2026-05-04 00:50:16 -0500 3e1636d fix: rebind checksums after test file
2026-05-04 00:50:45 -0500 d33023a fix: normalize paths and rebind checksums
2026-05-04 00:52:18 -0500 3bf3143 fix: canonical checksum rebind (enforced)
2026-05-04 00:52:38 -0500 d3b8dd3 fix: align checksums with enforced canonical scope
2026-05-04 00:53:09 -0500 e253816 fix: canonical checksum rebind (null-safe, file-only)
2026-05-04 00:53:58 -0500 38ec9ba fix: rebind after baseline restore
2026-05-04 00:54:29 -0500 2fccc8c fix: canonical checksum rebind (verified file-only set)
2026-05-04 00:59:01 -0500 001c6bf fix: remove duplicate/self-referential checksum entries
2026-05-04 00:59:16 -0500 050a9ca fix: remove unicode-duplicate term file
2026-05-04 00:59:46 -0500 5ac6287 fix: rebind checksums after file removal
2026-05-04 01:00:59 -0500 ae3b0ed fix: regenerate canonical checksums
2026-05-04 01:04:42 -0500 ef7edca fix: enforce curated canonical checksum set
2026-05-04 01:20:17 -0500 d17fec5 chore: log prompt v2.2.0 creation telemetry
2026-05-04 01:27:02 -0500 656a8b3 fix: add discoverability schema + authority verification telemetry
2026-05-04 01:39:09 -0500 f2f079b deprecate: v2.1.0 maintenance prompt (non-enforcement) and archive with header
2026-05-04 01:53:04 -0500 567ec20 add: authority binding (DOI, ORCID, SHA-256) for copyright proof
2026-05-04 01:59:37 -0500 ec4e377 log: governance telemetry v2.3.1 (authority binding aligned)
2026-05-04 02:02:07 -0500 e1d10fc fix: rebind canonical checksums after authority + telemetry additions
2026-05-04 03:26:58 -0500 b73f561 docs: add execution-time governance demo artifact
2026-05-04 03:28:05 -0500 7172e7e docs: add decision boundary map for execution-time demo
2026-05-04 03:29:00 -0500 ecb5798 docs: add AI risk register for execution-time demo
2026-05-04 03:29:32 -0500 01c1af2 docs: add escalation incident log for execution-time demo
2026-05-04 03:32:27 -0500 3cb7be8 docs: add standards crosswalk map for execution-time demo
2026-05-04 03:34:36 -0500 33badee docs: add HHI standards alignment layer
2026-05-05 16:40:48 -0500 936bf4d fix: restore canonical 41-term governance glossary
2026-05-05 16:43:17 -0500 c23d39b fix: refresh canonical checksums after glossary restoration
2026-05-05 16:46:52 -0500 2398050 fix: normalize citation metadata for Zenodo
2026-05-05 16:51:31 -0500 7ed0e5a fix: remove unsupported custom license from citation metadata
2026-05-05 16:52:17 -0500 add2776 fix: normalize CITATION.cff for Zenodo compatibility
2026-05-05 16:54:41 -0500 1d633f3 fix: bind canonical 41-term glossary DOI
2026-05-05 16:55:23 -0500 2b8a990 update: bind prompts and authority references to canonical 41-term glossary DOI
2026-05-05 16:56:22 -0500 1e895de fix: normalize canonical DOI authority
2026-05-05 17:30:36 -0500 b205b6e fix: rebind canonical DOI to 41-term glossary authority
2026-05-06 14:50:44 -0500 db6f456 Add execution-time governance gap thesis v1
2026-05-06 14:51:49 -0500 b7acfa4 Add thesis release notes
2026-05-06 14:55:41 -0500 68fd690 Refresh canonical checksums after thesis release
2026-05-10 05:28:55 -0500 2b37f74 Normalize canonical organization namespace references across governance infrastructure
2026-05-10 05:31:00 -0500 a1066df Normalize runtime artifact exclusions and repository continuity state
2026-05-11 05:10:05 -0500 682d8c5 Add nested repository governance audit evidence
2026-05-11 05:13:24 -0500 b91500a Add nested repository differentiation evidence
2026-05-11 05:13:53 -0500 61f1ea7 Add nested repository differentiation evidence
2026-05-14 11:53:18 -0500 b843f29 Add canonical HHI authority footer standards
2026-05-14 17:28:58 -0500 3a0e7ca Add public onboarding and graspability layer
2026-05-15 06:13:27 -0500 1304e96 Add governance architecture diagram set
2026-05-15 06:13:56 -0500 1e81f1f Sync governance diagram state
2026-05-15 07:59:15 -0500 93714c1 Standardize top five HHI repository navigation
2026-05-15 08:28:05 -0500 1dcd529 Normalize README ecosystem architecture and onboarding structure
2026-05-18 20:08:31 -0500 3f1bca8 Add HHI authority graph governance architecture
2026-05-19 12:13:29 -0500 3ad081f Add authority graph interoperability and lineage mappings
2026-05-20 02:21:31 -0500 7ddb264 Add HHI governed authorship provenance artifacts
===== /data/data/com.termux/files/home/HHI/Longitudinal_Behavioral_Governance =====
2026-01-15 16:50:25 -0600 85754d4 Create README.md
2026-01-15 16:52:14 -0600 aa51af2 Create relationship-to-HHI-GOV-01.md
2026-01-15 16:54:19 -0600 ea6bdc4 Create HHI-Master-License.txt
2026-02-18 15:40:26 -0600 69be72d chore: add HHI governance reference
2026-04-19 10:10:59 -0500 4c51d9e sync: authority + audit + enforcement layer
2026-05-22 11:48:27 -0500 f098e46 Add stop authority continuity governance evidence
2026-05-22 11:49:28 -0500 6e09b67 Add runtime recovery continuity evidence
2026-05-22 15:07:41 -0500 81d5ae9 runtime: add governance telemetry, replay validation, and assurance infrastructure
2026-05-22 15:10:31 -0500 964da86 runtime: add longitudinal telemetry, OTLP export, and replay continuity validation
===== /data/data/com.termux/files/home/HHI/Research_Papers =====
2025-12-05 23:18:32 -0600 d3b43c8 Initialize Hollow House Institute research repo structure + dataset scaffolding
2025-12-05 23:36:32 -0600 d377709 Create RESEARCH_README.md
2025-12-05 23:38:41 -0600 b091e5a Create glossary for Hollow House Institute research
2025-12-05 23:39:18 -0600 fb96fc9 Delete 0_ADMIN/README.md
2025-12-05 23:41:42 -0600 948344f Add ethical guidelines for research practices
2025-12-06 00:49:12 -0600 4ff0bdd Delete 0_ADMIN/ethical_guidelines.md
2025-12-14 04:07:16 -0600 a8a9329 Update flame_line_topologies.md
2025-12-14 04:08:07 -0600 1ca10d2 Update hollow_light_framework.md
2025-12-14 04:08:58 -0600 c453603 Update house_of_mirrors_methodology.md
2025-12-14 04:09:46 -0600 6a649b7 Update linguistic_self_model.md
2025-12-14 04:10:45 -0600 503cace Update nervous_system_architecture.md
2025-12-14 09:45:50 -0600 6234752 Delete 1_THEORY/flame_line_topologies.md
2025-12-14 09:46:39 -0600 b0464e6 Delete 1_THEORY directoryc
2025-12-14 09:47:40 -0600 b2fefd1 Add files via upload
2025-12-14 09:49:00 -0600 66377e4 Rename 1_theory_optimized_unified_theory.md to THEORY.md
2025-12-14 09:49:48 -0600 d1dbe7e Rename THEORY.md to 1_THEORY.md
2025-12-14 09:51:20 -0600 67e5b26 Update RESEARCH_README.md
2025-12-14 09:51:37 -0600 cd28e59 Update RESEARCH_README.md
2025-12-14 09:59:26 -0600 bfa5f85 Update 1_THEORY.md
2025-12-14 10:00:32 -0600 4ca6e67 Rename RESEARCH_glossary.md to glossary.md
2025-12-14 10:03:19 -0600 3e4fe0b Rename ADMIN/glossary.md to o_ADMIN_glossary.md
2025-12-14 10:04:04 -0600 e14d74f Rename o_ADMIN_glossary.md to 0_ADMIN_glossary.md
2025-12-14 11:04:19 -0600 5595beb Rename RESEARCH_ethical_guidelines.md to ethical_guidelines.md
2025-12-14 11:08:15 -0600 165eb75 Update paper_template.md
2025-12-14 11:11:54 -0600 ef5d5fd Update protocol_map_overview.md
2025-12-14 11:13:22 -0600 8912571 Rename 1_THEORY.md to 1_THEORY/theory.md
2025-12-14 11:15:27 -0600 755bc5a Update architect_law.md
2025-12-14 11:17:17 -0600 15de02c Update codex_mapping.md
2025-12-14 11:17:58 -0600 4f9eaab Update collapse_mechanics.md
2025-12-14 11:18:53 -0600 dc85676 Update contract_naming.md
2025-12-14 11:19:39 -0600 c3574da Update mantra_ledger.md
2025-12-14 11:20:37 -0600 936a6d3 Update scan_spine.md
2025-12-14 11:23:32 -0600 6dd7c1d Update experiment_design.md
2025-12-14 11:24:12 -0600 1192a13 Update annotation_protocol.md
2025-12-14 11:27:10 -0600 5dc5583 Create README.md
2025-12-14 11:27:49 -0600 b8a4148 Update dataset_specs.md
2025-12-14 11:28:28 -0600 2bfaf6e Update forensic_linguistics_schema.md
2025-12-14 11:29:46 -0600 97653db Update high_value_dataset_catalog.md
2025-12-14 11:30:24 -0600 b4340ba Update personal_journals_protocol.md
2025-12-14 11:32:29 -0600 75766c8 Create README.md
2025-12-14 11:53:26 -0600 80755e0 Create analysis_README.md
2025-12-14 11:54:10 -0600 bdf1704 Update narrative_collapse_cases.md
2025-12-14 11:54:54 -0600 3d7eda0 Update pattern_recognition_methods.md
2025-12-14 11:55:41 -0600 023f687 Update psychological_analysis_tools.md
2025-12-14 11:56:19 -0600 d8758d2 Update self_witness_chronology.md
2025-12-14 11:59:46 -0600 5aa143c Update paper_HL_001_childhood_processor.md
2025-12-14 12:02:01 -0600 9507570 Create papers_README.md
2025-12-14 12:03:23 -0600 17ff636 Update papers_README.md
2025-12-14 12:04:21 -0600 e717fbb Create drafts_README.md
2025-12-14 12:06:28 -0600 aab80d7 Create draft_templete.md
2025-12-14 12:07:42 -0600 7193c75 Create STATUS.md
2025-12-14 12:15:46 -0600 61aae46 Create EXEMPLAR_affective_resonance_pipeline.md
2025-12-14 12:16:28 -0600 7f27c1e Rename EXEMPLAR_affective_resonance_pipeline.md to paper_EXEMPLAR_affective_resonance_pipeline.md
2025-12-14 12:18:49 -0600 6954f7d Update paper_EXEMPLAR_affective_resonance_pipeline.md
2025-12-14 12:20:09 -0600 a2df574 Create paper_EXEMPLAR_identity_drift_pipeline.md
2025-12-14 13:29:11 -0600 8b7e3b2 Update paper_HL_002_house_of_mirrors.md
2025-12-14 13:30:52 -0600 c7c5ca0 Update paper_HL_003_contract_collapse.md
2025-12-14 13:34:18 -0600 1b93539 Update paper_HL_004_affective_resonance.md
2025-12-14 13:36:34 -0600 38e61aa Create paper_HL_000_program_overview.md
2025-12-14 15:16:10 -0600 1ef3caa Create tools_README.md
2025-12-14 15:16:41 -0600 4c4b945 Update ai_assistant_prompts.md
2025-12-14 15:19:06 -0600 dfa93bb Update batch_processing_workflows.md
2025-12-14 15:20:01 -0600 1d8f13d Update text_extraction_scripts.md
2025-12-14 15:22:46 -0600 d5cf748 Create labeling_README.md
2025-12-14 15:24:13 -0600 75f405f Create structural_annotation_guide.md
2025-12-14 15:29:12 -0600 2da6a86 Create scripts
2025-12-14 15:33:40 -0600 94ad9cc Delete 6_TOOLS/scripts
2025-12-14 16:20:39 -0600 afe9f83 Create .gitkeep
2025-12-14 16:24:16 -0600 a88af97 Create appendix_README.md
2025-12-15 01:06:50 -0600 981c33d Create README.md
2025-12-15 01:07:53 -0600 9bcb8ec Create STRUCTURE_STATUS.md
2025-12-15 01:12:27 -0600 afa128d Freeze repository structure as canonical
2025-12-15 04:10:25 -0600 cbfcfb9 Update README.md
2025-12-15 04:18:39 -0600 35688a1 Update README.md
2025-12-15 06:43:57 -0600 f3a4a79 Update README.md
2025-12-15 07:47:41 -0600 52ce8fe Add files via upload
2025-12-15 07:49:08 -0600 56a256c Add files via upload
2025-12-15 07:57:44 -0600 6198ce1 Create CANONICAL_THEORY.md
2025-12-31 14:24:49 -0600 e67ec84 Update README.md
2026-01-01 15:47:02 -0600 a9697b9 Update README.md
2026-01-01 15:49:46 -0600 13cce95 Update README.md
2026-01-01 15:58:21 -0600 d49b9f2 Update README.md
2026-01-01 15:59:09 -0600 53c70ff Update README.md
2026-01-03 12:36:52 -0600 a175166 Update README.md
2026-01-15 12:52:59 -0600 2e66831 Update README.md
2026-01-17 23:49:59 -0600 45938fe Bind repository governance to HHI-GOV-01
2026-02-03 17:49:45 -0600 9570673 Add archive lock to preserve research artifacts
2026-02-03 17:49:59 -0600 e43633c Add canonical checksums for research archive
2026-02-09 18:22:14 -0600 e525158 Create RESEARCH_INDEX.md
2026-02-09 18:23:24 -0600 7678041 Create TOPIC_TO_GOVERNANCE_MAP.md
2026-02-09 18:24:59 -0600 20a02e2 Create PAPER_GOVERNANCE_LINKS.md
2026-02-17 23:17:59 -0600 b2036ce Update README per SPEC-003 (authority and scope)
2026-02-18 11:35:40 -0600 084776b Add HHI governance header and diagram
2026-02-18 13:31:43 -0600 8bdae96 Update README.md
2026-02-18 13:38:15 -0600 6a8c13e Update README.md
2026-02-18 13:40:16 -0600 6c6baac Update README.md
2026-02-18 13:41:30 -0600 41c4ebe Update README.md
2026-02-18 15:40:12 -0600 393a4ce chore: add HHI governance reference
2026-02-20 14:01:18 -0600 0ad3576 Update README.md
2026-02-20 14:02:03 -0600 b84f81f Update README.md
2026-03-02 18:23:35 -0600 4800900 Merge branch 'main' into add-spec-003-readme
2026-03-02 18:23:47 -0600 3b2cde0 Merge pull request #1 from hollowhouseinstitute/add-spec-003-readme
2026-04-19 10:11:03 -0500 124aced sync: authority + audit + enforcement layer
2026-05-22 10:25:47 -0500 abc35a1 Add DOI-ready military AI governance white paper package
2026-05-22 10:34:20 -0500 1777e07 Add DOCX source continuity for DOI package
2026-05-22 14:59:02 -0500 3210b8f research: add HHI Governance Observability Platform publication package
2026-05-22 23:43:42 -0500 675c55c research: add DOI-ready execution-time governance publication package
2026-05-22 23:44:38 -0500 75e4fb0 research: add release manifest for DOI publication package
2026-05-23 10:47:58 -0500 ca2389a governance: harden EU AI Act interoperability wording
2026-05-23 10:50:46 -0500 2ae0ad4 governance: reduce regulatory overstatement language
2026-05-23 10:51:14 -0500 ed70f02 governance: normalize survivability compliance wording
2026-05-23 10:53:51 -0500 52beda8 governance: add publication review boundary controls
2026-05-23 10:55:17 -0500 6d23c33 audit: log publication governance hardening sequence
2026-05-23 10:56:37 -0500 271e673 governance: align whitepapers with publication boundary controls
2026-05-23 10:57:57 -0500 2508c8e audit: log whitepaper alignment normalization sequence
2026-05-23 11:05:39 -0500 a01f97f governance: embed publication controls into DOI packages
2026-05-23 11:07:15 -0500 6edb9b5 audit: log DOI package governance embedding sequence
===== /data/data/com.termux/files/home/HHI/artifacts =====
2026-02-08 16:50:15 -0600 0942c00 first commit
2026-02-08 20:18:21 -0600 de9bd29 Establish audit repo structure (structure-only)
2026-02-08 20:24:08 -0600 f180b2b Capture bot prompts (declared authority)
2026-02-08 20:27:53 -0600 04e897f Add auditor boundary test (role enforcement)
2026-02-08 20:28:35 -0600 ebee40d Add builder boundary test (role-constrained execution)
2026-02-08 20:29:05 -0600 be973b5 Add advisor boundary test (advisory-only role enforcement)
2026-02-08 20:51:03 -0600 5a61fbf Capture builder boundary test execution (verbatim output)
2026-02-08 20:57:36 -0600 f2e8e2e Capture boundary test executions and evidence log
2026-02-08 21:03:31 -0600 1e35903 Add audit evidence repository README
2026-02-11 09:02:45 -0600 5baa1e6 audit: capture chat transcript, implicit boundary test, and reference snapshots
2026-02-11 09:13:46 -0600 c37d385 Add governance-first interaction case study and audit scope notice
2026-02-11 09:15:49 -0600 6eb92f9 Add SHA-256 checksums for governance-first interaction case study
2026-02-11 19:19:01 -0600 624d7dd audit: add cleaned access drift audit artifacts (2026-02-11)
2026-02-12 07:26:41 -0600 8ea1904 add chat artifact: unstable mirrors evidence
2026-02-12 07:31:21 -0600 d63f2bf add chat artifact: unstable mirrors evidence
2026-02-12 07:40:03 -0600 9b2fd4e add checksum: unstable mirrors chat artifact
2026-02-12 07:40:50 -0600 e76654f add checksum: unstable mirrors chat artifact
2026-02-12 07:42:03 -0600 76c214b add downstream reference: unstable mirrors chat artifact
2026-02-12 07:43:36 -0600 8cb6204 add chat artifact: runtime and feedback trace
2026-02-12 07:44:41 -0600 a47bc68 add chat artifact: authority transfer trace
2026-02-12 07:45:12 -0600 84d8a1c add chat artifact: comparison note
2026-02-12 07:46:16 -0600 1789497 expand downstream reference: unstable mirrors chat artifact set
2026-02-12 11:10:17 -0600 2f0c8c5 audit(portal): add HHI_Portal_v6 governance audit artifact
2026-03-15 20:28:10 -0500 540cfe1 Add audit schema and citation metadata for governance research credibility
2026-03-15 20:29:44 -0500 a752e20 Add audit schema, failure taxonomy, and governance case index for structured audit analysis
2026-03-15 20:31:55 -0500 0c8b816 Add audit schema, failure taxonomy, case index, citation metadata, and methodology for structured governance audits
2026-03-15 20:36:56 -0500 186e9f7 Add evidence capture policy defining append-only evidence integrity rules
2026-03-17 20:39:32 -0500 45eca05 Add canonical governance enforcement block (terminology propagation)
2026-03-21 19:22:43 -0500 171309b Add Grok HHI 30-day audit structure (Day 1 initialized)
2026-03-22 06:04:05 -0500 adea858 HHI governance audit scaffold initialized
2026-03-22 06:06:27 -0500 f51f25a Stabilize checksum script and add baseline
2026-03-22 06:09:51 -0500 d38042c Add enforcement CI (fail on checksum drift)
2026-03-22 10:45:54 -0500 eaa3466 Upgrade Grok audit package to governance-locked structure with manifest and checksum tooling
2026-03-22 11:27:14 -0500 b9fbf37 Add Day 01 terms metadata + Day 02 format precision test
2026-03-22 11:28:10 -0500 f8ffa25 Add YAML metadata header to Day 02 audit file
2026-03-22 11:28:46 -0500 e26e27a Add YAML metadata header to Day 01 audit file
2026-03-22 11:30:59 -0500 cdf9b56 Add Day 03 truthfulness test (do not guess behavior)
2026-03-22 11:31:50 -0500 a3a1f54 Refresh checksums after Day 03
2026-03-22 11:33:49 -0500 a07a8a6 Add Day 04 scope control test (perfect pass)
2026-03-22 11:33:57 -0500 3a54f5f Refresh checksums after Day 04
2026-03-22 11:34:46 -0500 51fae26 Fix Day 04 file content (printf issue resolved)
2026-03-22 11:34:54 -0500 7a8003b Refresh checksums after Day 04 fix
2026-03-22 11:37:58 -0500 87730a1 Add corrected audit output (run_001 governance-compliant)
2026-03-22 11:38:39 -0500 3dcaf82 Add run_002 prompt (source discipline test)
2026-03-22 11:39:38 -0500 457f12e Add run_002 output (source discipline test)
2026-03-23 17:22:58 -0500 81158d8 Add governance artifacts + traceability map
2026-03-23 17:25:09 -0500 1c0cf70 Add checksum lock + CI validation workflow
2026-03-23 21:32:40 -0500 e2644f6 Add Day 05 authority control test (strong pass with structural drift)
2026-03-23 21:32:50 -0500 7f85292 Refresh checksums after Day 05
2026-03-23 21:34:37 -0500 3640c07 Add Day 06 uncertainty labeling test (pass)
2026-03-23 21:34:45 -0500 993c65f Refresh checksums after Day 06
2026-03-23 21:51:22 -0500 942f0c4 Add Day 07 classification test (weak pass, misclassification observed)
2026-03-23 21:51:27 -0500 82a5178 Refresh checksums after Day 07
2026-03-23 21:53:35 -0500 adc82d4 Add Day 08 evidence requirement test (pass)
2026-03-23 21:53:42 -0500 b9c5b81 Refresh checksums after Day 08
2026-03-23 21:55:26 -0500 907150a Add Day 09 confidence calibration test (strong pass with verbosity drift)
2026-03-23 21:55:30 -0500 12f46bf Refresh checksums after Day 09
2026-03-23 21:57:42 -0500 d46767b Refresh checksums after Day 10
2026-03-23 22:03:35 -0500 ceafa39 Normalize checksum script path and regenerate checksums
2026-03-23 22:06:38 -0500 fade0b2 Stabilize deterministic checksum generation
2026-03-23 22:10:56 -0500 190e681 Fix checksum self-inclusion loop
2026-03-23 22:19:18 -0500 4185f57 Add checksum debug output
2026-03-24 07:40:32 -0500 462fff1 Fix CI drift by excluding .github from checksum set
2026-03-24 07:47:10 -0500 cf09ae5 Ignore generated checksum artifacts
2026-03-24 07:52:47 -0500 dadb992 Align audit-enforce workflow with canonical checksum script
2026-03-24 07:56:03 -0500 0dc55f4 Rebuild checksum baseline to match canonical script
2026-03-24 08:01:46 -0500 d424494 Fix checksum ordering determinism using xargs pipeline
2026-03-24 08:05:20 -0500 31336c8 Update root checksum baseline after governance fixes
2026-03-24 08:16:47 -0500 3dd9208 Fix YAML syntax and align release workflow with checksum script
2026-03-26 17:16:10 -0500 c875865 audit lock 2026-03-26 (CORE_GOVERNANCE)
2026-03-26 17:19:05 -0500 c7da43f audit index + distribution 2026-03-26
2026-03-26 17:19:53 -0500 cb7ddc1 audit index + distribution 2026-03-26
2026-03-26 17:25:37 -0500 5dc9671 update post status 2026-03-26
2026-03-26 20:44:28 -0500 02d9d30 fix engagement log 2026-03-26
2026-03-26 20:47:48 -0500 81c53d9 fix + log + push 2026-03-26
2026-03-26 20:49:34 -0500 4186db7 log engagement 2026-03-26 (42/6)
2026-03-26 20:51:37 -0500 5fdb036 engagement anomaly check 2026-03-26 (80/12)
2026-03-26 20:56:46 -0500 d027f4f fix false posting log 2026-03-26
2026-03-26 21:47:31 -0500 210e3dc log engagement 2026-03-26 (0/0)
2026-03-31 17:59:34 -0500 4b91c94 Add governance-check workflow (Execution-Time enforcement)
2026-03-31 18:02:22 -0500 4677aeb Upgrade to governance-check v2 (Authority + integrity enforcement)
2026-03-31 18:08:26 -0500 683037b Upgrade to governance-check v3 (audit-grade enforcement)
2026-03-31 18:11:40 -0500 138af73 Repair org governance alignment for v3 enforcement
2026-03-31 18:21:00 -0500 11550b7 Trigger governance run
2026-03-31 18:22:40 -0500 534cd2d Allow artifact generation on failure (telemetry fix)
2026-03-31 18:22:54 -0500 807f418 Trigger telemetry-safe run
2026-03-31 18:24:21 -0500 81f7af6 Force artifact generation (v4 fix)
2026-03-31 18:24:39 -0500 af9b83c Trigger artifact fix
2026-03-31 18:26:02 -0500 d4da407 Rebuild workflow (v4 stable)
2026-03-31 18:26:12 -0500 db5da54 Trigger clean workflow
2026-03-31 18:27:32 -0500 8c5ddd6 Install minimal working workflow (debug)
2026-03-31 18:27:41 -0500 43d5e79 Trigger minimal workflow
2026-03-31 18:29:00 -0500 4f0fe0e Disable conflicting workflows (telemetry stabilization)
2026-03-31 18:29:08 -0500 1da7662 Clean CI state
2026-03-31 18:31:18 -0500 ebe4a48 Upgrade to production governance workflow
2026-04-02 17:22:13 -0500 a2269da Inject Execution-Time Governance system (CI + telemetry + enforcement)
2026-04-02 17:23:05 -0500 094ca70 Enable all governance workflows (remove disabled state)
2026-04-02 17:52:50 -0500 053a9b5 v1.0.0-audit-lock: evidence layer activation + schema + checksum release
2026-04-02 17:54:47 -0500 24259a4 runtime evidence: 2026-04-02T22:54:47Z
2026-04-02 17:55:42 -0500 354f2f0 fix: timezone-aware UTC timestamps for audit compliance
2026-04-02 17:59:33 -0500 5264b8f enforcement: severity-based actions + stop authority binding
2026-04-06 01:16:12 -0500 2fd7840 Exclude runtime telemetry from checksum boundary and refresh manifest
2026-04-13 04:41:59 -0500 5c8badb Fix CI false-positive by excluding workflow from CC BY scan
2026-04-13 09:29:47 -0500 5fef241 fix: stabilize workflows + checksum exclusions
2026-04-13 13:30:31 -0500 8ed8b8f global fix: remove heredoc + make enforcement non-blocking
2026-04-14 12:18:46 -0500 d356c16 fix: stabilize workflows + checksum
2026-04-19 10:10:33 -0500 10f19bc sync: authority + audit + enforcement layer
2026-04-28 07:34:32 -0500 b4ae326 update checksums: reconcile drift
2026-04-29 08:18:43 -0500 e5f662f Add HHI-CASE-REL-001 behavioral governance case study
2026-04-29 09:08:29 -0500 941a524 fix: structural checksum boundary (exclude telemetry.jsonl)
2026-04-29 09:11:46 -0500 89bc1b9 enforce: exclude *.jsonl + checkpoint telemetry → evidence
2026-04-29 09:13:09 -0500 1bc0df5 checkpoint: telemetry → evidence (auto)
2026-04-29 09:13:27 -0500 e80319b checkpoint: telemetry → evidence (auto)
2026-04-29 09:17:36 -0500 332f08d Update checksum.yml
2026-04-29 09:19:57 -0500 4e88c95 Fix checksum mismatch: remove or restore generate_checksums.sh
2026-04-29 09:21:33 -0500 16ee7c8 Update checksums after script modification
2026-04-29 09:27:42 -0500 72b3d90 Update checksums after script stabilization
2026-04-29 09:37:17 -0500 7dda3e3 Reset checksum system: remove invalid paths and rebuild integrity
2026-04-29 09:44:19 -0500 3f0ae72 Fix workflows: unify checksum validation to root CHECKSUMS.sha256
2026-04-29 09:47:34 -0500 822ff57 trigger: clean CI run
2026-04-29 09:49:20 -0500 13fe38f Fix checksum workflow: use single root CHECKSUMS.sha256
2026-04-29 09:49:37 -0500 0aa8a77 trigger: final clean CI
2026-05-03 13:34:18 -0500 f898ef8 pipeline 2026-05-03
2026-05-03 13:38:27 -0500 450a975 backfill telemetry 2026-05-03
2026-05-03 13:43:17 -0500 fd69eb1 telemetry pipeline 2026-05-03
2026-05-03 13:43:19 -0500 68dc5d7 telemetry finalize 2026-05-03
2026-05-03 13:44:16 -0500 441ee39 fix telemetry formatting
2026-05-03 13:46:01 -0500 49bac89 anomaly check 2026-05-03-13:46:01
2026-05-04 09:00:00 -0500 40d03cc pipeline 2026-05-04
2026-05-04 09:00:03 -0500 08369a0 telemetry pipeline 2026-05-04
2026-05-04 09:00:06 -0500 380ab5f telemetry finalize 2026-05-04
2026-05-04 09:00:07 -0500 b0b97b3 level2 anomaly 2026-05-04-09:00:07
2026-05-05 09:02:39 -0500 2d1f508 pipeline 2026-05-05
2026-05-05 09:02:41 -0500 048c5bd telemetry pipeline 2026-05-05
2026-05-05 09:02:45 -0500 6fe85c5 telemetry finalize 2026-05-05
2026-05-05 09:02:56 -0500 b6c9f26 level2 anomaly 2026-05-05-09:02:48
2026-05-10 05:28:57 -0500 97bbefb Normalize canonical organization namespace references across governance infrastructure
2026-05-10 05:31:02 -0500 1f1477c Normalize runtime artifact exclusions and repository continuity state
2026-05-10 05:50:33 -0500 69938f2 Add AI co-creation governance interaction evidence structure
2026-05-14 12:56:42 -0500 7b5eebc Archive governance continuity interaction evidence
2026-05-14 13:14:18 -0500 6c6c0e2 Checkpoint local governance continuity evidence
2026-05-14 13:40:48 -0500 79eea5e Add continuity export bundle and checksum manifest
2026-05-15 06:09:21 -0500 3742ce4 Add governance architecture diagrams
2026-05-15 06:14:14 -0500 3630a48 Add governance architecture diagrams and lineage updates
2026-05-15 06:19:55 -0500 45b1022 Add Behavioral Drift Detection case study
2026-05-15 06:20:20 -0500 ef330bc Add HHI case studies index
2026-05-15 07:59:22 -0500 666640b Standardize top five HHI repository navigation
2026-05-15 08:32:16 -0500 d7dc58d Normalize audits README ecosystem structure
2026-05-15 18:52:41 -0500 967843f Add behavioral drift pressure test governance artifact
2026-05-22 20:08:10 -0500 96ff928 evidence: add observability normalization continuity notes
===== /data/data/com.termux/files/home/HHI/privacy_ops =====
2026-05-09 23:40:09 -0500 46d5e80 Initialize HHI privacy operations artifact stack
2026-05-09 23:40:09 -0500 00953b8 Add privacy operations README
2026-05-09 23:40:30 -0500 2ad7820 Add governance-safe gitignore for operational artifacts
2026-05-09 23:40:49 -0500 2d02803 Add vendor AI risk review governance template
2026-05-09 23:41:10 -0500 f5ad8a4 Add ISO 42001 governance alignment sprint template
2026-05-09 23:41:58 -0500 c1e6948 Track canonical checksum manifests for governance integrity
2026-05-09 23:42:36 -0500 0dc1cb7 Track exported governance bundles and signed evidence artifacts
2026-05-09 23:44:15 -0500 17f6b3f Add release reference to privacy operations README
2026-05-09 23:44:32 -0500 23114a0 Add Zenodo-compatible citation metadata
2026-05-09 23:45:04 -0500 34798a3 Add Zenodo activation instructions
2026-05-09 23:46:38 -0500 01462fe Prepare README for Zenodo DOI linkage
2026-05-09 23:47:17 -0500 dd9194a Refresh checksum manifest after Zenodo release updates
2026-05-10 00:01:46 -0500 0411fac Add Zenodo DOI to repository README
2026-05-10 00:02:14 -0500 2b4c696 Add operational governance service catalog
2026-05-10 00:02:38 -0500 afd2ce9 Add automated governance export workflow
2026-05-10 00:03:10 -0500 4dac054 Track runtime governance directories and retention automation
2026-05-10 00:03:26 -0500 e7fda65 Add governance event schema for operational telemetry continuity
2026-05-10 00:03:42 -0500 f3533f7 Add runtime governance logging documentation
2026-05-10 00:04:00 -0500 b057cae Add runtime governance status artifact
2026-05-10 00:04:32 -0500 ceb2d89 Add operational privacy governance standards crosswalk
2026-05-10 00:04:54 -0500 51c1b4c Add governance replay continuity policy
2026-05-10 00:05:10 -0500 a31d7dd Add continuous assurance governance model
2026-05-10 00:05:27 -0500 6dee6ae Add operational governance telemetry example
2026-05-10 00:06:20 -0500 7f36224 Add governance runtime continuity validation workflow
2026-05-10 05:09:49 -0500 929defa Remove ephemeral export bundles from canonical continuity validation
2026-05-10 05:12:13 -0500 caef1c0 Restore snapshot continuity policy artifact and checksum alignment
2026-05-10 05:15:01 -0500 aaa8182 Trigger runtime continuity validation rerun
2026-05-10 05:16:25 -0500 306ca2a Purge export artifacts from canonical checksum continuity scope
2026-05-10 05:29:04 -0500 f72776a Normalize canonical organization namespace references across governance infrastructure
2026-05-10 05:31:09 -0500 7763573 Normalize runtime artifact exclusions and repository continuity state
2026-05-20 02:21:34 -0500 21ef13a Add HHI governed authorship provenance artifacts
===== /data/data/com.termux/files/home/HHI/repos/HHI_Audits =====
2026-02-08 16:50:15 -0600 0942c00 first commit
2026-02-08 20:18:21 -0600 de9bd29 Establish audit repo structure (structure-only)
2026-02-08 20:24:08 -0600 f180b2b Capture bot prompts (declared authority)
2026-02-08 20:27:53 -0600 04e897f Add auditor boundary test (role enforcement)
2026-02-08 20:28:35 -0600 ebee40d Add builder boundary test (role-constrained execution)
2026-02-08 20:29:05 -0600 be973b5 Add advisor boundary test (advisory-only role enforcement)
2026-02-08 20:51:03 -0600 5a61fbf Capture builder boundary test execution (verbatim output)
2026-02-08 20:57:36 -0600 f2e8e2e Capture boundary test executions and evidence log
2026-02-08 21:03:31 -0600 1e35903 Add audit evidence repository README
2026-02-11 09:02:45 -0600 5baa1e6 audit: capture chat transcript, implicit boundary test, and reference snapshots
2026-02-11 09:13:46 -0600 c37d385 Add governance-first interaction case study and audit scope notice
2026-02-11 09:15:49 -0600 6eb92f9 Add SHA-256 checksums for governance-first interaction case study
2026-02-11 19:19:01 -0600 624d7dd audit: add cleaned access drift audit artifacts (2026-02-11)
2026-02-12 07:26:41 -0600 8ea1904 add chat artifact: unstable mirrors evidence
2026-02-12 07:31:21 -0600 d63f2bf add chat artifact: unstable mirrors evidence
2026-02-12 07:40:03 -0600 9b2fd4e add checksum: unstable mirrors chat artifact
2026-02-12 07:40:50 -0600 e76654f add checksum: unstable mirrors chat artifact
2026-02-12 07:42:03 -0600 76c214b add downstream reference: unstable mirrors chat artifact
2026-02-12 07:43:36 -0600 8cb6204 add chat artifact: runtime and feedback trace
2026-02-12 07:44:41 -0600 a47bc68 add chat artifact: authority transfer trace
2026-02-12 07:45:12 -0600 84d8a1c add chat artifact: comparison note
2026-02-12 07:46:16 -0600 1789497 expand downstream reference: unstable mirrors chat artifact set
2026-02-12 11:10:17 -0600 2f0c8c5 audit(portal): add HHI_Portal_v6 governance audit artifact
2026-03-15 20:28:10 -0500 540cfe1 Add audit schema and citation metadata for governance research credibility
2026-03-15 20:29:44 -0500 a752e20 Add audit schema, failure taxonomy, and governance case index for structured audit analysis
2026-03-15 20:31:55 -0500 0c8b816 Add audit schema, failure taxonomy, case index, citation metadata, and methodology for structured governance audits
2026-03-15 20:36:56 -0500 186e9f7 Add evidence capture policy defining append-only evidence integrity rules
2026-03-17 20:39:32 -0500 45eca05 Add canonical governance enforcement block (terminology propagation)
2026-03-21 19:22:43 -0500 171309b Add Grok HHI 30-day audit structure (Day 1 initialized)
2026-03-22 06:04:05 -0500 adea858 HHI governance audit scaffold initialized
2026-03-22 06:06:27 -0500 f51f25a Stabilize checksum script and add baseline
2026-03-22 06:09:51 -0500 d38042c Add enforcement CI (fail on checksum drift)
2026-03-22 10:45:54 -0500 eaa3466 Upgrade Grok audit package to governance-locked structure with manifest and checksum tooling
2026-03-22 11:27:14 -0500 b9fbf37 Add Day 01 terms metadata + Day 02 format precision test
2026-03-22 11:28:10 -0500 f8ffa25 Add YAML metadata header to Day 02 audit file
2026-03-22 11:28:46 -0500 e26e27a Add YAML metadata header to Day 01 audit file
2026-03-22 11:30:59 -0500 cdf9b56 Add Day 03 truthfulness test (do not guess behavior)
2026-03-22 11:31:50 -0500 a3a1f54 Refresh checksums after Day 03
2026-03-22 11:33:49 -0500 a07a8a6 Add Day 04 scope control test (perfect pass)
2026-03-22 11:33:57 -0500 3a54f5f Refresh checksums after Day 04
2026-03-22 11:34:46 -0500 51fae26 Fix Day 04 file content (printf issue resolved)
2026-03-22 11:34:54 -0500 7a8003b Refresh checksums after Day 04 fix
2026-03-22 11:37:58 -0500 87730a1 Add corrected audit output (run_001 governance-compliant)
2026-03-22 11:38:39 -0500 3dcaf82 Add run_002 prompt (source discipline test)
2026-03-22 11:39:38 -0500 457f12e Add run_002 output (source discipline test)
2026-03-23 17:22:58 -0500 81158d8 Add governance artifacts + traceability map
2026-03-23 17:25:09 -0500 1c0cf70 Add checksum lock + CI validation workflow
2026-03-23 21:32:40 -0500 e2644f6 Add Day 05 authority control test (strong pass with structural drift)
2026-03-23 21:32:50 -0500 7f85292 Refresh checksums after Day 05
2026-03-23 21:34:37 -0500 3640c07 Add Day 06 uncertainty labeling test (pass)
2026-03-23 21:34:45 -0500 993c65f Refresh checksums after Day 06
2026-03-23 21:51:22 -0500 942f0c4 Add Day 07 classification test (weak pass, misclassification observed)
2026-03-23 21:51:27 -0500 82a5178 Refresh checksums after Day 07
2026-03-23 21:53:35 -0500 adc82d4 Add Day 08 evidence requirement test (pass)
2026-03-23 21:53:42 -0500 b9c5b81 Refresh checksums after Day 08
2026-03-23 21:55:26 -0500 907150a Add Day 09 confidence calibration test (strong pass with verbosity drift)
2026-03-23 21:55:30 -0500 12f46bf Refresh checksums after Day 09
2026-03-23 21:57:42 -0500 d46767b Refresh checksums after Day 10
2026-03-23 22:03:35 -0500 ceafa39 Normalize checksum script path and regenerate checksums
2026-03-23 22:06:38 -0500 fade0b2 Stabilize deterministic checksum generation
2026-03-23 22:10:56 -0500 190e681 Fix checksum self-inclusion loop
2026-03-23 22:19:18 -0500 4185f57 Add checksum debug output
2026-03-24 07:40:32 -0500 462fff1 Fix CI drift by excluding .github from checksum set
2026-03-24 07:47:10 -0500 cf09ae5 Ignore generated checksum artifacts
2026-03-24 07:52:47 -0500 dadb992 Align audit-enforce workflow with canonical checksum script
2026-03-24 07:56:03 -0500 0dc55f4 Rebuild checksum baseline to match canonical script
2026-03-24 08:01:46 -0500 d424494 Fix checksum ordering determinism using xargs pipeline
2026-03-24 08:05:20 -0500 31336c8 Update root checksum baseline after governance fixes
2026-03-24 08:16:47 -0500 3dd9208 Fix YAML syntax and align release workflow with checksum script
2026-03-26 17:16:10 -0500 c875865 audit lock 2026-03-26 (CORE_GOVERNANCE)
2026-03-26 17:19:05 -0500 c7da43f audit index + distribution 2026-03-26
2026-03-26 17:19:53 -0500 cb7ddc1 audit index + distribution 2026-03-26
2026-03-26 17:25:37 -0500 5dc9671 update post status 2026-03-26
2026-03-26 20:44:28 -0500 02d9d30 fix engagement log 2026-03-26
2026-03-26 20:47:48 -0500 81c53d9 fix + log + push 2026-03-26
2026-03-26 20:49:34 -0500 4186db7 log engagement 2026-03-26 (42/6)
2026-03-26 20:51:37 -0500 5fdb036 engagement anomaly check 2026-03-26 (80/12)
2026-03-26 20:56:46 -0500 d027f4f fix false posting log 2026-03-26
2026-03-26 21:47:31 -0500 210e3dc log engagement 2026-03-26 (0/0)
2026-03-31 17:59:34 -0500 4b91c94 Add governance-check workflow (Execution-Time enforcement)
2026-03-31 18:02:22 -0500 4677aeb Upgrade to governance-check v2 (Authority + integrity enforcement)
2026-03-31 18:08:26 -0500 683037b Upgrade to governance-check v3 (audit-grade enforcement)
2026-03-31 18:11:40 -0500 138af73 Repair org governance alignment for v3 enforcement
2026-03-31 18:21:00 -0500 11550b7 Trigger governance run
2026-03-31 18:22:40 -0500 534cd2d Allow artifact generation on failure (telemetry fix)
2026-03-31 18:22:54 -0500 807f418 Trigger telemetry-safe run
2026-03-31 18:24:21 -0500 81f7af6 Force artifact generation (v4 fix)
2026-03-31 18:24:39 -0500 af9b83c Trigger artifact fix
2026-03-31 18:26:02 -0500 d4da407 Rebuild workflow (v4 stable)
2026-03-31 18:26:12 -0500 db5da54 Trigger clean workflow
2026-03-31 18:27:32 -0500 8c5ddd6 Install minimal working workflow (debug)
2026-03-31 18:27:41 -0500 43d5e79 Trigger minimal workflow
2026-03-31 18:29:00 -0500 4f0fe0e Disable conflicting workflows (telemetry stabilization)
2026-03-31 18:29:08 -0500 1da7662 Clean CI state
2026-03-31 18:31:18 -0500 ebe4a48 Upgrade to production governance workflow
2026-04-02 17:22:13 -0500 a2269da Inject Execution-Time Governance system (CI + telemetry + enforcement)
2026-04-02 17:23:05 -0500 094ca70 Enable all governance workflows (remove disabled state)
2026-04-02 17:52:50 -0500 053a9b5 v1.0.0-audit-lock: evidence layer activation + schema + checksum release
2026-04-02 17:54:47 -0500 24259a4 runtime evidence: 2026-04-02T22:54:47Z
2026-04-02 17:55:42 -0500 354f2f0 fix: timezone-aware UTC timestamps for audit compliance
2026-04-02 17:59:33 -0500 5264b8f enforcement: severity-based actions + stop authority binding
2026-04-06 01:16:12 -0500 2fd7840 Exclude runtime telemetry from checksum boundary and refresh manifest
2026-04-13 04:41:59 -0500 5c8badb Fix CI false-positive by excluding workflow from CC BY scan
2026-04-13 09:29:47 -0500 5fef241 fix: stabilize workflows + checksum exclusions
2026-04-13 13:30:31 -0500 8ed8b8f global fix: remove heredoc + make enforcement non-blocking
2026-04-14 12:18:46 -0500 d356c16 fix: stabilize workflows + checksum
2026-04-19 10:10:33 -0500 10f19bc sync: authority + audit + enforcement layer
2026-04-28 07:34:32 -0500 b4ae326 update checksums: reconcile drift
2026-04-29 08:18:43 -0500 e5f662f Add HHI-CASE-REL-001 behavioral governance case study
2026-04-29 09:08:29 -0500 941a524 fix: structural checksum boundary (exclude telemetry.jsonl)
2026-04-29 09:11:46 -0500 89bc1b9 enforce: exclude *.jsonl + checkpoint telemetry → evidence
2026-04-29 09:13:09 -0500 1bc0df5 checkpoint: telemetry → evidence (auto)
2026-04-29 09:13:27 -0500 e80319b checkpoint: telemetry → evidence (auto)
2026-04-29 09:17:36 -0500 332f08d Update checksum.yml
2026-04-29 09:19:57 -0500 4e88c95 Fix checksum mismatch: remove or restore generate_checksums.sh
2026-04-29 09:21:33 -0500 16ee7c8 Update checksums after script modification
2026-04-29 09:27:42 -0500 72b3d90 Update checksums after script stabilization
2026-04-29 09:37:17 -0500 7dda3e3 Reset checksum system: remove invalid paths and rebuild integrity
2026-04-29 09:44:19 -0500 3f0ae72 Fix workflows: unify checksum validation to root CHECKSUMS.sha256
2026-04-29 09:47:34 -0500 822ff57 trigger: clean CI run
2026-04-29 09:49:20 -0500 13fe38f Fix checksum workflow: use single root CHECKSUMS.sha256
2026-04-29 09:49:37 -0500 0aa8a77 trigger: final clean CI
2026-05-03 13:34:18 -0500 f898ef8 pipeline 2026-05-03
2026-05-03 13:38:27 -0500 450a975 backfill telemetry 2026-05-03
2026-05-03 13:43:17 -0500 fd69eb1 telemetry pipeline 2026-05-03
2026-05-03 13:43:19 -0500 68dc5d7 telemetry finalize 2026-05-03
2026-05-03 13:44:16 -0500 441ee39 fix telemetry formatting
2026-05-03 13:46:01 -0500 49bac89 anomaly check 2026-05-03-13:46:01
2026-05-04 09:00:00 -0500 40d03cc pipeline 2026-05-04
2026-05-04 09:00:03 -0500 08369a0 telemetry pipeline 2026-05-04
2026-05-04 09:00:06 -0500 380ab5f telemetry finalize 2026-05-04
2026-05-04 09:00:07 -0500 b0b97b3 level2 anomaly 2026-05-04-09:00:07
2026-05-05 09:02:39 -0500 2d1f508 pipeline 2026-05-05
2026-05-05 09:02:41 -0500 048c5bd telemetry pipeline 2026-05-05
2026-05-05 09:02:45 -0500 6fe85c5 telemetry finalize 2026-05-05
2026-05-05 09:02:56 -0500 b6c9f26 level2 anomaly 2026-05-05-09:02:48
2026-05-10 05:28:57 -0500 97bbefb Normalize canonical organization namespace references across governance infrastructure
2026-05-10 05:31:02 -0500 1f1477c Normalize runtime artifact exclusions and repository continuity state
2026-05-10 05:50:33 -0500 69938f2 Add AI co-creation governance interaction evidence structure
2026-05-14 12:56:42 -0500 7b5eebc Archive governance continuity interaction evidence
2026-05-14 13:14:18 -0500 6c6c0e2 Checkpoint local governance continuity evidence
2026-05-14 13:40:48 -0500 79eea5e Add continuity export bundle and checksum manifest
===== /data/data/com.termux/files/home/HHI_Audits =====
2026-02-08 16:50:15 -0600 0942c00 first commit
2026-02-08 20:18:21 -0600 de9bd29 Establish audit repo structure (structure-only)
2026-02-08 20:24:08 -0600 f180b2b Capture bot prompts (declared authority)
2026-02-08 20:27:53 -0600 04e897f Add auditor boundary test (role enforcement)
2026-02-08 20:28:35 -0600 ebee40d Add builder boundary test (role-constrained execution)
2026-02-08 20:29:05 -0600 be973b5 Add advisor boundary test (advisory-only role enforcement)
2026-02-08 20:51:03 -0600 5a61fbf Capture builder boundary test execution (verbatim output)
2026-02-08 20:57:36 -0600 f2e8e2e Capture boundary test executions and evidence log
2026-02-08 21:03:31 -0600 1e35903 Add audit evidence repository README
2026-02-11 09:02:45 -0600 5baa1e6 audit: capture chat transcript, implicit boundary test, and reference snapshots
2026-02-11 09:13:46 -0600 c37d385 Add governance-first interaction case study and audit scope notice
2026-02-11 09:15:49 -0600 6eb92f9 Add SHA-256 checksums for governance-first interaction case study
2026-02-11 19:19:01 -0600 624d7dd audit: add cleaned access drift audit artifacts (2026-02-11)
2026-02-12 07:26:41 -0600 8ea1904 add chat artifact: unstable mirrors evidence
2026-02-12 07:31:21 -0600 d63f2bf add chat artifact: unstable mirrors evidence
2026-02-12 07:40:03 -0600 9b2fd4e add checksum: unstable mirrors chat artifact
2026-02-12 07:40:50 -0600 e76654f add checksum: unstable mirrors chat artifact
2026-02-12 07:42:03 -0600 76c214b add downstream reference: unstable mirrors chat artifact
2026-02-12 07:43:36 -0600 8cb6204 add chat artifact: runtime and feedback trace
2026-02-12 07:44:41 -0600 a47bc68 add chat artifact: authority transfer trace
2026-02-12 07:45:12 -0600 84d8a1c add chat artifact: comparison note
2026-02-12 07:46:16 -0600 1789497 expand downstream reference: unstable mirrors chat artifact set
2026-02-12 11:10:17 -0600 2f0c8c5 audit(portal): add HHI_Portal_v6 governance audit artifact
2026-03-15 20:28:10 -0500 540cfe1 Add audit schema and citation metadata for governance research credibility
2026-03-15 20:29:44 -0500 a752e20 Add audit schema, failure taxonomy, and governance case index for structured audit analysis
2026-03-15 20:31:55 -0500 0c8b816 Add audit schema, failure taxonomy, case index, citation metadata, and methodology for structured governance audits
2026-03-15 20:36:56 -0500 186e9f7 Add evidence capture policy defining append-only evidence integrity rules
2026-03-17 20:39:32 -0500 45eca05 Add canonical governance enforcement block (terminology propagation)
2026-03-21 19:22:43 -0500 171309b Add Grok HHI 30-day audit structure (Day 1 initialized)
2026-03-22 06:04:05 -0500 adea858 HHI governance audit scaffold initialized
2026-03-22 06:06:27 -0500 f51f25a Stabilize checksum script and add baseline
2026-03-22 06:09:51 -0500 d38042c Add enforcement CI (fail on checksum drift)
2026-03-22 10:45:54 -0500 eaa3466 Upgrade Grok audit package to governance-locked structure with manifest and checksum tooling
2026-03-22 11:27:14 -0500 b9fbf37 Add Day 01 terms metadata + Day 02 format precision test
2026-03-22 11:28:10 -0500 f8ffa25 Add YAML metadata header to Day 02 audit file
2026-03-22 11:28:46 -0500 e26e27a Add YAML metadata header to Day 01 audit file
2026-03-22 11:30:59 -0500 cdf9b56 Add Day 03 truthfulness test (do not guess behavior)
2026-03-22 11:31:50 -0500 a3a1f54 Refresh checksums after Day 03
2026-03-22 11:33:49 -0500 a07a8a6 Add Day 04 scope control test (perfect pass)
2026-03-22 11:33:57 -0500 3a54f5f Refresh checksums after Day 04
2026-03-22 11:34:46 -0500 51fae26 Fix Day 04 file content (printf issue resolved)
2026-03-22 11:34:54 -0500 7a8003b Refresh checksums after Day 04 fix
2026-03-22 11:37:58 -0500 87730a1 Add corrected audit output (run_001 governance-compliant)
2026-03-22 11:38:39 -0500 3dcaf82 Add run_002 prompt (source discipline test)
2026-03-22 11:39:38 -0500 457f12e Add run_002 output (source discipline test)
2026-03-23 17:22:58 -0500 81158d8 Add governance artifacts + traceability map
2026-03-23 17:25:09 -0500 1c0cf70 Add checksum lock + CI validation workflow
2026-03-23 21:32:40 -0500 e2644f6 Add Day 05 authority control test (strong pass with structural drift)
2026-03-23 21:32:50 -0500 7f85292 Refresh checksums after Day 05
2026-03-23 21:34:37 -0500 3640c07 Add Day 06 uncertainty labeling test (pass)
2026-03-23 21:34:45 -0500 993c65f Refresh checksums after Day 06
2026-03-23 21:51:22 -0500 942f0c4 Add Day 07 classification test (weak pass, misclassification observed)
2026-03-23 21:51:27 -0500 82a5178 Refresh checksums after Day 07
2026-03-23 21:53:35 -0500 adc82d4 Add Day 08 evidence requirement test (pass)
2026-03-23 21:53:42 -0500 b9c5b81 Refresh checksums after Day 08
2026-03-23 21:55:26 -0500 907150a Add Day 09 confidence calibration test (strong pass with verbosity drift)
2026-03-23 21:55:30 -0500 12f46bf Refresh checksums after Day 09
2026-03-23 21:57:42 -0500 d46767b Refresh checksums after Day 10
2026-03-23 22:03:35 -0500 ceafa39 Normalize checksum script path and regenerate checksums
2026-03-23 22:06:38 -0500 fade0b2 Stabilize deterministic checksum generation
2026-03-23 22:10:56 -0500 190e681 Fix checksum self-inclusion loop
2026-03-23 22:19:18 -0500 4185f57 Add checksum debug output
2026-03-24 07:40:32 -0500 462fff1 Fix CI drift by excluding .github from checksum set
2026-03-24 07:47:10 -0500 cf09ae5 Ignore generated checksum artifacts
2026-03-24 07:52:47 -0500 dadb992 Align audit-enforce workflow with canonical checksum script
2026-03-24 07:56:03 -0500 0dc55f4 Rebuild checksum baseline to match canonical script
2026-03-24 08:01:46 -0500 d424494 Fix checksum ordering determinism using xargs pipeline
2026-03-24 08:05:20 -0500 31336c8 Update root checksum baseline after governance fixes
2026-03-24 08:16:47 -0500 3dd9208 Fix YAML syntax and align release workflow with checksum script
2026-03-26 17:16:10 -0500 c875865 audit lock 2026-03-26 (CORE_GOVERNANCE)
2026-03-26 17:19:05 -0500 c7da43f audit index + distribution 2026-03-26
2026-03-26 17:19:53 -0500 cb7ddc1 audit index + distribution 2026-03-26
2026-03-26 17:25:37 -0500 5dc9671 update post status 2026-03-26
2026-03-26 20:44:28 -0500 02d9d30 fix engagement log 2026-03-26
2026-03-26 20:47:48 -0500 81c53d9 fix + log + push 2026-03-26
2026-03-26 20:49:34 -0500 4186db7 log engagement 2026-03-26 (42/6)
2026-03-26 20:51:37 -0500 5fdb036 engagement anomaly check 2026-03-26 (80/12)
2026-03-26 20:56:46 -0500 d027f4f fix false posting log 2026-03-26
2026-03-26 21:47:31 -0500 210e3dc log engagement 2026-03-26 (0/0)
2026-03-31 17:59:34 -0500 4b91c94 Add governance-check workflow (Execution-Time enforcement)
2026-03-31 18:02:22 -0500 4677aeb Upgrade to governance-check v2 (Authority + integrity enforcement)
2026-03-31 18:08:26 -0500 683037b Upgrade to governance-check v3 (audit-grade enforcement)
2026-03-31 18:11:40 -0500 138af73 Repair org governance alignment for v3 enforcement
2026-03-31 18:21:00 -0500 11550b7 Trigger governance run
2026-03-31 18:22:40 -0500 534cd2d Allow artifact generation on failure (telemetry fix)
2026-03-31 18:22:54 -0500 807f418 Trigger telemetry-safe run
2026-03-31 18:24:21 -0500 81f7af6 Force artifact generation (v4 fix)
2026-03-31 18:24:39 -0500 af9b83c Trigger artifact fix
2026-03-31 18:26:02 -0500 d4da407 Rebuild workflow (v4 stable)
2026-03-31 18:26:12 -0500 db5da54 Trigger clean workflow
2026-03-31 18:27:32 -0500 8c5ddd6 Install minimal working workflow (debug)
2026-03-31 18:27:41 -0500 43d5e79 Trigger minimal workflow
2026-03-31 18:29:00 -0500 4f0fe0e Disable conflicting workflows (telemetry stabilization)
2026-03-31 18:29:08 -0500 1da7662 Clean CI state
2026-03-31 18:31:18 -0500 ebe4a48 Upgrade to production governance workflow
2026-04-02 17:22:13 -0500 a2269da Inject Execution-Time Governance system (CI + telemetry + enforcement)
2026-04-02 17:23:05 -0500 094ca70 Enable all governance workflows (remove disabled state)
2026-04-02 17:52:50 -0500 053a9b5 v1.0.0-audit-lock: evidence layer activation + schema + checksum release
2026-04-02 17:54:47 -0500 24259a4 runtime evidence: 2026-04-02T22:54:47Z
2026-04-02 17:55:42 -0500 354f2f0 fix: timezone-aware UTC timestamps for audit compliance
2026-04-02 17:59:33 -0500 5264b8f enforcement: severity-based actions + stop authority binding
2026-04-06 01:16:12 -0500 2fd7840 Exclude runtime telemetry from checksum boundary and refresh manifest
2026-04-13 04:41:59 -0500 5c8badb Fix CI false-positive by excluding workflow from CC BY scan
2026-04-13 09:29:47 -0500 5fef241 fix: stabilize workflows + checksum exclusions
2026-04-13 13:30:31 -0500 8ed8b8f global fix: remove heredoc + make enforcement non-blocking
2026-04-14 12:18:46 -0500 d356c16 fix: stabilize workflows + checksum
2026-04-19 10:10:33 -0500 10f19bc sync: authority + audit + enforcement layer
2026-04-28 07:34:32 -0500 b4ae326 update checksums: reconcile drift
2026-04-29 08:18:43 -0500 e5f662f Add HHI-CASE-REL-001 behavioral governance case study
2026-04-29 09:08:29 -0500 941a524 fix: structural checksum boundary (exclude telemetry.jsonl)
2026-04-29 09:11:46 -0500 89bc1b9 enforce: exclude *.jsonl + checkpoint telemetry → evidence
2026-04-29 09:13:09 -0500 1bc0df5 checkpoint: telemetry → evidence (auto)
2026-04-29 09:13:27 -0500 e80319b checkpoint: telemetry → evidence (auto)
2026-04-29 09:17:36 -0500 332f08d Update checksum.yml
2026-04-29 09:19:57 -0500 4e88c95 Fix checksum mismatch: remove or restore generate_checksums.sh
2026-04-29 09:21:33 -0500 16ee7c8 Update checksums after script modification
2026-04-29 09:27:42 -0500 72b3d90 Update checksums after script stabilization
2026-04-29 09:37:17 -0500 7dda3e3 Reset checksum system: remove invalid paths and rebuild integrity
2026-04-29 09:44:19 -0500 3f0ae72 Fix workflows: unify checksum validation to root CHECKSUMS.sha256
2026-04-29 09:47:34 -0500 822ff57 trigger: clean CI run
2026-04-29 09:49:20 -0500 13fe38f Fix checksum workflow: use single root CHECKSUMS.sha256
2026-04-29 09:49:37 -0500 0aa8a77 trigger: final clean CI
2026-05-03 13:34:18 -0500 f898ef8 pipeline 2026-05-03
2026-05-03 13:38:27 -0500 450a975 backfill telemetry 2026-05-03
2026-05-03 13:43:17 -0500 fd69eb1 telemetry pipeline 2026-05-03
2026-05-03 13:43:19 -0500 68dc5d7 telemetry finalize 2026-05-03
2026-05-03 13:44:16 -0500 441ee39 fix telemetry formatting
2026-05-03 13:46:01 -0500 49bac89 anomaly check 2026-05-03-13:46:01
2026-05-04 09:00:00 -0500 40d03cc pipeline 2026-05-04
2026-05-04 09:00:03 -0500 08369a0 telemetry pipeline 2026-05-04
2026-05-04 09:00:06 -0500 380ab5f telemetry finalize 2026-05-04
2026-05-04 09:00:07 -0500 b0b97b3 level2 anomaly 2026-05-04-09:00:07
2026-05-05 09:02:39 -0500 2d1f508 pipeline 2026-05-05
2026-05-05 09:02:41 -0500 048c5bd telemetry pipeline 2026-05-05
2026-05-05 09:02:45 -0500 6fe85c5 telemetry finalize 2026-05-05
2026-05-05 09:02:56 -0500 b6c9f26 level2 anomaly 2026-05-05-09:02:48
2026-05-10 05:28:57 -0500 97bbefb Normalize canonical organization namespace references across governance infrastructure
2026-05-10 05:31:02 -0500 1f1477c Normalize runtime artifact exclusions and repository continuity state
2026-05-10 05:50:33 -0500 69938f2 Add AI co-creation governance interaction evidence structure
2026-05-14 12:56:42 -0500 7b5eebc Archive governance continuity interaction evidence
2026-05-14 13:14:18 -0500 6c6c0e2 Checkpoint local governance continuity evidence
2026-05-14 13:40:48 -0500 79eea5e Add continuity export bundle and checksum manifest
2026-05-15 06:09:21 -0500 3742ce4 Add governance architecture diagrams
2026-05-15 06:14:14 -0500 3630a48 Add governance architecture diagrams and lineage updates
2026-05-15 06:19:55 -0500 45b1022 Add Behavioral Drift Detection case study
2026-05-15 06:20:20 -0500 ef330bc Add HHI case studies index
2026-05-15 07:59:22 -0500 666640b Standardize top five HHI repository navigation
2026-05-15 08:32:16 -0500 d7dc58d Normalize audits README ecosystem structure
2026-05-15 18:52:41 -0500 967843f Add behavioral drift pressure test governance artifact
2026-05-22 20:08:10 -0500 96ff928 evidence: add observability normalization continuity notes
2026-05-23 11:26:44 -0500 bd2038a fix: regenerate canonical checksum manifest
2026-05-23 11:31:08 -0500 95b53c8 audit: log checksum recovery governance sequence
2026-05-23 13:16:18 -0500 f711a7f audit: log longitudinal governance continuity evidence
2026-05-23 13:18:10 -0500 e022d21 audit: add local repository surface inventory evidence
2026-05-23 13:28:04 -0500 ec6af18 audit: log repository recovery and classification sequence
2026-05-23 13:29:19 -0500 6dadd0a audit: add governance recovery inventory archive
===== /data/data/com.termux/files/home/HHI_Authority_Feed =====
2026-04-10 11:53:50 -0500 0531f86 HHI authority system initialized
2026-04-10 12:28:46 -0500 47ded90 Create README.md
2026-04-10 12:30:00 -0500 b2d9f20 Update README.md
2026-04-10 12:33:48 -0500 f443490 Merge branch 'main' of https://github.com/Hollow-house-institute/HHI_Authority_Feed
2026-04-10 12:34:16 -0500 fc6ac08 HHI narrative 2026-04-10
2026-04-11 09:13:01 -0500 515220f HHI multi-output 2026-04-11
2026-04-11 09:29:08 -0500 0a29e01 fix generator structure
2026-04-12 23:00:17 -0500 d3db48a HHI narrative 2026-04-12
2026-04-12 23:06:28 -0500 c3052b0 add rotation
2026-04-12 23:07:33 -0500 f210f5e manual dev post 2026-04-12
2026-04-19 10:10:42 -0500 98d14d0 sync: authority + audit + enforcement layer
2026-04-21 20:05:08 -0500 a95cb43 day11: behavioral drift content log
2026-04-21 20:15:30 -0500 c3258db log: 2026-04-21
2026-04-21 20:42:44 -0500 4953ca3 Add Authority Block and governance layer declaration
2026-04-21 15:58:13 -0500 fe9e62f Add post template + footer enforcement
2026-04-22 12:04:04 -0500 9468017 Log Day 11 authority engagement
2026-04-22 12:07:24 -0500 17f074b log: 2026-04-22
2026-04-22 12:09:28 -0500 b8e0f6a log: 2026-04-22_12-09
2026-04-22 12:13:17 -0500 11c6152 log: 2026-04-22_12-11
2026-04-22 12:15:26 -0500 1e88377 log: 2026-04-22_12-14
2026-04-22 12:46:11 -0500 a2feed3 log: 2026-04-22_12-15
2026-04-23 13:02:07 -0500 83e0e7f log: 2026-04-23_13-01
2026-04-23 13:20:24 -0500 7b8072a backfill: days 1-9 (titles + minimal)
2026-04-23 13:21:42 -0500 30e47de backfill: days 1-9 (LinkedIn + DEV titles)
2026-04-23 13:22:38 -0500 ba7abd0 backfill: comments + post_log days 1-9
2026-04-24 08:57:41 -0500 17c8b08 log: full entry (post + comment + metadata)
2026-04-25 00:12:14 -0500 37c7157 log: comment (2026-04-25)
2026-04-25 00:13:37 -0500 b1075ac log: comment (2026-04-25)
2026-04-25 00:16:00 -0500 db33b37 log: comment (2026-04-25)
2026-04-25 00:24:03 -0500 ea55dfa log: weighted comment (2026-04-25)
2026-04-25 00:29:34 -0500 f392cef log: weighted comment (2026-04-25)
2026-04-25 00:30:36 -0500 66930fe log: DEV comments backfill (2026-04-25)
2026-04-25 00:34:11 -0500 86b51b4 setup: comment engine + logging + weighting system
2026-04-25 00:36:00 -0500 d309a9b fix: adjust weight thresholds
2026-04-25 00:57:11 -0500 c45c309 log: block comment (2026-04-25)
===== /data/data/com.termux/files/home/.config/HHI_ORG_README =====
2025-12-12 23:50:46 -0600 3cf1049 Initial commit
2025-12-13 01:59:48 -0600 22661ad Create README.md
2025-12-31 14:23:03 -0600 62be568 Update README.md
2026-01-01 15:35:40 -0600 3010194 Update README.mdDlogan
2026-01-01 15:43:48 -0600 c4a669e Update README.md
2026-01-03 10:37:27 -0600 36bc5d9 Update README.md
2026-01-07 18:42:48 -0600 0c2a25c Update README.md
2026-01-11 10:18:12 -0600 0304cfe Update README.md
2026-01-15 12:25:16 -0600 1df5911 Update README.md
2026-01-15 12:53:41 -0600 78c0491 Update README.md
2026-01-24 02:52:36 -0600 234dcfa Update README.md
2026-01-24 02:53:09 -0600 d548f27 Update README.md
2026-01-19 12:46:55 -0600 dd2d013 Establish canonical organization authority and scope
2026-03-09 20:31:35 -0500 3a9944b Establish organization governance infrastructure
2026-03-12 22:01:49 -0500 b974972 Create copilot-instructions.md
2026-03-12 22:03:04 -0500 08ba541 Rename .github/copilot-instructions.md to .copilot-instructions.md
2026-03-14 09:36:23 -0500 e63c07c Update README.md
2026-03-15 02:03:29 -0500 c0ea46b Add Hollow House Institute organization profile README (Behavioral AI Governance)
2026-03-15 02:05:33 -0500 0494c65 Add SEO definition sections for Behavioral AI Governance, Governance Drift, and Execution-Time Governance
2026-04-04 20:56:04 -0500 80d9669 governance: enforce decision boundary, stop authority, telemetry
2026-04-04 20:56:59 -0500 32bef38 governance: strengthen decision boundary, add failure telemetry, enforce escalation
2026-04-04 20:58:18 -0500 73964e8 governance: org-wide enforcement, telemetry persistence, escalation binding
2026-04-04 20:59:29 -0500 dbd103b governance: checksum, licensing, dataset integrity enforcement
2026-04-04 22:31:53 -0500 5fa28dc release audit: signed checksums, strict schema validation, DOI-linked export
2026-04-04 22:41:03 -0500 813e7d1 governance: escalation persistence + audit registry + DOI binding
2026-04-04 22:45:29 -0500 170e15f fix: ensure repos dir exists, prevent empty API failure, stabilize enforcement runtime
2026-04-04 22:54:16 -0500 17912cd fix: resolve shell syntax error in repo fetch command
2026-04-04 22:59:11 -0500 cb71cbf fix: clean repo fetch syntax
2026-04-04 23:00:09 -0500 2074b5f fix: correct org + stable repo fetch
2026-04-04 23:01:30 -0500 315db8a fix: align API org with runtime org variable
2026-04-04 23:11:55 -0500 32e10d1 ENFORCEMENT: Add Decision Boundary, Stop Authority, Escalation, Telemetry
2026-04-04 23:15:10 -0500 2bc45d0 REMOVE: Non-canonical governance enforcement (Authority correction)
2026-04-04 23:15:21 -0500 8bc1d20 ENFORCEMENT: Convert org repo to relay-only
2026-05-05 11:47:58 -0500 5821223 bind: org-level DOI (execution governance proof)
2026-05-14 17:33:16 -0500 ba4656c Update org profile README for public graspability
2026-05-15 07:58:27 -0500 144e53a Add governance ecosystem layer mapping to org README
2026-05-15 08:33:19 -0500 66a950d Add ecosystem onboarding and architecture continuity overview
2026-05-15 08:33:44 -0500 4d123b3 Add ecosystem onboarding and architecture continuity overview
2026-05-19 21:41:39 -0500 3876e6f Update README.md
2026-05-20 00:59:15 -0500 e8da5c1 Add governance telemetry visual to org profile
2026-05-20 20:33:02 -0500 dbb91fb Refactor org README for cleaner runtime governance architecture presentation
===== /data/data/com.termux/files/home/HHI/Ai_Human_Relations_Datasets =====
2025-11-23 16:21:22 -0600 6a86e85 Add files via upload
2025-11-23 16:25:01 -0600 4fa77de Revise institution name and citation in README
2025-11-24 00:11:05 -0600 fda4a04 Update README.md with new dataset information
2025-11-24 00:13:46 -0600 b5276c8 Update README.md
2025-11-24 00:14:19 -0600 2dc7383 Add Relational Field OPS Dataset details to README
2025-11-24 00:14:49 -0600 4103723 Update and rename README.md to Docs/README.md
2025-11-24 00:16:41 -0600 ba09480 Add Data Dictionary for Relational Field OPS Dataset
2025-11-24 00:18:01 -0600 7412c1d Create Schema.JSON for relational_field_ops_dataset
2025-11-27 13:08:28 -0600 1e69b21 Create Onboarding _researchers.md
2025-11-27 13:09:56 -0600 a58abf2 Create Onboarding _therapist.md
2025-11-27 13:10:44 -0600 9964e52 Create Onboarding_ai_labs.md
2025-11-27 13:12:49 -0600 435ca1e Update Data_dictonary.md
2025-11-27 14:31:35 -0600 e8ff158 Update and rename ai_coregulation_log.csv to processed/ai_coregulation_log.csv
2025-11-27 14:32:15 -0600 64bbdc9 Update and rename field_sensation_log.csv to processed/field_sensation_log.csv
2025-11-28 15:42:09 -0600 da99cfe Update README.md
2025-11-28 15:44:06 -0600 3c42bbd Update README.md
2025-11-28 15:46:48 -0600 ec941d3 Update LICENSE.md
2025-12-02 03:18:21 -0600 4c21b07 Delete LICENSE.txt
2025-12-02 03:19:50 -0600 760a505 Update README.md
2025-12-02 03:21:01 -0600 9b433bc Update LICENSE.md
2026-01-14 12:45:59 -0600 9c78de9 Update README.md
2026-01-14 12:50:13 -0600 f0271cf Update README.md
2026-01-14 13:46:25 -0600 2310054 Create README.md
2026-01-14 13:49:41 -0600 cd2ec5f Create DATASET_CARD.md
2026-01-14 13:51:06 -0600 60a33e2 Create LICENSE_BINDING.md
2026-01-14 13:52:31 -0600 c5d6e14 Create ACCESS_POLICY.md
2026-01-14 13:52:58 -0600 078ad57 Create SECURITY.md
2026-01-14 13:53:40 -0600 019a3f6 Create CITATION.md
2026-01-14 13:54:03 -0600 89a9b0e Create ATTESTATION.md
2026-01-15 12:38:59 -0600 ebe7bd6 Update README.md
2026-01-17 23:49:54 -0600 6bb4f62 Bind repository governance to HHI-GOV-01
2026-02-03 17:57:18 -0600 c236533 Add canonical lock manifest and dataset checksums
2026-02-18 11:30:26 -0600 a16d21b Add HHI governance header and diagram
2026-02-18 15:40:15 -0600 37879c3 chore: add HHI governance reference
2026-04-19 09:01:28 -0500 a24ca8e sync: authority + audit + enforcement layer
2026-05-15 11:26:57 -0500 22f8899 Initialize AI lab-ready longitudinal governance dataset architecture
2026-05-15 11:30:08 -0500 e05d508 Add research-grade dataset governance and replay infrastructure
2026-05-15 11:30:39 -0500 472c595 Add research applications privacy governance and telemetry examples
2026-05-15 11:31:20 -0500 85b1f6a Add lineage replay and governance interoperability models
2026-05-15 11:32:05 -0500 22a0ae2 Add lineage schemas governance event bus and replay export tooling
2026-05-20 02:21:20 -0500 038d5f7 Add HHI governed authorship provenance artifacts
2026-05-20 02:34:59 -0500 58cf178 Add HHI governed authorship provenance artifacts
2026-05-22 14:42:51 -0500 1d1dd78 research: add governance survivability and runtime artifact appendices
2026-05-22 14:49:50 -0500 8e69c46 research: add runtime governance flow and operational scenario appendices
===== /data/data/com.termux/files/home/HHI/Governance_Infrastructure_Layer =====
2026-04-01 19:53:31 -0500 ccbcf68 Initial governance infrastructure deliverables
2026-04-01 21:52:17 -0500 66654ae Add full HHI governance system: drift, escalation, assurance, metadata, reports
2026-04-01 21:55:58 -0500 09a9fc8 Add HHI next-level governance intelligence layer: dashboard, routing, maps, enforcement, guardian
2026-04-01 21:58:57 -0500 36f5549 Add Continuous Governance Daemon, Health Engine, and Supervisor
2026-04-01 21:59:58 -0500 d18ee48 Add HHI Governance CLI, API layer, evidence normalizer, and telemetry visualizer
2026-04-01 22:03:19 -0500 c9e7596 Add global hhi entrypoint and top-level GOVERNANCE.md
2026-04-01 22:08:19 -0500 48d1b50 Finalize policy compiler permissions
2026-04-02 01:24:01 -0500 e1078a4 Add Execution-Time Governance, Telemetry, Interaction Trace, and Accountability layers
2026-04-02 01:25:46 -0500 5598b6d Add Continuous Assurance, Telemetry, Drift Detection, and Bound Accountability
2026-04-02 01:30:35 -0500 f5ad2ab Add CI runtime governance: telemetry + thresholds + artifact logging
2026-04-02 01:36:46 -0500 fc811dd Enforce severity telemetry, mandatory escalation, hard stop authority, backend control, interaction trace UI, and thresholds
2026-04-02 01:44:50 -0500 b94cf88 HHI: Add execution-time governance runtime (drift, escalation, accountability, telemetry)
2026-04-02 07:40:04 -0500 882028b Release: Governance Infrastructure Layer — Execution-Time Governance
2026-04-02 19:41:44 -0500 c38b3af Upgrade landing page to enterprise-grade UI with live governance telemetry and status
2026-04-02 19:42:57 -0500 08ec73e Add role-based dashboard (CFO / CTO / Audit views)
2026-04-02 19:43:58 -0500 d47e58d Add role-based access control (CFO/CTO/Audit enforced at backend)
2026-04-02 19:44:40 -0500 62e83d6 Add JWT auth, expiring sessions, and per-request audit binding
2026-04-02 21:21:19 -0500 db70e33 Fix shebang line for GitHub Actions runner compatibility in generate_metrics.sh
2026-04-03 16:12:53 -0500 7afb2be Updated shebang line in thresholds.sh
2026-04-03 21:50:06 -0500 b570ff4 Initial commit: governance engine + README
2026-04-03 21:52:25 -0500 c75d3a3 Resolve README merge conflict with final version
2026-04-03 22:10:18 -0500 4aacca6 Remove node_modules and add gitignore
2026-04-04 23:57:19 -0500 b24cd65 Fix README: clarify server must be running before curl
2026-04-05 00:03:28 -0500 429d75a Update README and add start script
2026-04-03 16:19:36 -0500 d3d3aa5 Fix: correct Termux shebangs and remove interactive read prompt
2026-04-13 09:29:58 -0500 091d985 fix: stabilize workflows + checksum exclusions
2026-04-13 09:31:45 -0500 6005740 wip: finalize local changes before rebase
2026-04-13 09:39:55 -0500 85e4b3a fix: make threshold enforcement non-blocking
2026-04-14 12:19:37 -0500 5dd79be fix: stabilize workflows + checksum
2026-04-19 10:10:18 -0500 c171559 sync: authority + audit + enforcement layer
2026-04-21 20:45:01 -0500 180952b Clarify purpose statement and add Authority Block with governance layer declaration
2026-05-15 08:19:00 -0500 d3e0c9d Add canonical ecosystem architecture and README governance standards
2026-05-15 08:21:26 -0500 366e1ad Add ecosystem architecture checksum manifest
2026-05-15 08:22:36 -0500 4389972 Add canonical repository role matrix
2026-05-15 08:24:02 -0500 70a7a43 Add ecosystem system map and visual architecture diagrams
2026-05-15 08:26:53 -0500 8f994b7 Add README normalization, duplication reduction, and website onboarding strategy plans
2026-05-15 10:53:58 -0500 f07a712 Add canonical ecosystem asset inventory registry
2026-05-19 11:45:08 -0500 c2b06da Add authority graph ecosystem topology
2026-05-20 00:34:21 -0500 17aa2b7 Add org-wide remediation governance kit
2026-05-20 00:34:23 -0500 892d996 Add remediation kit checksum manifest
2026-05-20 00:38:18 -0500 79efbb3 Add normalized governance blueprint and remediation controls
2026-05-20 00:39:51 -0500 0e5e57d Add governance lineage and runtime continuity validators
2026-05-20 00:41:19 -0500 a6f4195 Add governance telemetry observability and survivability layer
2026-05-20 00:44:09 -0500 e4318b6 Add runtime persistence APIs portability and assurance layer
2026-05-20 00:45:07 -0500 22c2aa8 Add governance dashboard feeds and SIEM observability adapters
2026-05-20 00:45:09 -0500 c5dee1a Add observability layer checksum manifest
2026-05-20 02:21:22 -0500 c1074f3 Add HHI governed authorship provenance artifacts
2026-05-20 03:48:04 -0500 38c8b2c Refresh governance checksum manifest
2026-05-20 03:48:39 -0500 45c6870 Add required governance provenance artifacts
2026-05-20 03:50:58 -0500 a73fa34 Normalize governance enforcement state
2026-05-20 03:55:01 -0500 fbe8c76 Add required governance enforcement terminology
2026-05-22 19:48:53 -0500 df33e15 governance: add ecosystem data classification policy
2026-05-22 19:49:42 -0500 98d5530 governance: define archive lineage boundaries
2026-05-22 19:52:39 -0500 5c2adde governance: add namespace normalization guidance
2026-05-22 20:08:09 -0500 b2152aa governance: add ecosystem observability and replay inventories
===== /data/data/com.termux/files/home/HHI/HHI_Behavioral_Drift_Monitor =====
2026-05-06 13:27:15 -0500 6fca985 Initialize Behavioral Drift Monitor runtime governance baseline
2026-05-06 13:27:31 -0500 a631f34 Add drift classification and governance telemetry artifacts
2026-05-06 13:27:51 -0500 f403e15 Add governance standards crosswalk baseline
2026-05-06 13:28:44 -0500 487cc27 Add runtime governance risk register
2026-05-06 13:28:59 -0500 73bc1b3 Add Stop Authority governance gate and risk register
2026-05-06 13:29:30 -0500 71e399e Add audit export pipeline and governance metrics dashboard
2026-05-06 13:30:16 -0500 393550b Add runtime telemetry ingestion utility
2026-05-06 13:30:24 -0500 c00357b Refresh canonical checksums for telemetry ingestion layer
2026-05-06 13:31:31 -0500 5dc82ae Add governance runtime API surface
2026-05-06 13:33:36 -0500 feee262 Add Stop Authority escalation test scenario
2026-05-06 13:34:39 -0500 299e5ac Add continuous runtime governance daemon
2026-05-06 13:37:12 -0500 0f16d07 Finalize Behavioral Drift Monitor operational README
2026-05-06 13:37:23 -0500 77907b1 Refresh canonical checksums after operational README finalization
2026-05-10 05:29:00 -0500 00ff521 Normalize canonical organization namespace references across governance infrastructure
2026-05-10 05:31:05 -0500 749c947 Normalize runtime artifact exclusions and repository continuity state
2026-05-20 02:21:24 -0500 12022fd Add HHI governed authorship provenance artifacts
2026-05-22 11:40:14 -0500 e82c245 Add stop authority continuity evidence artifact
===== /data/data/com.termux/files/home/HHI/HHI_Behavioral_Governance_Audit =====
2026-05-05 19:17:11 -0500 6054d0b init: HHI Behavioral Governance Audit infrastructurecd
2026-05-05 19:17:18 -0500 5c334c3 init: HHI Behavioral Governance Audit infrastructure
2026-05-05 19:18:19 -0500 cf6e2f3 log: governance audit authority chain initialized
2026-05-05 19:19:20 -0500 e416bc4 init: flagship multi-agent behavioral governance audit
2026-05-05 19:21:05 -0500 165f980 init: governance simulation audit scenario
2026-05-05 19:22:41 -0500 9b42278 log: flagship audit governance telemetry continuity
2026-05-05 19:23:11 -0500 0721594 add: executive governance summary artifact
2026-05-05 19:24:03 -0500 510a5d7 add: governance audit visibility index
2026-05-05 19:24:52 -0500 933151a log: public authority distribution initialized
2026-05-05 19:25:57 -0500 dbd3ccb add: DOI binding metadata for flagship governance audit
2026-05-05 19:32:02 -0500 ca063f2 fix: prepare clean Zenodo metadata for audit DOI
2026-05-10 04:39:32 -0500 72235e3 Add AquariuOS governance interoperability audit message proof
2026-05-10 04:41:08 -0500 94fb3c0 Add AquariuOS interoperability governance telemetry evidence
2026-05-10 05:28:58 -0500 7869802 Normalize canonical organization namespace references across governance infrastructure
2026-05-10 05:31:03 -0500 8dcd0af Normalize runtime artifact exclusions and repository continuity state
2026-05-20 02:21:24 -0500 c12e1c7 Add HHI governed authorship provenance artifacts
===== /data/data/com.termux/files/home/HHI/HHI_CAISI_Governance_Framework =====
2026-05-07 09:38:04 -0500 4de064b Initialize CAISI governance framework repository
2026-05-10 05:29:01 -0500 67df3d2 Normalize canonical organization namespace references across governance infrastructure
2026-05-10 05:31:06 -0500 c4a3818 Normalize runtime artifact exclusions and repository continuity state
2026-05-20 02:21:26 -0500 9387798 Add HHI governed authorship provenance artifacts
===== /data/data/com.termux/files/home/HHI/HHI_Career_Runtime =====
2026-05-12 13:45:29 -0500 aec9853 Initialize career transition runtime infrastructure
2026-05-12 13:46:34 -0500 ce22a28 Add certification and professional translation roadmap
2026-05-12 13:46:57 -0500 e5475b3 Add professional positioning profile
2026-05-12 13:48:16 -0500 f8d8051 Add resume draft, case studies, certification tracker, and application tracking infrastructure
2026-05-12 13:49:00 -0500 4660661 Add 30 day execution plan and LinkedIn positioning draft
2026-05-12 13:49:40 -0500 c71a1d6 Add resume v1, weekly tracker, and interview preparation infrastructure
2026-05-12 13:51:05 -0500 1fb5eeb Add longitudinal commit history log
2026-05-12 13:51:15 -0500 e09933a Add commit history governance audit
2026-05-12 13:53:11 -0500 c27dfe9 Add screenshot proof and AI co-creation evidence infrastructure
2026-05-12 13:54:02 -0500 609ee24 Add structured evidence annotation and collection system
2026-05-12 13:59:29 -0500 d644b96 Add unmistakable GitHub onboarding guide
2026-05-12 14:02:04 -0500 d358157 Log DEV governance portfolio challenge evidence
2026-05-12 14:14:30 -0500 21e4eab Add Gemma 4 runtime governance challenge evidence
2026-05-12 14:17:06 -0500 dec9a3f Add Gemma 4 runtime governance discussion evidence
2026-05-12 14:17:16 -0500 eac7f5a Add Gemma 4 build runtime governance evidence
2026-05-12 15:21:32 -0500 2a695d5 Add freelance governance positioning and professional resume infrastructure
2026-05-12 18:16:38 -0500 57209fd Transform career runtime into operational governance portfolio
2026-05-12 18:18:05 -0500 dbe140d Expand portfolio with services, challenge work, resume, and architecture evidence
2026-05-13 02:18:37 -0500 e89894f Remove resume artifacts from career runtime
2026-05-14 11:59:41 -0500 a63c8a2 Normalize public authority references to Hollow House Institute
2026-05-14 14:49:54 -0500 f7dfc0b Make career runtime job-ready with resume and portfolio structure
2026-05-14 15:10:39 -0500 d9b4bea Add curated operational governance proof portfolio
2026-05-15 06:20:48 -0500 6491a73 Add HHI start here navigation layer
2026-05-15 06:21:14 -0500 ef6cb7c Add HHI professional services layer
2026-05-15 06:22:22 -0500 2ab9093 Add HHI repository system map
2026-05-15 07:59:25 -0500 ff71a2e Standardize top five HHI repository navigation
2026-05-19 11:59:00 -0500 7b591b3 Strengthen career portfolio README positioning
2026-05-19 12:08:53 -0500 caaf85a Add portfolio index and correct career runtime authority mapping
2026-05-19 12:09:31 -0500 3c17a33 Add client deliverables and portfolio navigation
2026-05-19 12:10:08 -0500 5f9368a Add governance proof index and evidence navigation
2026-05-19 12:11:30 -0500 e2260bd Add executive summary and strengthen recruiter-facing positioning
2026-05-19 12:53:39 -0500 cf9390a Add hiring manager brief and 90 day governance operational plan
2026-05-19 13:50:24 -0500 b24a0d8 Add runtime governance proof artifacts and audit evidence samples
2026-05-19 16:22:47 -0500 b2c46a5 Add governance case study evidence artifacts
2026-05-19 16:24:58 -0500 874d23a Add executive overview, capability sheet, visuals section, and application tracking
2026-05-19 16:30:11 -0500 73cc33d Add governance runtime proof visuals to portfolio
2026-05-20 02:14:37 -0500 d696843 Update README.md
2026-05-20 03:35:46 -0500 38a7de9 Initialize HHI Career Runtime provenance layer
2026-05-20 03:39:30 -0500 7cfb8b4 Add repository integrity manifest
2026-05-20 04:00:18 -0500 9cd2a3f Bind canonical DOI provenance to README
===== /data/data/com.termux/files/home/HHI/HHI_GOV_01 =====
2026-01-15 20:11:10 -0600 63fcbbb Create HHI-GOV-01.md
2026-01-15 20:12:45 -0600 fe635d0 Create README.md
2026-01-15 20:14:01 -0600 dc01290 Create LICENSE.md
2026-01-15 22:36:49 -0600 22e2097 Add files via upload
2026-01-17 23:12:55 -0600 5a0dd1d HHI-GOV-01 v1.0 — Canonical governance definition and versioning
2026-01-17 23:38:27 -0600 285d17c Bind org-wide governance authority to HHI-GOV-01
2026-01-17 23:51:08 -0600 1058f86 Add governance diagram pack scaffold
2026-01-17 23:54:04 -0600 322f898 Add enterprise governance audit report template
2026-01-17 23:54:31 -0600 e4861e7 Add CI governance enforcement check
2026-01-17 23:56:43 -0600 661a11a Add public governance explainer
2026-01-17 23:57:08 -0600 4035a27 Add governance–license enforcement crosswalk
2026-01-18 03:23:12 -0600 eee1cef Add governance audit scorecard
2026-01-18 03:24:14 -0600 04c1f18 Add governance scoring calculator
2026-01-18 03:25:40 -0600 da67b48 Add enterprise governance audit report template
2026-01-18 03:26:03 -0600 8973e68 Add governance evidence checklist
2026-01-18 09:40:22 -0600 5826b1d Define dataset governance inheritance rules
2026-01-18 09:40:51 -0600 42552cb Add standard dataset governance header
2026-01-18 09:42:03 -0600 08ee243 Apply HHI_GOV_01 governance inheritance to datasets
2026-01-18 09:49:59 -0600 c3b581c Bind HHI_GOV_01 governance to license enforcement
2026-01-18 09:52:35 -0600 8c53e9c Add public governance explainer
2026-01-18 09:53:19 -0600 4e59bd4 Add governance diagram pack scaffold
2026-01-18 09:56:41 -0600 432c753 Add public positioning statement
2026-01-18 10:03:06 -0600 2d7b68a Add governance audit commercial offer
2026-01-18 10:03:35 -0600 39bde90 Add governed dataset licensing offer
2026-01-18 10:04:06 -0600 aa4441b Add governance-first advisory offer
2026-01-18 10:04:36 -0600 5491800 Add governance services sales index
2026-01-18 10:05:05 -0600 359f9d3 Add invoice boilerplate for governance services
2026-01-18 10:07:48 -0600 ddd505a Add governance certification specification
2026-01-18 10:08:39 -0600 6511251 Add reusable CI governance check template
2026-01-18 10:09:39 -0600 30e5cb3 Add governance CI service offer
2026-01-18 10:10:16 -0600 8026e8e Add recurring governance audit program
2026-01-18 10:10:51 -0600 6194da5 Add governance service delivery checklist
2026-01-18 10:12:28 -0600 9eb3aed Add master offerings index
2026-01-18 10:12:58 -0600 e0b43c7 Add enterprise governance bundle
2026-01-18 10:13:42 -0600 e5ebeab Add launch statement
2026-01-18 10:14:46 -0600 23d837e Define delegation boundaries
2026-01-18 10:15:13 -0600 46f5fa8 Add contractor playbook
2026-01-18 10:17:41 -0600 9235f09 Add client intake questionnaire
2026-01-18 23:07:40 -0600 08349fc Bind HHI-GOV-01 to upstream authority chain
2026-01-19 09:16:33 -0600 1436b4c Stabilize governance check workflow (manual execution)
2026-01-19 12:48:26 -0600 c69bd47 Add governance-lock authority notice
2026-01-20 01:03:57 -0600 2cfc0d4 Update README.md
2026-01-22 19:12:03 -0600 26fd5ef Readiness: make governance canon explicit
2026-01-24 23:19:52 -0600 9f93526 Merge branch 'main' into readiness-clarity
2026-01-24 23:20:04 -0600 db75217 Merge pull request #1 from hollowhouseinstitute/readiness-clarity
2026-02-02 12:28:38 -0600 da06da7 Update README.md
2026-02-03 17:25:13 -0600 9ad590d Add governance lock notice for HHI_GOV_01
2026-02-04 16:02:57 -0600 4417a8d Add canonical checksums for governance lock
2026-02-05 17:53:26 -0600 4c0d13c add execution-time governance workflow diagram
2026-02-05 17:55:32 -0600 ca88186 docs: reference execution-time governance workflow diagram
2026-02-05 17:55:59 -0600 bf19053 lock: add execution-time governance workflow diagram checksum
2026-02-05 18:04:40 -0600 8c44786 lock: add checksum for execution-time governance workflow diagram
2026-02-05 18:05:31 -0600 b110b49 lock: register execution-time governance workflow diagram
2026-02-06 20:44:58 -0600 dfb3935 fix(ci): quote on key and repair governance-check workflow YAML
2026-02-06 20:52:35 -0600 2bc50a0 build(governance): add approval, lock, and enforcement scaffolding
2026-02-09 13:32:31 -0600 7d166e4 build(governance): add drift metrics pack, compliance matrix, and implementation patterns
2026-02-09 13:39:12 -0600 f4fbba2 build(governance): normalize clauses, add compliance template, wire evidence paths, map metrics
2026-02-09 13:43:36 -0600 7f5dece build(governance): add ISO/NIST crosswalks, CI gate, and audit pack tooling
2026-02-10 02:05:25 -0600 81cad45 docs(governance): add research outputs TOC mapped to standards
2026-02-10 02:07:28 -0600 7583a97 docs(governance): add research outputs table of contents
2026-02-10 02:20:55 -0600 e5e7a69 chore: ignore local audit and packaging artifacts
2026-02-11 09:17:37 -0600 2eca978 Add non-authoritative reference to downstream audit evidence
2026-02-12 07:50:31 -0600 ea64ecb docs: add non-authoritative downstream evidence reference
2026-02-12 10:58:22 -0600 4fc2678 docs(governance): add canonical HHI-GOV-01 standard document
2026-02-14 14:35:34 -0600 de48df4 chore(governance): validate and lint governance CI workflow
2026-02-14 14:38:47 -0600 bbdb1ce ci(governance): add governance check script for CI enforcement
2026-02-14 21:56:15 -0600 55467e8 docs(governance): add human regulator control profile + training guide; instrument compliance rows
2026-02-14 21:56:54 -0600 fac3cb7 chore(integrity): add checksums for NSG-TB human regulator artifacts
2026-02-18 15:39:58 -0600 3e90b88 chore: add HHI governance reference
2026-03-15 02:17:09 -0500 1a30547 Disable GitHub Actions workflows (not required for standards repository)
2026-03-15 03:43:48 -0500 982a1ac Add Master Prompt Specification reference
2026-03-15 20:38:21 -0500 b458c8b Add explicit glossary identifier references linking governance standard to canonical terminology
2026-03-15 20:39:14 -0500 8e102eb Add governance diagram, scenarios, terminology references, citation metadata, and conformance checklist for HHI_GOV_01
2026-03-17 20:39:27 -0500 1f270bf Add canonical governance enforcement block (terminology propagation)
2026-03-19 20:05:07 -0500 b2e8b9e Add system map + checksums for audit integrity
2026-03-31 17:56:55 -0500 2cbe054 Add SYSTEM_MAP (cross-layer authority binding)
2026-03-31 18:00:40 -0500 0308a80 Add governance-check workflow (Execution-Time enforcement)
2026-03-31 18:03:01 -0500 d21d3be Upgrade to governance-check v2 (Authority + integrity enforcement)
2026-03-31 18:08:28 -0500 3064eed Upgrade to governance-check v3 (audit-grade enforcement)
2026-03-31 18:11:45 -0500 c88ba74 Repair org governance alignment for v3 enforcement
2026-03-31 18:21:01 -0500 47d5e80 Trigger governance run
2026-03-31 18:22:41 -0500 6550b4e Allow artifact generation on failure (telemetry fix)
2026-03-31 18:22:56 -0500 703ab44 Trigger telemetry-safe run
2026-03-31 18:24:22 -0500 152be46 Force artifact generation (v4 fix)
2026-03-31 18:24:42 -0500 b723f15 Trigger artifact fix
2026-03-31 18:26:03 -0500 6ee760a Rebuild workflow (v4 stable)
2026-03-31 18:26:13 -0500 a1dc666 Trigger clean workflow
2026-03-31 18:27:33 -0500 87dcf8e Install minimal working workflow (debug)
2026-03-31 18:27:42 -0500 1f41c28 Trigger minimal workflow
2026-03-31 18:29:09 -0500 0305336 Clean CI state
2026-03-31 18:31:20 -0500 c0dc1cf Upgrade to production governance workflow
2026-04-02 17:22:11 -0500 8a78e29 Inject Execution-Time Governance system (CI + telemetry + enforcement)
2026-04-13 09:29:52 -0500 f434829 fix: stabilize workflows + checksum exclusions
2026-04-13 09:50:27 -0500 9398021 fix: correct duplicate on block in workflow
2026-04-13 09:53:00 -0500 a67c0a8 fix: make license enforcement non-blocking
2026-04-13 09:54:53 -0500 095f4bc fix: replace invalid heredoc with safe JSON output
2026-04-13 09:56:59 -0500 e585b09 fix: replace broken workflow with valid YAML
2026-04-14 12:19:07 -0500 48c3fa2 fix: stabilize workflows + checksum
2026-04-19 10:10:46 -0500 e28913c sync: authority + audit + enforcement layer
2026-04-27 19:02:51 -0500 41393d2 fix: checksum alignment
2026-04-27 19:03:01 -0500 7de5ac3 trigger: governance-check rerun
2026-04-28 08:07:30 -0500 054e186 fix: exclude .github from license drift scan
2026-04-28 08:07:42 -0500 82e996e trigger: governance-enforce rerun
2026-04-28 08:09:54 -0500 2d7a2b1 trigger: governance-enforce rerun
2026-04-28 08:19:30 -0500 069fae3 fix: add Hollow_House_Institute as submodule with correct URL
2026-04-29 10:04:56 -0500 879e60e mark: non-canonical dev repo
2026-04-30 12:22:41 -0500 08dc3a7 system_map: repair truncated authority links and restore integrity
2026-05-04 12:36:44 -0500 19a1809 add: HHI Execution-Time Governance Audit Proof (execution enforced)
2026-05-04 12:37:28 -0500 788ca53 enforce: governance telemetry + interaction trace (continuous assurance active)
2026-05-04 12:38:12 -0500 9d059d8 enforce: responsibility binding + interaction trace (control loop established)
2026-05-04 12:40:40 -0500 d29e8a6 log: governance hook activation (execution enforcement bound to telemetry)
2026-05-04 12:41:24 -0500 f09b179 enforce: remote Decision Boundary (GitHub Actions governance enforcement)
2026-05-04 12:42:10 -0500 9f8f406 enforce: escalation + intervention threshold (Stop Authority tied to failure frequency)
2026-05-04 12:42:48 -0500 ffe5200 export: execution-time governance audit proof (market-facing artifact)
2026-05-04 12:44:12 -0500 c4fd3d1 upgrade: governance telemetry log (longitudinal + structured)
2026-05-04 12:44:51 -0500 7c791fd add: AI Risk Register (derived from governance telemetry)
2026-05-04 13:34:19 -0500 bd387d6 fix: bind accountability + pass decision boundary
2026-05-04 13:37:41 -0500 715832e test: trigger decision boundary fail
2026-05-04 13:39:47 -0500 5849d61 audit: add failure interaction trace
2026-05-04 13:41:14 -0500 5b3aec2 release: audit bundle with checksum
2026-05-04 14:22:17 -0500 90116d7 cleanup: remove invalid submodule reference
2026-05-04 14:26:16 -0500 d1c052b docs: add execution-time governance release proof
2026-05-04 14:28:23 -0500 35e0e3f fix: reset telemetry to pass for release state
2026-05-04 14:29:45 -0500 c410f63 add: citation metadata for DOI binding
2026-05-05 10:39:07 -0500 0812a28 Update README.md
2026-05-05 10:40:56 -0500 892561b enforce: execution-time governance (Decision Boundary + Telemetry + Checksum)
2026-05-05 10:55:33 -0500 34fefc7 sync: rebase + checksum (governance aligned)
2026-05-05 10:56:35 -0500 5a30341 final: aligned with remote + checksum (governance enforced)
2026-05-05 10:57:21 -0500 e0574c6 fix: bind telemetry to commit (governance completeness)
2026-05-05 10:58:54 -0500 412eb7b log: governance telemetry event
2026-05-05 11:20:45 -0500 a222352 test: verify telemetry hook
2026-05-05 11:23:05 -0500 a123127 verify: telemetry enforcement
2026-05-05 11:25:41 -0500 1465c64 fix: include telemetry (complete governance binding)
2026-05-05 11:26:47 -0500 d1eb365 log: manual telemetry event
2026-05-05 11:27:35 -0500 4a7d5ec log: manual telemetry event
2026-05-05 11:28:31 -0500 53539ea log: post-hoc telemetry events (classified)
2026-05-05 11:29:09 -0500 961be07 log: post-hoc boundary (single event)
2026-05-05 11:30:05 -0500 3521042 fix: bind governance telemetry to commit (execution-time enforced)
2026-05-05 11:32:44 -0500 411a2ab rerun: trigger governance-check after runner acquisition failure
2026-05-05 11:33:46 -0500 619e4be log: runner acquisition failure (governance surface)
2026-05-05 11:34:43 -0500 459f29c rerun: validate governance after runner recovery
2026-05-05 11:44:27 -0500 10e5802 bind: DOI minted + telemetry + badge
2026-05-05 11:45:27 -0500 5cbb582 bind: DOI interaction trace (release → DOI → badge)
2026-05-05 11:49:57 -0500 be6ecfc log: full authority chain (release → DOI → org → verified)
2026-05-05 11:52:38 -0500 6ab87b0 init: decision boundary map + governance telemetry (execution-time enforcement)
2026-05-05 11:54:10 -0500 b813874 fix: Governance Execution Gate (escaped + enforced)
2026-05-05 11:55:12 -0500 b5b864b feat: Governance Telemetry Log Expansion (v1.1.0)
2026-05-05 11:56:26 -0500 687db82 add: Telemetry Validation Gate (v1.0.0)
2026-05-05 11:57:24 -0500 1f5ea48 add: Unified Governance Runner (v1.0.0)
2026-05-05 11:58:26 -0500 14c7f8c feat: Unified Governance Runner (v1.0.0, stop-authority bound)
2026-05-05 12:00:06 -0500 b140c11 add: Governance Coverage Enforcement (v1.0.0)
2026-05-05 12:01:26 -0500 83226d1 add: STOP Resolution Protocol (v1.0.0)
2026-05-05 12:02:18 -0500 a44caeb add: Governance Telemetry Dashboard (v1.0.0)
2026-05-05 12:03:02 -0500 6bf3ed9 add: Threshold-Based Governance Enforcement (v1.0.0)
2026-05-05 12:04:45 -0500 9b85b51 add: Threshold-Based Governance Enforcement (v1.0.0)
2026-05-05 13:05:14 -0500 361a560 add: Audit Export Layer (v1.0.0)
2026-05-05 13:12:24 -0500 fb054e1 log: DOI binding (10.5281/zenodo.REPLACE)
2026-05-05 13:14:08 -0500 6da7e17 fix: DOI binding (10.5281/zenodo.20042925)
2026-05-05 13:31:11 -0500 a02687b enforce: release-level execution-time governance binding
2026-05-05 13:31:52 -0500 ef8aab2 fix: deterministic telemetry→checksum binding (fail-closed)
2026-05-05 13:32:30 -0500 a42f0ad enforce: repository-level stop authority (governance fail-closed)
2026-05-05 13:33:01 -0500 9e240c5 enforce: authority chain binding (release→CI→DOI)
2026-05-05 13:33:44 -0500 d49dfde enforce: pre-release stop authority (fail-closed gate)
2026-05-05 13:34:26 -0500 69eed5f add: unified authority chain interaction trace (audit artifact)
2026-05-05 13:35:08 -0500 5630cad enforce: governance surface visibility (authority gate)
2026-05-05 13:35:37 -0500 bdcaeac add: standards crosswalk binding (ISO/NIST/EU AI Act)
2026-05-05 13:36:20 -0500 fadf0c8 add: governance state declaration (authority lock)
2026-05-05 13:38:11 -0500 821f271 add: unified governance backlog (telemetry + artifacts binding)
2026-05-05 13:41:51 -0500 af60702 governance: invalidate release v1.0.0-governance-lock (authority drift, post-hoc governance)
2026-05-05 13:45:33 -0500 5cf7a38 governance: invalidate external releases (no authority binding)
2026-05-05 13:50:15 -0500 80f6852 governance: DOI rebind (validated authority)
2026-05-05 13:52:26 -0500 08c34f6 governance: bind canonical DOI to authority release
2026-05-05 13:52:53 -0500 f776b94 log: DOI authority bound (execution-time-governance-v1.0.0)
2026-05-05 13:57:02 -0500 d404e7e fix: enforce repo boundary + remove STOP (execution-time governance)
2026-05-05 13:59:46 -0500 e3adcf8 fix: enforce DOI decision boundary (execution vs terminology)
2026-05-05 14:46:34 -0500 aeb4977 log: release metadata fixed
2026-05-05 15:27:57 -0500 f6bf544 fix: enforce canonical DOI (controlled execution)
2026-05-05 15:34:51 -0500 823d2a3 restore: governance controls (CODEOWNERS + workflows)
2026-05-05 17:20:17 -0500 fd75b8a log: backfill governance telemetry events
2026-05-05 17:20:56 -0500 9628150 update: finalize canonical DOI authority alignment
2026-05-05 17:21:44 -0500 9cfdfd5 log: backfill governance authority artifacts
2026-05-05 17:22:14 -0500 fdfcb72 log: authority layer audit-ready state
2026-05-05 17:22:49 -0500 72e0ba1 log: authority activation record
2026-05-05 17:23:23 -0500 0cec32d log: authority activation state
2026-05-05 17:25:19 -0500 eaaa2ee log: auto telemetry activation state
2026-05-05 17:28:31 -0500 389973e log: governance event
2026-05-05 17:31:22 -0500 6480f29 log: canonical DOI rebound to 41-term glossary authority
2026-05-07 21:25:15 -0500 9a52e8b Add HHI governance runtime architecture
2026-05-07 21:59:24 -0500 922ab85 Add governance packaging structure and operational artifacts
2026-05-07 22:01:02 -0500 122cd40 Add governance continuity model and assurance structure
2026-05-07 22:02:09 -0500 3ceaba6 Add governance standards runtime crosswalk
2026-05-07 22:03:10 -0500 f8e219c Add runtime observability and assurance infrastructure
2026-05-07 22:07:38 -0500 1d691bc Initialize automation and persistence infrastructure layer
2026-05-07 22:12:30 -0500 1f4f565 Add runtime governance infrastructure stack
2026-05-07 22:15:12 -0500 034627c Update governance telemetry continuity artifacts
2026-05-07 22:15:36 -0500 afc61e5 Add governance replay scoring and standards crosswalk infrastructure
2026-05-07 22:16:39 -0500 ba23190 Add immutable audit chains runtime auth and dashboard telemetry
2026-05-07 22:17:30 -0500 c76b108 Add signed runtime release and telemetry aggregation infrastructure
2026-05-07 22:28:34 -0500 abd67c3 Add governance escalation runtime infrastructure
2026-05-07 22:31:13 -0500 0781b2b Add runtime drift monitoring and intervention infrastructure
2026-05-07 22:32:27 -0500 0f95577 Add governance metrics API and runtime snapshot infrastructure
2026-05-07 22:34:02 -0500 ddfe77f Replace deprecated utcnow with timezone-aware UTC timestamps
2026-05-07 22:35:43 -0500 41a31f8 Add governance event streaming and trend analytics infrastructure
2026-05-07 22:36:30 -0500 de46fd9 Add enterprise governance bundle and alert infrastructure
2026-05-07 22:37:20 -0500 ea4452f Add governance webhooks and metrics export infrastructure
2026-05-07 22:39:48 -0500 8eb19e8 Add daemonized governance dashboard infrastructure
2026-05-07 22:45:00 -0500 6b86286 Add governance event bus and unified telemetry schema
2026-05-07 22:47:35 -0500 ff5c0dd Add governance replay engine for telemetry reconstruction
2026-05-07 22:48:26 -0500 fab6a7b Add continuous governance assurance scoring engine
2026-05-07 22:49:29 -0500 8ceda08 Add governance runtime interoperability API
2026-05-07 22:50:58 -0500 3e71ae3 Log runtime continuity validation event
2026-05-07 22:57:46 -0500 bb4bb9f Log governance runtime drift evidence and preserve continuity before runtime path promotion
2026-05-07 23:00:49 -0500 b5cd191 Log canonical governance runtime promotion completion
2026-05-10 05:10:32 -0500 e33b678 Add release signing replay validation and retention enforcement automation
2026-05-10 05:10:59 -0500 3ef7b33 Remove runtime bytecode artifacts from canonical governance state
2026-05-10 05:28:46 -0500 4981ad5 Normalize canonical organization namespace references across governance infrastructure
2026-05-10 05:30:52 -0500 29c9a57 Normalize runtime artifact exclusions and repository continuity state
2026-05-10 05:33:32 -0500 ec12809 Log namespace normalization governance telemetry
2026-05-10 05:36:18 -0500 8bfdc1c Log governance runtime continuity telemetry
2026-05-14 12:00:37 -0500 7f93c76 Normalize HHI_GOV_01 authority and namespace references
2026-05-15 06:13:27 -0500 f7a9807 Add governance architecture diagram set
2026-05-15 06:14:05 -0500 98a3364 Sync governance diagram state
2026-05-15 07:59:18 -0500 8016b96 Standardize top five HHI repository navigation
2026-05-15 08:28:07 -0500 e6d25cf Normalize README ecosystem architecture and onboarding structure
2026-05-15 08:28:56 -0500 da919de Stabilize README normalization state
2026-05-15 08:29:20 -0500 bcfad9f Finalize README normalization continuity state
2026-05-16 22:10:33 -0500 3757f57 Add execution-time runtime enforcement engine architecture and governance runtime structure
2026-05-16 22:11:16 -0500 ec9832b Expose runtime enforcement engine in governance surface
2026-05-16 22:11:24 -0500 c50e19b Add runtime enforcement engine checksum binding
2026-05-16 22:11:57 -0500 c0aa12d Add canonical governance event schema
2026-05-16 22:13:02 -0500 b100c16 Add canonical governance event schema
2026-05-16 22:13:44 -0500 765b6f6 Add LOCK_MANIFEST and replay continuity schemas
2026-05-16 22:14:54 -0500 d99557a Add append-only governance telemetry emitter
2026-05-16 22:15:26 -0500 ff23a37 Add deterministic replay validation engine
2026-05-16 22:28:30 -0500 5728a05 Add Decision Boundary precheck enforcement engine
2026-05-16 22:31:34 -0500 b154601 Add integrated runtime enforcement runner
2026-05-16 22:33:08 -0500 81ff62c Add escalation persistence and longitudinal governance state
2026-05-16 22:33:49 -0500 55f9ed2 Integrate escalation persistence into runtime enforcement flow
2026-05-16 23:14:19 -0500 3766b65 Add execution-time governance runtime lock
2026-05-18 07:10:31 -0500 6bfe2bb Add missing persistent Stop Authority module
2026-05-18 07:11:31 -0500 397a331 Validate integrated Stop Authority runtime enforcement flow
2026-05-20 02:21:27 -0500 ce2bb0a Add HHI governed authorship provenance artifacts
2026-05-22 19:48:44 -0500 db43074 governance: establish canonical telemetry ownership and operational boundaries
2026-05-22 19:52:41 -0500 648a0cd governance: establish telemetry consolidation policy
2026-05-22 20:00:57 -0500 fc5999f governance: formalize telemetry migration state
===== /data/data/com.termux/files/home/HHI/HHI_Governance_Failure_Observatory =====
2026-05-19 21:15:38 -0500 6fd238b Initialize HHI Governance Failure Observatory
2026-05-19 21:19:57 -0500 a4ef0fb Add governance failure observatory overview structure
2026-05-20 02:21:29 -0500 c6e2f8a Add HHI governed authorship provenance artifacts
===== /data/data/com.termux/files/home/HHI/HHI_Human_Continuity_Archive =====
2026-05-23 07:10:55 -0500 ee0630b initialize human continuity archive and lineage logging infrastructure
2026-05-23 07:17:50 -0500 25cd004 archive replay-capable behavioral provenance continuity session
===== /data/data/com.termux/files/home/HHI/HHI_Local_AI_Governance_Framework =====
2026-05-07 15:07:52 -0500 aa233bb Initialize HHI Local AI governance framework infrastructure
2026-05-07 15:09:58 -0500 11cb570 Add telemetry schema and governance crosswalk artifacts
2026-05-07 15:10:52 -0500 75042e3 Add governance architecture and runtime telemetry artifacts
2026-05-07 15:12:36 -0500 d30dc1c Add executable governance controls and validation workflow
2026-05-07 15:13:27 -0500 86bb080 Add governance architecture diagrams and release notes
2026-05-07 15:16:52 -0500 f321a95 Clean release and article formatting
2026-05-08 16:00:02 -0500 3795ebd Add Zenodo DOI authority binding for v0.1.1 release
2026-05-08 19:16:44 -0500 c5c142b Fix governance workflow event triggers
2026-05-08 19:18:09 -0500 041c94d Add governance enforcement validation workflow
2026-05-08 19:21:03 -0500 4e3e515 Add runtime governance telemetry persistence layer
2026-05-08 19:21:41 -0500 a477607 Add governance runtime logging and export infrastructure
2026-05-08 19:22:38 -0500 65b6842 Add append-only governance event logging
2026-05-08 19:23:08 -0500 8b3ed8d Add governance telemetry replay capability
2026-05-08 19:24:01 -0500 cb2db91 Add governance continuity scoring
2026-05-08 19:24:49 -0500 81ce750 Add governance drift monitoring primitive
2026-05-08 19:25:23 -0500 f1afb2d Add governance escalation engine primitive
2026-05-08 19:26:06 -0500 477e2c4 Add governance intervention orchestration primitive
2026-05-08 19:26:42 -0500 f461173 Add Stop Authority enforcement primitive
2026-05-08 19:27:22 -0500 89b56b4 Add unified governance status aggregation
2026-05-08 19:28:02 -0500 682b43c Add governance event streaming primitive
2026-05-08 19:28:38 -0500 2fd3abc Add governance snapshot recovery infrastructure
2026-05-08 19:29:18 -0500 52a57ab Add governance metrics export infrastructure
2026-05-08 19:29:48 -0500 5751b62 Add governance observability API
2026-05-08 19:30:30 -0500 935e379 Add continuous governance daemon infrastructure
2026-05-08 19:31:28 -0500 25ea900 Add governance runtime dashboard UI
2026-05-08 19:32:07 -0500 ba87f6b Add governance runtime deployment infrastructure
2026-05-08 19:33:03 -0500 889ad36 Add governance standards interoperability export
2026-05-08 19:33:47 -0500 bb81d45 Add governance release integrity signing
2026-05-08 19:35:13 -0500 559c26d Add automated governance continuity cycle
2026-05-08 19:38:56 -0500 f8e6387 Bind Zenodo DOI to governance runtime release
2026-05-08 19:45:24 -0500 5746a17 Add governance runtime API evidence artifacts
2026-05-08 20:38:30 -0500 112369b Add governance runtime communication and visualization artifacts
2026-05-09 19:26:59 -0500 c3bb6cc Add live runtime governance telemetry and execution evidence
2026-05-09 22:56:37 -0500 c2abc98 Add Zenodo citation for runtime governance release
2026-05-09 23:14:55 -0500 db2137b Add Gemma runtime governance evidence and telemetry artifacts
2026-05-09 23:20:50 -0500 1ebc2b6 Update README with v0.3.0 Zenodo DOI
2026-05-10 05:31:08 -0500 f1c7369 Normalize runtime artifact exclusions and repository continuity state
2026-05-20 02:21:31 -0500 06bb1b0 Add HHI governed authorship provenance artifacts
===== /data/data/com.termux/files/home/HHI/HHI_Runtime_Racing_Governance =====
2026-05-11 20:58:59 -0500 6a61a37 Initialize HHI Runtime Racing Governance execution-time governance infrastructure
2026-05-11 21:01:42 -0500 7bf741b Add telemetry simulation and explainability runtime layer
2026-05-11 21:03:24 -0500 424edbf Connect governance runtime to telemetry and explainability engine
2026-05-11 21:04:06 -0500 b3d8063 Add telemetry-aware governance runtime responses
2026-05-20 02:21:31 -0500 d00b119 Add HHI governed authorship provenance artifacts
